{"type":"FeatureCollection","features":[{"type":"Feature","id":"lt_c_aisprhc.1","geometry":{"type":"MultiPolygon","coordinates":[[[[129.30193551,35.35786579],[129.30630335,35.35767334],[129.3106212,35.35709845],[129.31689449,35.3555342],[129.32278029,35.35316555],[129.32641218,35.35116884],[129.32976207,35.34886467],[129.33279149,35.34627954],[129.33546441,35.34344293],[129.33775086,35.34038836],[129.33962432,35.3371503],[129.34106279,35.33376627],[129.34205079,35.33027524],[129.34266332,35.32492647],[129.34248536,35.32134595],[129.34184041,35.31780142],[129.34001453,35.3126421],[129.33824562,35.30936503],[129.33605823,35.30626193],[129.33347835,35.30336931],[129.33053498,35.30071964],[129.32726212,35.29834444],[129.32369778,35.2962697],[129.31988293,35.29452041],[129.31586159,35.29311608],[129.31167975,35.29207369],[129.30738592,35.29140425],[129.30084316,35.29111575],[129.29648632,35.29140419],[129.29219247,35.29207357],[129.28801062,35.2931159],[129.28398925,35.29452019],[129.27835843,35.29726729],[129.27493504,35.29949547],[129.27182213,35.30201161],[129.26781374,35.30626152],[129.26562629,35.30936459],[129.26385733,35.31264163],[129.26203135,35.31780093],[129.26138634,35.32134545],[129.26120831,35.32492597],[129.26182074,35.33027475],[129.26280867,35.33376579],[129.26424709,35.33714984],[129.26612049,35.34038792],[129.26840688,35.34344252],[129.27107975,35.34627916],[129.27410912,35.34886433],[129.27745898,35.35116854],[129.28109082,35.3531653],[129.28697659,35.35553401],[129.29324984,35.35709834],[129.29756768,35.35767329],[129.30193551,35.35786579]]]]},"geometry_name":"ag_geom","properties":{"zone_type":"비행금지구역","layer":"lt_c_aisprhc","name":"RK P61A","upper":"SFC","lower":"10000ft AMSL","color":"#d32f2f","dist_km":66.21},"bbox":[129.26120831,35.29111575,129.34266332,35.35786579]},{"type":"Feature","id":"lt_c_aisprhc.2","geometry":{"type":"MultiPolygon","coordinates":[[[[129.3019343,35.49138783],[129.31074398,35.4912319],[129.32173108,35.49059906],[129.33266069,35.48948127],[129.34134038,35.48823999],[129.34994657,35.48669325],[129.36057571,35.48433364],[129.37103285,35.48150758],[129.37925457,35.47891598],[129.38932573,35.47527203],[129.39719947,35.47203952],[129.40489522,35.46853153],[129.41424142,35.46376873],[129.42148269,35.45966583],[129.43021792,35.45418262],[129.43857767,35.44832146],[129.44497898,35.44337167],[129.45260226,35.43687359],[129.45838459,35.43143785],[129.46519941,35.42436485],[129.47030877,35.41849517],[129.47625112,35.41091372],[129.48063902,35.40466609],[129.48565291,35.3966477],[129.48927833,35.3900806],[129.49255377,35.38339152],[129.49614622,35.37487719],[129.49917219,35.36621687],[129.50117917,35.35919983],[129.50281368,35.35211829],[129.5043297,35.343196],[129.50525575,35.33421971],[129.50558932,35.32521542],[129.50542889,35.31800989],[129.504695,35.30902159],[129.5036826,35.30186255],[129.50188925,35.29297523],[129.50003538,35.28593017],[129.49719956,35.27722732],[129.49452173,35.27036272],[129.49067094,35.26192633],[129.48627168,35.25367191],[129.48133744,35.24562446],[129.47701365,35.23935028],[129.47115244,35.23173277],[129.46479974,35.22438571],[129.45937649,35.21871694],[129.45218781,35.21190881],[129.44612158,35.20669797],[129.43978786,35.2017061],[129.43151222,35.19578935],[129.42286109,35.19024704],[129.41568639,35.18609355],[129.40642278,35.18126514],[129.39879259,35.17770157],[129.39098291,35.17441096],[129.38099081,35.1706919],[129.37076922,35.16741978],[129.36244704,35.16513053],[129.35188795,35.1626868],[129.34118486,35.160713],[129.33253869,35.15947661],[129.3216536,35.15836319],[129.31071101,35.15773271],[129.30193734,35.15757767],[129.29316366,35.1577326],[129.28222106,35.15836295],[129.27133595,35.15947623],[129.26268975,35.16071251],[129.25198663,35.16268618],[129.2414275,35.16512979],[129.23310528,35.16741893],[129.22288363,35.17069093],[129.21289146,35.17440987],[129.20508172,35.17770038],[129.19745147,35.18126386],[129.18818776,35.18609215],[129.18101299,35.19024555],[129.17236176,35.19578776],[129.16408601,35.20170441],[129.1577522,35.2066962],[129.15168587,35.21190697],[129.14449707,35.21871501],[129.13907372,35.22438372],[129.13272089,35.23173069],[129.12685954,35.23934813],[129.12253564,35.24562226],[129.11760124,35.25366965],[129.11320183,35.26192402],[129.1093509,35.27036036],[129.10667293,35.27722493],[129.10383696,35.28592774],[129.10198296,35.29297278],[129.10018945,35.30186008],[129.09917692,35.30901911],[129.09844286,35.3180074],[129.0982823,35.32521293],[129.09861571,35.33421722],[129.09954159,35.34319352],[129.10105745,35.35211583],[129.10269183,35.35919739],[129.10469869,35.36621446],[129.1077245,35.37487482],[129.11131679,35.38338919],[129.11459211,35.39007831],[129.11821742,35.39664545],[129.12323116,35.40466391],[129.12761894,35.41091159],[129.13356115,35.41849311],[129.13867041,35.42436285],[129.1454851,35.43143594],[129.15126733,35.43687175],[129.15889049,35.44336992],[129.16529171,35.44831979],[129.17365135,35.45418105],[129.18238648,35.45966437],[129.18962768,35.46376736],[129.19897379,35.46853028],[129.20666948,35.47203835],[129.21454316,35.47527097],[129.22461425,35.47891504],[129.23283593,35.48150674],[129.24329302,35.48433292],[129.25392211,35.48669267],[129.26252828,35.48823951],[129.27120794,35.4894809],[129.28213753,35.49059882],[129.29312462,35.4912318],[129.3019343,35.49138783]]]]},"geometry_name":"ag_geom","properties":{"zone_type":"비행금지구역","layer":"lt_c_aisprhc","name":"RK P61B","upper":"SFC","lower":"FL180","color":"#d32f2f","dist_km":51.39},"bbox":[129.0982823,35.15757767,129.50558932,35.49138783]},{"type":"Feature","id":"lt_c_aisprhc.3","geometry":{"type":"MultiPolygon","coordinates":[[[[129.47610074,35.75091119],[129.48048938,35.75071888],[129.48482755,35.75014368],[129.48906524,35.7491931],[129.49315296,35.74787762],[129.4989016,35.74525409],[129.50241441,35.74310085],[129.50562375,35.74065369],[129.50849213,35.73793961],[129.51098756,35.73499058],[129.51396803,35.73020063],[129.51596759,35.72508325],[129.51672868,35.72155485],[129.51702182,35.71797995],[129.51657759,35.71262157],[129.51569732,35.70911161],[129.51436109,35.70569861],[129.51153604,35.70084701],[129.50913787,35.69784535],[129.50635922,35.69507112],[129.50323209,35.69255529],[129.49979248,35.69032737],[129.49413507,35.68758054],[129.49009497,35.68617684],[129.48589336,35.68513404],[129.48157925,35.68446511],[129.47720213,35.68417657],[129.47062866,35.68446479],[129.46631449,35.68513346],[129.46211279,35.68617601],[129.45807256,35.68757947],[129.4542393,35.68932832],[129.450658,35.69140208],[129.44737017,35.69377726],[129.4444123,35.69642586],[129.44181988,35.69931791],[129.43962243,35.70241989],[129.43784493,35.70569634],[129.43650839,35.70910926],[129.4356273,35.71261917],[129.4351826,35.71797752],[129.43579781,35.72332491],[129.43679008,35.72681537],[129.4382358,35.73019838],[129.44121584,35.73498851],[129.4437105,35.73793769],[129.44657915,35.74065194],[129.44978827,35.74309929],[129.45330038,35.74525274],[129.45904929,35.74787661],[129.46313689,35.74919233],[129.467374,35.75014316],[129.47171211,35.75071862],[129.47610074,35.75091119]]]]},"geometry_name":"ag_geom","properties":{"zone_type":"비행금지구역","layer":"lt_c_aisprhc","name":"RK P62A","upper":"SFC","lower":"10000ft AMSL","color":"#d32f2f","dist_km":99.28},"bbox":[129.4351826,35.68417657,129.51702182,35.75091119]},{"type":"Feature","id":"lt_c_aisprhc.4","geometry":{"type":"MultiPolygon","coordinates":[[[[129.47609478,35.88440143],[129.48715737,35.88415833],[129.49598617,35.88361326],[129.50477698,35.88275828],[129.51568814,35.88125557],[129.52648333,35.87927499],[129.53501471,35.87735033],[129.54552197,35.874525],[129.5537824,35.87193454],[129.56189736,35.86905566],[129.57181271,35.86505967],[129.57954473,35.86155247],[129.58893566,35.85679121],[129.59799564,35.85162355],[129.60498826,35.84720711],[129.61338782,35.84134715],[129.61981901,35.83639885],[129.62747867,35.82990206],[129.63328843,35.82446839],[129.64013568,35.81739626],[129.64526901,35.8115287],[129.65123935,35.80394869],[129.65564827,35.79770223],[129.65972122,35.7913068],[129.6643287,35.78312044],[129.66761922,35.77643308],[129.6712288,35.76792078],[129.67370741,35.76100447],[129.67628558,35.75224671],[129.67827981,35.74338848],[129.67945103,35.73624719],[129.68038135,35.72727296],[129.68071623,35.71827071],[129.68055506,35.7110669],[129.67981802,35.70208062],[129.67880093,35.69492328],[129.67699897,35.68603793],[129.67513644,35.67899452],[129.67228706,35.67029359],[129.66886773,35.6617306],[129.66572829,35.65499606],[129.66130852,35.64674394],[129.65738414,35.64028929],[129.65200643,35.63242553],[129.64733559,35.62631226],[129.64105044,35.61891082],[129.63428682,35.61179679],[129.62706422,35.60499065],[129.62096946,35.59978055],[129.6129744,35.59357771],[129.60458286,35.58773574],[129.59759963,35.58333337],[129.58855611,35.57818267],[129.5810849,35.57435311],[129.5714739,35.56994217],[129.56358469,35.56672191],[129.55349719,35.56309172],[129.54318519,35.55991088],[129.53479448,35.5576958],[129.52415447,35.5553457],[129.51554126,35.55380492],[129.50467373,35.55230755],[129.49591849,35.55145555],[129.48492493,35.55082491],[129.47610967,35.5506697],[129.46729489,35.55082439],[129.45630128,35.55145437],[129.44754597,35.55230585],[129.4366783,35.55380257],[129.42806445,35.55534284],[129.41742473,35.55769231],[129.40903382,35.55990689],[129.39872154,35.56308711],[129.38863371,35.56671671],[129.37879885,35.57078468],[129.37113282,35.57434687],[129.36182538,35.57917412],[129.35284939,35.58440326],[129.34592477,35.5888667],[129.33924111,35.59356957],[129.331246,35.59977194],[129.32367033,35.60631722],[129.31653712,35.61318592],[129.30986685,35.62035904],[129.3048775,35.62630208],[129.29908864,35.63396907],[129.29482721,35.64027852],[129.28997525,35.64836741],[129.28648224,35.6549848],[129.28261269,35.66341911],[129.2799216,35.67028194],[129.27707195,35.6789827],[129.27520879,35.686026],[129.2737191,35.6931278],[129.27238831,35.70206853],[129.27175004,35.70925482],[129.27148816,35.71825857],[129.27182273,35.72726084],[129.27275225,35.73623513],[129.27427423,35.74515495],[129.27591627,35.75223484],[129.27849367,35.76099275],[129.28097115,35.76790921],[129.28457997,35.77642172],[129.2878704,35.78310928],[129.29151231,35.78967489],[129.29654953,35.79769159],[129.30095739,35.80393831],[129.30692755,35.81151868],[129.31339169,35.81882514],[129.31890698,35.82445908],[129.32621307,35.83121924],[129.33237483,35.83639034],[129.34045439,35.8425407],[129.34720512,35.84719948],[129.35598115,35.85268157],[129.36325686,35.85678453],[129.37264687,35.86154635],[129.38037857,35.86505401],[129.38828977,35.86828626],[129.39840877,35.87192994],[129.40666897,35.8745209],[129.41717548,35.87734684],[129.42570668,35.87927201],[129.4365017,35.88125322],[129.44741323,35.88275659],[129.45620396,35.88361208],[129.46503221,35.88415768],[129.47609478,35.88440143]]]]},"geometry_name":"ag_geom","properties":{"zone_type":"비행금지구역","layer":"lt_c_aisprhc","name":"RK P62B","upper":"SFC","lower":"FL180","color":"#d32f2f","dist_km":84.4},"bbox":[129.27148816,35.5506697,129.68071623,35.88440143]},{"type":"Feature","id":"lt_c_aisprhc.5","geometry":{"type":"MultiPolygon","coordinates":[[[[126.41943984,35.44453435],[126.42381279,35.44434201],[126.42813576,35.4437672],[126.43441625,35.44220301],[126.43839727,35.44070973],[126.44215982,35.43887596],[126.44729892,35.43553333],[126.45033152,35.43294807],[126.45300813,35.43011132],[126.45529726,35.42705657],[126.45717291,35.42381831],[126.45916515,35.41869915],[126.45992383,35.41516987],[126.46021602,35.41159407],[126.46003821,35.40801325],[126.45939241,35.40446842],[126.45756471,35.39930863],[126.45579392,35.39603124],[126.45360411,35.39292833],[126.45102131,35.39003489],[126.44807449,35.38738542],[126.44479817,35.38500943],[126.44122983,35.38293491],[126.43741098,35.38118537],[126.43338461,35.3797808],[126.42705978,35.37835565],[126.42272337,35.37787602],[126.41834894,35.37777987],[126.411827,35.3783551],[126.40757802,35.3792124],[126.40346601,35.38043769],[126.39953749,35.38201646],[126.39583844,35.38393123],[126.39241087,35.38615949],[126.38929428,35.38867574],[126.38528111,35.39292587],[126.38309148,35.39602863],[126.38132033,35.39930589],[126.37949157,35.40446555],[126.37884589,35.40801033],[126.37866721,35.41159114],[126.37895901,35.41516696],[126.37971731,35.4186963],[126.38093361,35.42213916],[126.3825939,35.42545554],[126.38467871,35.42860645],[126.38716501,35.43155688],[126.39158173,35.43553133],[126.39672048,35.43887433],[126.40048283,35.44070837],[126.40446369,35.44220193],[126.41074401,35.44376657],[126.41506692,35.4443417],[126.41943984,35.44453435]]]]},"geometry_name":"ag_geom","properties":{"zone_type":"비행금지구역","layer":"lt_c_aisprhc","name":"RK P63A","upper":"SFC","lower":"10000ft AMSL","color":"#d32f2f","dist_km":192.17},"bbox":[126.37866721,35.37777987,126.46021602,35.44453435]},{"type":"Feature","id":"lt_c_aisprhc.6","geometry":{"type":"MultiPolygon","coordinates":[[[[126.41943268,35.57806472],[126.42825256,35.57790954],[126.43925293,35.57727697],[126.45019433,35.57615942],[126.45888477,35.5749183],[126.46964122,35.57293729],[126.4781422,35.5710122],[126.4886117,35.56818622],[126.49684272,35.56559466],[126.50492876,35.5627151],[126.51480883,35.55871817],[126.5225134,35.55521013],[126.53187052,35.55044772],[126.53912064,35.5463442],[126.5478663,35.54086081],[126.55459345,35.5362013],[126.56264467,35.53004942],[126.56878535,35.52487791],[126.57606611,35.51811554],[126.58288939,35.51104216],[126.58800463,35.50517216],[126.59280439,35.49912765],[126.59834722,35.49134227],[126.60240601,35.48494476],[126.60699738,35.47675636],[126.61027669,35.47006684],[126.61387359,35.46155192],[126.61634343,35.45463388],[126.61891286,35.44587344],[126.62054972,35.43879188],[126.62206767,35.42986891],[126.62299514,35.42089192],[126.62332912,35.41188741],[126.62316901,35.40468129],[126.6224345,35.39569225],[126.6214214,35.38853259],[126.6196259,35.3796445],[126.61777031,35.37259931],[126.61493181,35.36389568],[126.61152432,35.35533001],[126.60839623,35.34859326],[126.60491663,35.34197399],[126.60008264,35.33388225],[126.59472364,35.32601597],[126.58885613,35.31839767],[126.58380702,35.3124968],[126.5770675,35.30538044],[126.57134538,35.29990802],[126.56379784,35.2933606],[126.55583129,35.28715565],[126.54917214,35.28245066],[126.54051106,35.27690764],[126.53332839,35.2727541],[126.52593471,35.26885755],[126.51641609,35.26436094],[126.50661645,35.26029081],[126.49859372,35.25735017],[126.49042398,35.25469602],[126.48002879,35.2517883],[126.46945858,35.24934355],[126.46089629,35.24772633],[126.45008703,35.24613302],[126.44137471,35.24520326],[126.43042841,35.2444759],[126.41945058,35.24423302],[126.40847273,35.24447511],[126.39752685,35.24520168],[126.38881392,35.24613081],[126.378005,35.24772334],[126.36731554,35.24979135],[126.35887156,35.25178393],[126.34847605,35.2546909],[126.34030603,35.25734447],[126.33228299,35.26028452],[126.32248292,35.26435395],[126.31296431,35.26884987],[126.30556971,35.2727459],[126.2983866,35.27689892],[126.28972493,35.28244131],[126.28143973,35.2883582],[126.27509855,35.2933502],[126.26902486,35.29856121],[126.2618271,35.30536909],[126.25508682,35.31248497],[126.25003708,35.31838547],[126.24530232,35.32445898],[126.23983948,35.33227737],[126.23489862,35.34032526],[126.23049374,35.34857966],[126.22736493,35.35531619],[126.22395702,35.36388161],[126.22111709,35.37258505],[126.21926074,35.37963011],[126.21746429,35.38851807],[126.21645042,35.39567765],[126.21581504,35.40286625],[126.21555406,35.41187276],[126.21577318,35.41907788],[126.21658118,35.42806243],[126.21798018,35.43699851],[126.21952278,35.44409419],[126.22197577,35.45287681],[126.22500426,35.46153796],[126.22860025,35.47005313],[126.23187935,35.47674289],[126.23550844,35.48331017],[126.24052744,35.49132943],[126.24606944,35.49911521],[126.25086854,35.50516006],[126.25598316,35.51103043],[126.26280568,35.5181043],[126.27008571,35.5248672],[126.27622584,35.53003914],[126.28427639,35.5361916],[126.29100305,35.5408516],[126.29974812,35.54633562],[126.3069978,35.55043966],[126.31635441,35.55520274],[126.32405861,35.55871133],[126.33393825,35.56270897],[126.34202397,35.56558911],[126.35025472,35.56818126],[126.36072391,35.57100799],[126.36922468,35.57293369],[126.37998142,35.57491547],[126.38867123,35.57615721],[126.39961301,35.57727555],[126.41061281,35.57790891],[126.41943268,35.57806472]]]]},"geometry_name":"ag_geom","properties":{"zone_type":"비행금지구역","layer":"lt_c_aisprhc","name":"RK P63B","upper":"SFC","lower":"FL180","color":"#d32f2f","dist_km":177.33},"bbox":[126.21555406,35.24423302,126.62332912,35.57806472]},{"type":"Feature","id":"lt_c_aisprhc.7","geometry":{"type":"MultiPolygon","coordinates":[[[[129.3833335,37.1333755],[129.387802,37.133183],[129.392219,37.132608],[129.3986365,37.131044],[129.4046575,37.1286755],[129.4083735,37.126679],[129.4118005,37.1243755],[129.414899,37.1217905],[129.4176335,37.1189545],[129.419972,37.1159],[129.4218885,37.1126625],[129.423924,37.1075445],[129.424699,37.104016],[129.424997,37.100441],[129.424815,37.096861],[129.424155,37.093317],[129.4230245,37.0898505],[129.421437,37.0865005],[129.4182395,37.0817795],[129.4156,37.0788875],[129.412589,37.0762385],[129.409241,37.073863],[129.4055945,37.071789],[129.399659,37.069294],[129.395457,37.068069],[129.3911155,37.067212],[129.3866845,37.0667325],[129.382215,37.0666365],[129.3777585,37.0669245],[129.373366,37.067594],[129.369088,37.0686365],[129.3649745,37.07004],[129.361072,37.071789],[129.3574255,37.073863],[129.352528,37.0775305],[129.348427,37.0817795],[129.3461895,37.084882],[129.34438,37.0881585],[129.343019,37.0915715],[129.3421225,37.095082],[129.3416695,37.100441],[129.341968,37.104016],[129.3427425,37.1075445],[129.3439855,37.1109865],[129.345682,37.114302],[129.3478125,37.1174525],[129.350353,37.120402],[129.3548665,37.1243755],[129.3582935,37.126679],[129.362009,37.1286755],[129.36803,37.131044],[129.3744475,37.132608],[129.3788645,37.133183],[129.3833335,37.1333755]]]]},"geometry_name":"ag_geom","properties":{"zone_type":"비행금지구역","layer":"lt_c_aisprhc","name":"RK P64A","upper":"SFC","lower":"8000 ft AMSL","color":"#d32f2f","dist_km":222.83},"bbox":[129.3416695,37.0666365,129.424997,37.1333755]},{"type":"Feature","id":"lt_c_aisprhc.8","geometry":{"type":"MultiPolygon","coordinates":[[[[129.3833335,37.2668755],[129.392347,37.2667195],[129.403588,37.2660865],[129.41254,37.265231],[129.423651,37.2637275],[129.4346435,37.2617465],[129.4433305,37.259821],[129.4540295,37.256995],[129.462441,37.2544035],[129.4727445,37.25076],[129.4808005,37.2475275],[129.488673,37.2440195],[129.498235,37.239257],[129.5056435,37.2351535],[129.51458,37.229671],[129.523132,37.22381],[129.52968,37.2188605],[129.5359545,37.213689],[129.5433935,37.206928],[129.550365,37.199855],[129.555591,37.193986],[129.561669,37.186405],[129.566157,37.180158],[129.5703035,37.1737615],[129.5749935,37.165574],[129.579124,37.1571955],[129.582017,37.1503725],[129.585111,37.141713],[129.5876165,37.132932],[129.589192,37.1258375],[129.5906205,37.116904],[129.591445,37.1079215],[129.591668,37.100718],[129.591503,37.093513],[129.5907505,37.0845265],[129.5893945,37.0755855],[129.5878775,37.068483],[129.585446,37.0596895],[129.5830775,37.052738],[129.580337,37.045875],[129.5763965,37.0374405],[129.5728395,37.0308225],[129.567899,37.0227335],[129.5635595,37.0164235],[129.5576655,37.0087565],[129.5512655,37.001355],[129.5457935,36.99564],[129.538531,36.988771],[129.530818,36.9822255],[129.5226775,36.976023],[129.515873,36.97132],[129.5088225,36.9668565],[129.499684,36.961627],[129.4902085,36.9568],[129.480423,36.952389],[129.472391,36.949169],[129.4621205,36.9455395],[129.4516215,36.942359],[129.443079,36.9401445],[129.4344255,36.938227],[129.4234775,36.936254],[129.414634,36.9350185],[129.4035,36.9339055],[129.3923075,36.933275],[129.3833335,36.93312],[129.374359,36.933275],[129.3631665,36.9339055],[129.3520325,36.9350185],[129.343189,36.936254],[129.332241,36.938227],[129.3235875,36.9401445],[129.3129285,36.942959],[129.302473,36.94623],[129.2922515,36.949948],[129.284263,36.9532375],[129.2745375,36.9577325],[129.2669825,36.961627],[129.257844,36.9668565],[129.2507935,36.97132],[129.243989,36.976023],[129.2358485,36.9822255],[129.228136,36.988771],[129.220873,36.99564],[129.215401,37.001355],[129.209001,37.0087565],[129.203107,37.0164235],[129.198768,37.0227335],[129.193827,37.0308225],[129.19027,37.0374405],[129.18633,37.045875],[129.1835895,37.052738],[129.1812205,37.0596895],[129.178789,37.068483],[129.176953,37.077369],[129.175916,37.0845265],[129.175164,37.093513],[129.1749985,37.100718],[129.175338,37.1097205],[129.1762835,37.1186955],[129.177833,37.1276165],[129.179504,37.134697],[129.1815555,37.141713],[129.1846495,37.1503725],[129.1883235,37.1588855],[129.1916735,37.165574],[129.195381,37.17214],[129.2005095,37.180158],[129.2049975,37.186405],[129.211076,37.193986],[129.2176575,37.2012935],[129.223273,37.206928],[129.229188,37.2123625],[129.2369865,37.2188605],[129.2435345,37.22381],[129.252087,37.229671],[129.2592065,37.234088],[129.2684315,37.239257],[129.2779935,37.2440195],[129.2858665,37.2475275],[129.293922,37.25076],[129.304226,37.2544035],[129.312637,37.256995],[129.323336,37.259821],[129.3320235,37.2617465],[129.343016,37.2637275],[129.3541265,37.265231],[129.3630785,37.2660865],[129.3743195,37.2667195],[129.3833335,37.2668755]]]]},"geometry_name":"ag_geom","properties":{"zone_type":"비행금지구역","layer":"lt_c_aisprhc","name":"RK P64B","upper":"SFC","lower":"FL180","color":"#d32f2f","dist_km":207.94},"bbox":[129.1749985,36.93312,129.591668,37.2668755]},{"type":"Feature","id":"lt_c_aisprhc.9","geometry":{"type":"MultiPolygon","coordinates":[[[[127.369722,36.4433565],[127.3740885,36.442979],[127.3782575,36.4418645],[127.3820405,36.440063],[127.383733,36.438929],[127.3852665,36.437656],[127.38779,36.4347525],[127.3894965,36.431483],[127.390309,36.4279965],[127.390191,36.42445],[127.3891485,36.4210035],[127.387228,36.417813],[127.3845165,36.4150225],[127.3811365,36.4127585],[127.3772415,36.4111225],[127.3730065,36.4101895],[127.370821,36.4100005],[127.366438,36.4101895],[127.362203,36.4111225],[127.3602015,36.4118565],[127.356543,36.4138175],[127.3534805,36.4163595],[127.351151,36.4193665],[127.349661,36.422704],[127.3490775,36.4262205],[127.349427,36.4297575],[127.3506935,36.4331545],[127.3528205,36.4362585],[127.3557115,36.438929],[127.357404,36.440063],[127.361187,36.4418645],[127.365356,36.442979],[127.369722,36.4433565]]]]},"geometry_name":"ag_geom","properties":{"zone_type":"비행금지구역","layer":"lt_c_aisprhc","name":"RK P65A","upper":"SFC","lower":"8000 ft AMSL","color":"#d32f2f","dist_km":173.73},"bbox":[127.3490775,36.4100005,127.390309,36.4433565]},{"type":"Feature","id":"lt_c_aisprhc.10","geometry":{"type":"MultiPolygon","coordinates":[[[[127.369722,36.593561],[127.3808885,36.5933175],[127.3898,36.592772],[127.398673,36.5919165],[127.4096865,36.590413],[127.4184145,36.588866],[127.429194,36.586506],[127.4397995,36.58368],[127.4481375,36.5810885],[127.456328,36.578209],[127.4663365,36.5742115],[127.4741405,36.5707035],[127.4836185,36.5659405],[127.4909625,36.5618375],[127.499821,36.556354],[127.5066345,36.5516945],[127.51479,36.545543],[127.5210095,36.540371],[127.528384,36.533609],[127.5339505,36.5279745],[127.5404755,36.5206665],[127.5453365,36.514622],[127.55095,36.506837],[127.5550605,36.50044],[127.55971,36.4922515],[127.563805,36.483873],[127.5666735,36.4770485],[127.569741,36.4683885],[127.572225,36.459607],[127.5741185,36.45073],[127.575204,36.443577],[127.5759065,36.4363925],[127.5762435,36.427389],[127.57608,36.4201835],[127.575335,36.411196],[127.574308,36.404037],[127.572488,36.3951505],[127.5700785,36.3863555],[127.5677305,36.3794035],[127.5650145,36.3725395],[127.5611085,36.3641035],[127.557583,36.357485],[127.552686,36.349395],[127.547257,36.34153],[127.541313,36.3339135],[127.536198,36.3280135],[127.5293705,36.3208985],[127.5235745,36.3154275],[127.5159285,36.308881],[127.507859,36.3026775],[127.4993885,36.296835],[127.4905425,36.2913705],[127.4832125,36.287281],[127.4737555,36.2825355],[127.4659715,36.27904],[127.458009,36.2758195],[127.4478275,36.2721895],[127.4374195,36.2690085],[127.428951,36.2667935],[127.4203725,36.264876],[127.409519,36.2629025],[127.400752,36.2616665],[127.3897145,36.2605535],[127.378619,36.259923],[127.369722,36.259768],[127.3608255,36.259923],[127.34973,36.2605535],[127.3386925,36.2616665],[127.3299255,36.2629025],[127.319072,36.264876],[127.3104935,36.2667935],[127.302025,36.2690085],[127.291617,36.2721895],[127.2814355,36.2758195],[127.273473,36.27904],[127.2637725,36.2834515],[127.256232,36.287281],[127.248902,36.2913705],[127.240056,36.296835],[127.2315855,36.3026775],[127.223516,36.308881],[127.217364,36.3140915],[127.210074,36.3208985],[127.2032465,36.3280135],[127.1981315,36.3339135],[127.1921875,36.34153],[127.1867585,36.349395],[127.1827975,36.3558505],[127.1783355,36.3641035],[127.17443,36.3725395],[127.171714,36.3794035],[127.169366,36.3863555],[127.1669565,36.3951505],[127.1651365,36.404037],[127.1641095,36.411196],[127.163364,36.4201835],[127.163201,36.427389],[127.163538,36.4363925],[127.164476,36.4453685],[127.166012,36.4542905],[127.167669,36.4613715],[127.1702705,36.470131],[127.172771,36.4770485],[127.1756395,36.483873],[127.1797345,36.4922515],[127.184384,36.50044],[127.1884945,36.506837],[127.194108,36.514622],[127.198969,36.5206665],[127.205494,36.5279745],[127.2110605,36.533609],[127.218435,36.540371],[127.2246545,36.545543],[127.2328095,36.5516945],[127.2396235,36.556354],[127.248482,36.5618375],[127.2558255,36.5659405],[127.265304,36.5707035],[127.273108,36.5742115],[127.2831165,36.578209],[127.291307,36.5810885],[127.299645,36.58368],[127.31025,36.586506],[127.32103,36.588866],[127.329758,36.590413],[127.340771,36.5919165],[127.3496445,36.592772],[127.358556,36.5933175],[127.369722,36.593561]]]]},"geometry_name":"ag_geom","properties":{"zone_type":"비행금지구역","layer":"lt_c_aisprhc","name":"RK P65B","upper":"SFC","lower":"FL180","color":"#d32f2f","dist_km":156.94},"bbox":[127.163201,36.259768,127.5762435,36.593561]},{"type":"Feature","id":"lt_c_aisprhc.11","geometry":{"type":"MultiPolygon","coordinates":[[[[126.98059295,37.50256835],[126.97834688,37.5024722],[126.97609757,37.5024722],[126.97385149,37.50256835],[126.97161512,37.50276036],[126.9693949,37.50304769],[126.96719721,37.50342951],[126.9650284,37.50390473],[126.96289469,37.50447196],[126.96080225,37.50512958],[126.95875709,37.50587569],[126.9567651,37.50670815],[126.95483203,37.50762456],[126.95296344,37.50862228],[126.95116472,37.50969843],[126.94944106,37.51084991],[126.94779741,37.51207342],[126.94623852,37.51336542],[126.94476889,37.5147222],[126.94339275,37.51613983],[126.94211407,37.51761425],[126.94093654,37.5191412],[126.93986357,37.52071629],[126.93889824,37.52233496],[126.93804335,37.52399257],[126.93730137,37.52568433],[126.93667445,37.52740537],[126.9361644,37.52915072],[126.93577269,37.53091536],[126.93550047,37.5326942],[126.93534853,37.53448211],[126.93531732,37.53627394],[126.93540693,37.53806452],[126.93561712,37.53984868],[126.93594728,37.54162129],[126.93639648,37.54337723],[126.93696343,37.54511143],[126.93764649,37.5468189],[126.93844371,37.54849471],[126.9393528,37.55013403],[126.94037114,37.55173212],[126.94149579,37.55328438],[126.94272353,37.55478632],[126.94405081,37.55623362],[126.94547381,37.5576221],[126.94698843,37.55894775],[126.9485903,37.56020675],[126.9502748,37.56139545],[126.95203708,37.56251044],[126.95387206,37.56354849],[126.95577443,37.56450661],[126.95773871,37.56538203],[126.95975924,37.56617223],[126.96183018,37.56687492],[126.96394555,37.56748807],[126.96609925,37.56800992],[126.96828506,37.56843895],[126.96970209,37.56865359],[126.97009049,37.5688993],[126.97192562,37.56993735],[126.97382815,37.57089547],[126.9757926,37.57177089],[126.9778133,37.57256108],[126.97988442,37.57326377],[126.98199997,37.57387692],[126.98415386,37.57439877],[126.98633986,37.57482781],[126.98855166,37.57516279],[126.99078288,37.57540276],[126.99302708,37.57554702],[126.99527778,37.57559515],[126.99752847,37.57554702],[126.99977267,37.57540276],[127.0020039,37.57516279],[127.0042157,37.57482781],[127.0064017,37.57439877],[127.00855558,37.57387692],[127.01067114,37.57326377],[127.01274225,37.57256108],[127.01476295,37.57177089],[127.0167274,37.57089547],[127.01862994,37.56993735],[127.02046507,37.5688993],[127.0222275,37.56778431],[127.02391215,37.56659561],[127.02551416,37.56533661],[127.0270289,37.56401097],[127.02845202,37.56262249],[127.02977942,37.56117519],[127.03100726,37.55967325],[127.03213201,37.55812099],[127.03315043,37.5565229],[127.0340596,37.55488359],[127.03485689,37.55320778],[127.03554001,37.55150031],[127.036107,37.54976611],[127.03655624,37.54801017],[127.03688643,37.54623756],[127.03709664,37.5444534],[127.03718625,37.54266282],[127.03715504,37.540871],[127.03700309,37.53908309],[127.03673084,37.53730425],[127.03633911,37.53553962],[127.03582901,37.53379426],[127.03520203,37.53207323],[127.03445999,37.53038147],[127.03360503,37.52872386],[127.03263962,37.52710519],[127.03156655,37.52553011],[127.03038892,37.52400316],[127.02911014,37.52252874],[127.02773388,37.52111111],[127.02626412,37.51975433],[127.0247051,37.51846233],[127.02306131,37.51723883],[127.0213375,37.51608734],[127.01953862,37.51501119],[127.01766988,37.51401348],[127.01573664,37.51309707],[127.01374449,37.51226461],[127.01169915,37.5115185],[127.00960653,37.51086088],[127.00747264,37.51029365],[127.00530364,37.50981844],[127.00310577,37.50943662],[127.00276935,37.50939309],[127.001481,37.50862228],[126.99961241,37.50762456],[126.99767934,37.50670815],[126.99568736,37.50587569],[126.9936422,37.50512958],[126.99154975,37.50447196],[126.98941605,37.50390473],[126.98724723,37.50342951],[126.98504954,37.50304769],[126.98282932,37.50276036],[126.98059295,37.50256835]]]]},"geometry_name":"ag_geom","properties":{"zone_type":"비행금지구역","layer":"lt_c_aisprhc","name":"RK P73A","upper":"UNL","lower":"GND","color":"#d32f2f","dist_km":294.91},"bbox":[126.93531732,37.5024722,127.03718625,37.57559515]},{"type":"Feature","id":"lt_c_aisprhc.12","geometry":{"type":"MultiPolygon","coordinates":[[[[125.045278,37.640222],[125.239694,37.586083],[125.514667,37.684694],[125.69583333,37.69444444],[125.747972,37.717472],[126.014639,37.661083],[126.1091665,37.715278],[126.1641665,37.703611],[126.165344,37.678358],[126.1666665,37.65],[125.8333335,37.5],[124.6333335,37.5],[124.15,38],[124.85,38],[124.86475,37.769389],[125.045278,37.640222]]]]},"geometry_name":"ag_geom","properties":{"zone_type":"비행금지구역","layer":"lt_c_aisprhc","name":"RK P518W","upper":"UNL","lower":"GND","color":"#d32f2f","dist_km":350.3},"bbox":[124.15,37.5,126.1666665,38]},{"type":"Feature","id":"lt_c_aisprhc.13","geometry":{"type":"MultiPolygon","coordinates":[[[[128.360413,38.618279],[128.3666665,38.6333335],[128.6333335,38.6333335],[128.7083335,38.5],[128.7833335,38.3666665],[128.55770096,38.26996701],[128.5578275,38.2704105],[128.55804932,38.27074042],[128.55835191,38.27119048],[128.55847089,38.27173775],[128.55939888,38.27221364],[128.55943976,38.27236695],[128.55949405,38.27257056],[128.55904196,38.27383168],[128.55780464,38.27414101],[128.55757842,38.27426472],[128.555987,38.275135],[128.5543515,38.275589],[128.553992,38.2758725],[128.5535595,38.276482],[128.55361679,38.2777102],[128.55416406,38.27801953],[128.55433062,38.27861439],[128.554144,38.28031],[128.552222,38.283388],[128.5518415,38.283771],[128.5517045,38.283773],[128.5503445,38.2848085],[128.549198,38.286219],[128.549126,38.2871385],[128.549205,38.2876235],[128.54861992,38.28801327],[128.54876268,38.28910782],[128.54883407,38.29017857],[128.54861992,38.29044032],[128.5478109,38.29029755],[128.54719224,38.29115415],[128.547277,38.2925835],[128.54835818,38.29436643],[128.54909581,38.29481852],[128.5495955,38.29498509],[128.55216531,38.29515165],[128.55216531,38.29572272],[128.5518084,38.29610343],[128.55114215,38.29655553],[128.54971447,38.29710281],[128.5486913,38.29693624],[128.54819161,38.2971504],[128.54762054,38.29769767],[128.54723983,38.29822115],[128.54685912,38.29903017],[128.54687009,38.29965119],[128.54690671,38.30005334],[128.54700188,38.30055302],[128.54714465,38.30102892],[128.54771572,38.30171896],[128.54919099,38.30140963],[128.55035692,38.30138584],[128.55059487,38.30159999],[128.55064246,38.3028611],[128.55130871,38.30345597],[128.55102317,38.30381289],[128.55052349,38.30393186],[128.5478109,38.30604958],[128.54547903,38.30659686],[128.54395617,38.30700136],[128.54328992,38.30819109],[128.54331372,38.30892873],[128.54364684,38.30959498],[128.54464622,38.31004707],[128.54440827,38.31118922],[128.5429568,38.31166511],[128.54190984,38.31154613],[128.5389831,38.31268828],[128.53760301,38.31371144],[128.53436695,38.31675715],[128.5327965,38.31856554],[128.53213025,38.319208],[128.5310357,38.3196601],[128.53051222,38.32032635],[128.53010771,38.32063568],[128.52956043,38.32082603],[128.52870383,38.32158746],[128.52813276,38.32268201],[128.5278855,38.324002],[128.52808517,38.32470455],[128.52958423,38.32487112],[128.53065499,38.32501388],[128.53094052,38.32522804],[128.53041704,38.32601326],[128.53084534,38.32706022],[128.53096432,38.3275837],[128.53094513,38.32779477],[128.53094052,38.32784544],[128.53065499,38.32796442],[128.53032186,38.32834513],[128.52986976,38.32855928],[128.52865624,38.32886861],[128.52829932,38.32905897],[128.52829932,38.33127187],[128.52898936,38.33177155],[128.5294425,38.332833],[128.52967941,38.33405584],[128.52934628,38.33443655],[128.52870383,38.33569766],[128.52689544,38.33681601],[128.5253012,38.33743467],[128.52453977,38.33793436],[128.52325486,38.33919547],[128.52148808,38.34099183],[128.51756795,38.34497756],[128.51530746,38.34723805],[128.51376081,38.34985546],[128.51554541,38.35164005],[128.51542644,38.35351983],[128.51462907,38.35420679],[128.51387979,38.35485233],[128.51326113,38.35532822],[128.51321354,38.35573273],[128.51373702,38.35628],[128.51328492,38.35697005],[128.51297559,38.35756491],[128.5124997,38.35756491],[128.51078649,38.35906397],[128.50947778,38.35992058],[128.50888292,38.36099133],[128.50800252,38.36282352],[128.50757421,38.36332321],[128.50750283,38.36444155],[128.50769319,38.36534575],[128.50795493,38.36567887],[128.50824046,38.36608338],[128.508857,38.3666365],[128.51204637,38.36599605],[128.51209225,38.36537663],[128.51222225,38.36536899],[128.51238284,38.36606487],[128.51319343,38.36776254],[128.5135605,38.36783136],[128.51395815,38.3679996],[128.51416462,38.36818313],[128.51351461,38.36858842],[128.51283282,38.36877217],[128.51200001,38.36943842],[128.5111672,38.36977155],[128.51192863,38.37100887],[128.51188104,38.37165132],[128.511603,38.372638],[128.5107389,38.37312659],[128.51000127,38.37338833],[128.50933502,38.37405458],[128.50912086,38.37472082],[128.50854979,38.37543466],[128.5058039,38.37653968],[128.50431911,38.37768183],[128.50192062,38.38025164],[128.49803734,38.38362096],[128.49566793,38.38599036],[128.49489645,38.38676185],[128.49204109,38.38984563],[128.48827203,38.3936147],[128.48807381,38.39382481],[128.48541667,38.39664137],[128.4819985,38.40003218],[128.47736957,38.40426245],[128.47592995,38.40543629],[128.47480041,38.40669873],[128.47395878,38.40765109],[128.47249702,38.40946723],[128.47030436,38.4119921],[128.46826675,38.41487134],[128.46791238,38.41564652],[128.4666278,38.41775057],[128.46614054,38.41845931],[128.4639036,38.42122781],[128.46374856,38.42178151],[128.46339419,38.4223795],[128.46483381,38.42412919],[128.46354923,38.42534733],[128.46310627,38.42554667],[128.46208746,38.4251923],[128.46106865,38.4262111],[128.46080288,38.42660977],[128.4605371,38.4274071],[128.46033777,38.42758428],[128.45991696,38.42767287],[128.45876526,38.42909034],[128.45834445,38.43017559],[128.45779075,38.4312387],[128.45741424,38.43148233],[128.45717061,38.43188099],[128.45697128,38.43261187],[128.45659476,38.43380786],[128.45599726,38.43444318],[128.45571144,38.43496285],[128.45550357,38.43553449],[128.45547759,38.43657384],[128.4552957,38.43680769],[128.45500988,38.43735335],[128.45472406,38.44054935],[128.45475004,38.44099107],[128.45521775,38.44218633],[128.45571994,38.44340223],[128.45614816,38.44360479],[128.4582477,38.44383031],[128.4616928,38.4455019],[128.46364978,38.44629692],[128.46440403,38.44656193],[128.4647609,38.44676782],[128.46493405,38.44686771],[128.46511751,38.44703079],[128.46530098,38.4472958],[128.46597369,38.44756081],[128.46676872,38.4479889],[128.46707449,38.44829467],[128.46758412,38.44915085],[128.46782875,38.44982356],[128.46784913,38.45027204],[128.46778798,38.45057782],[128.46723758,38.45100591],[128.46685026,38.45125053],[128.46652409,38.45159708],[128.46638091,38.4519389],[128.46632024,38.45286096],[128.46617754,38.45351329],[128.46532137,38.45420638],[128.46487289,38.45449178],[128.46424095,38.45508295],[128.46281399,38.45571489],[128.46208012,38.45650991],[128.46195781,38.45687684],[128.46175396,38.45779418],[128.46067354,38.45903768],[128.45834963,38.46022002],[128.45792154,38.46042387],[128.45612764,38.46207507],[128.45415028,38.46388935],[128.45359987,38.4642359],[128.45292716,38.46460284],[128.45251946,38.46486784],[128.45203021,38.4653367],[128.45143904,38.4661725],[128.45092941,38.46682482],[128.44982861,38.46766062],[128.44972669,38.46794601],[128.4495636,38.46863911],[128.44939382,38.46945975],[128.44931898,38.46982145],[128.4491559,38.47053493],[128.44909475,38.4709834],[128.44921706,38.47141149],[128.44899282,38.4716765],[128.4480551,38.47263461],[128.4476474,38.47279769],[128.44666891,38.47312385],[128.44642428,38.47330732],[128.44538464,38.47422465],[128.44434499,38.47481582],[128.44395767,38.47487698],[128.4435092,38.47487698],[128.44228609,38.47459159],[128.44149106,38.47493813],[128.4413076,38.47514199],[128.44000294,38.47748628],[128.43979909,38.47824054],[128.43959524,38.47887248],[128.43935062,38.47938211],[128.43902446,38.4798102],[128.43888176,38.48034021],[128.43861675,38.48093138],[128.43880022,38.48150217],[128.4384129,38.48246027],[128.43849444,38.48266413],[128.43935062,38.48358146],[128.43961563,38.48402993],[128.43973794,38.48474342],[128.44018641,38.48535497],[128.43890214,38.48694502],[128.4389633,38.48747503],[128.43890585,38.48757557],[128.43880022,38.48776043],[128.43831097,38.48802543],[128.43778096,38.48802543],[128.43706748,38.48796428],[128.43670054,38.48778081],[128.43631421,38.48757557],[128.43604822,38.48743426],[128.43562013,38.48731195],[128.43472318,38.48733234],[128.43418805,38.48757557],[128.43360199,38.48784197],[128.43335737,38.48804582],[128.43284774,38.48867776],[128.43215464,38.48922816],[128.43176732,38.48973779],[128.43142078,38.49030858],[128.43060537,38.49102206],[128.4298715,38.4917967],[128.42966765,38.49228594],[128.42944341,38.49352944],[128.42942302,38.49403907],[128.42970842,38.49471178],[128.4300142,38.49591451],[128.42991227,38.49648529],[128.4294638,38.49679107],[128.42803683,38.49742301],[128.42728258,38.49789187],[128.42707873,38.49823842],[128.42723077,38.49865333],[128.4291784,38.50037887],[128.42925994,38.50058272],[128.42997343,38.50370165],[128.42991227,38.50406859],[128.42881147,38.50425205],[128.42787375,38.50417051],[128.42754759,38.50392589],[128.42679333,38.50394628],[128.42514213,38.5041909],[128.42479558,38.50429283],[128.42404133,38.50468014],[128.42310361,38.50525093],[128.42271629,38.50557709],[128.42214551,38.50610711],[128.42175819,38.50667789],[128.42088163,38.50808447],[128.42055978,38.50898404],[128.42057688,38.50918074],[128.42122683,38.50979648],[128.42134656,38.51005304],[128.42133801,38.51018987],[128.42114131,38.51040367],[128.42070516,38.51055761],[128.42029467,38.51070299],[128.41992693,38.51097665],[128.4198072,38.51109638],[128.41935289,38.51197754],[128.4193053,38.51250102],[128.41935289,38.51323865],[128.4197812,38.51354798],[128.42061401,38.51383351],[128.42082816,38.51411905],[128.42049503,38.51457115],[128.42009053,38.51473771],[128.41937669,38.51530878],[128.41911495,38.51635574],[128.41911495,38.51671266],[128.41906736,38.51714097],[128.41918633,38.5174503],[128.41928151,38.51806896],[128.41904356,38.51835449],[128.41816316,38.5187352],[128.41766347,38.51878279],[128.41749691,38.51940145],[128.41811557,38.5200915],[128.41861526,38.52049601],[128.41897218,38.52054359],[128.41935289,38.52073395],[128.41973361,38.52075775],[128.41999535,38.52066257],[128.42023329,38.52037703],[128.42070919,38.52016288],[128.42120887,38.5200915],[128.4215182,38.52018668],[128.4219703,38.52025806],[128.42230342,38.52018668],[128.42287449,38.52028185],[128.42323141,38.52071016],[128.42337418,38.52123364],[128.42304106,38.52149538],[128.4227563,38.52175979],[128.42277932,38.52189989],[128.42294588,38.52201886],[128.4233028,38.52237578],[128.42344557,38.52254234],[128.423279,38.5227089],[128.42280311,38.52268511],[128.42147061,38.52327997],[128.4210661,38.52320859],[128.42032847,38.52349413],[128.41923392,38.5236131],[128.41825834,38.52420796],[128.4175445,38.5249456],[128.41740173,38.52570703],[128.4171162,38.52604015],[128.41690205,38.5262543],[128.41680687,38.527563],[128.41644995,38.52856238],[128.4166879,38.530228],[128.41642616,38.53048974],[128.41597406,38.53056113],[128.41561714,38.53046595],[128.41528401,38.530228],[128.4149033,38.53020421],[128.41435602,38.53032318],[128.41397531,38.53058492],[128.41373736,38.53096563],[128.41342803,38.53127496],[128.41307112,38.5315367],[128.41261902,38.53158429],[128.41214313,38.53163188],[128.41176241,38.53265505],[128.41173862,38.53346407],[128.41195277,38.53379719],[128.41238107,38.53408273],[128.41250004,38.53439206],[128.41233348,38.53505831],[128.41171482,38.53543902],[128.41145308,38.53608148],[128.41142933,38.53611658],[128.41090581,38.53689049],[128.41028715,38.53798504],[128.40912121,38.53888924],[128.40800286,38.53946031],[128.40778554,38.5397674],[128.40721764,38.54010276],[128.40700349,38.54091178],[128.40659898,38.54157803],[128.40619447,38.5421729],[128.40605171,38.54262499],[128.40574238,38.54272017],[128.4056234,38.54310089],[128.405992,38.54406],[128.40626586,38.54545655],[128.40648001,38.54555173],[128.40755077,38.54555173],[128.40797907,38.54588485],[128.40835978,38.54626557],[128.40850255,38.54676525],[128.40855014,38.54712217],[128.40890706,38.54724115],[128.40924018,38.54721735],[128.40995402,38.54688423],[128.41035853,38.54695561],[128.41062027,38.54738391],[128.41002541,38.54776463],[128.40952572,38.54828811],[128.40821702,38.54914472],[128.4078601,38.54931128],[128.40762215,38.54957302],[128.40766974,38.55007271],[128.40750318,38.55026306],[128.40750318,38.55057239],[128.4078601,38.55090552],[128.40838358,38.55083413],[128.40866911,38.55071516],[128.40895465,38.55033445],[128.40925518,38.55028302],[128.40966849,38.55035824],[128.41042991,38.55088172],[128.41107237,38.5518811],[128.41062027,38.55223802],[128.40990643,38.55264252],[128.40981125,38.55307083],[128.40993023,38.55359431],[128.41097719,38.55483163],[128.41104857,38.55528373],[128.41085822,38.55592618],[128.41033474,38.5562593],[128.40985884,38.55633069],[128.4087405,38.55614033],[128.40831219,38.55535511],[128.40788389,38.55502198],[128.40702728,38.55492681],[128.40586135,38.55506957],[128.40526648,38.55514096],[128.40470474,38.55542728],[128.40466421,38.55633933],[128.4045426,38.55670415],[128.40442099,38.55708924],[128.40421832,38.55729192],[128.40427912,38.55759594],[128.40440073,38.55785942],[128.40476555,38.55830531],[128.40515064,38.55840665],[128.40545465,38.55820397],[128.40563707,38.55826478],[128.40646805,38.55895388],[128.40667073,38.55968352],[128.40632617,38.55980513],[128.40620456,38.5597646],[128.40616403,38.55962272],[128.40598162,38.55927817],[128.40583974,38.55915656],[128.40525198,38.55909576],[128.40415751,38.55948085],[128.40389403,38.55972406],[128.40373189,38.55998754],[128.40369135,38.56025102],[128.40354948,38.5604537],[128.40352921,38.56071718],[128.40342787,38.56110227],[128.40344814,38.56146709],[128.40352921,38.56193325],[128.40342787,38.56243995],[128.4033468,38.5632304],[128.40330626,38.56363575],[128.40312385,38.56432486],[128.40322519,38.5649937],[128.40304278,38.56560173],[128.40247528,38.56631111],[128.40204966,38.56629084],[128.40176591,38.56588548],[128.40136055,38.56523691],[128.40065118,38.56527745],[128.40024582,38.56545986],[128.40004314,38.56525718],[128.39951618,38.56531798],[128.39921216,38.56541932],[128.39819877,38.56558147],[128.39803662,38.56578414],[128.39757046,38.56598682],[128.39688136,38.56651379],[128.39627332,38.56712182],[128.39627332,38.5673853],[128.39572609,38.56791227],[128.39517886,38.56797307],[128.39457082,38.5684595],[128.39406413,38.56876352],[128.39406413,38.56904727],[128.39432761,38.56912834],[128.39457082,38.56933102],[128.39453029,38.57034441],[128.39426681,38.57115512],[128.39396279,38.57168209],[128.39390198,38.57194557],[128.39424654,38.57218878],[128.39459109,38.57265494],[128.39434788,38.57301976],[128.39404386,38.57332378],[128.39376011,38.57330351],[128.39341556,38.57293869],[128.39305073,38.5725536],[128.39262511,38.57251307],[128.39228056,38.5724928],[128.39177386,38.57261441],[128.39138877,38.57273601],[128.39112529,38.57283735],[128.38986868,38.57370887],[128.38789738,38.57573159],[128.38774271,38.57579108],[128.38762374,38.57575539],[128.38667196,38.57618369],[128.3866461,38.57630316],[128.38640288,38.57674905],[128.38538011,38.57761137],[128.38522049,38.5778969],[128.38300065,38.58006221],[128.38285788,38.58049052],[128.38195368,38.58139471],[128.38164435,38.58153748],[128.38104949,38.58172784],[128.3796694,38.58317931],[128.37864623,38.58501149],[128.37795619,38.58651055],[128.37688543,38.58779546],[128.37567191,38.58874725],[128.37533298,38.58905959],[128.37445838,38.58986559],[128.37367316,38.59084117],[128.37291173,38.59179296],[128.37117472,38.59352996],[128.37107955,38.59441036],[128.36715344,38.59957379],[128.36665375,38.60026384],[128.36632062,38.60109665],[128.36593991,38.60202464],[128.3655354,38.60269089],[128.36337009,38.60559383],[128.36270384,38.60664079],[128.36170447,38.60852057],[128.3607051,38.61037655],[128.35989608,38.61185181],[128.35975818,38.61212434],[128.35889671,38.61382676],[128.35823046,38.6150165],[128.35811148,38.61532583],[128.3578785,38.6165685],[128.35807672,38.61670227],[128.360413,38.618279]]]]},"geometry_name":"ag_geom","properties":{"zone_type":"비행금지구역","layer":"lt_c_aisprhc","name":"RK P518E","upper":"UNL","lower":"GND","color":"#d32f2f","dist_km":343.85},"bbox":[128.3578785,38.26996701,128.7833335,38.6333335]},{"type":"Feature","id":"lt_c_aisprhc.14","geometry":{"type":"MultiPolygon","coordinates":[[[[128.3655354,38.60269089],[128.36593991,38.60202464],[128.36632062,38.60109665],[128.36665375,38.60026384],[128.36715344,38.59957379],[128.37107955,38.59441036],[128.37117472,38.59352996],[128.37291173,38.59179296],[128.37367316,38.59084117],[128.37445838,38.58986559],[128.37567191,38.58874725],[128.37688543,38.58779546],[128.37795619,38.58651055],[128.37864623,38.58501149],[128.3796694,38.58317931],[128.38104949,38.58172784],[128.38164435,38.58153748],[128.38195368,38.58139471],[128.38285788,38.58049052],[128.38300065,38.58006221],[128.38522049,38.5778969],[128.38538011,38.57761137],[128.38640288,38.57674905],[128.3866461,38.57630316],[128.38667196,38.57618369],[128.38762374,38.57575539],[128.38774271,38.57579108],[128.38789738,38.57573159],[128.38986868,38.57370887],[128.39112529,38.57283735],[128.39138877,38.57273601],[128.39177386,38.57261441],[128.39228056,38.5724928],[128.39262511,38.57251307],[128.39305073,38.5725536],[128.39341556,38.57293869],[128.39376011,38.57330351],[128.39404386,38.57332378],[128.39434788,38.57301976],[128.39459109,38.57265494],[128.39424654,38.57218878],[128.39390198,38.57194557],[128.39396279,38.57168209],[128.39426681,38.57115512],[128.39453029,38.57034441],[128.39457082,38.56933102],[128.39432761,38.56912834],[128.39406413,38.56904727],[128.39406413,38.56876352],[128.39457082,38.5684595],[128.39517886,38.56797307],[128.39572609,38.56791227],[128.39627332,38.5673853],[128.39627332,38.56712182],[128.39688136,38.56651379],[128.39757046,38.56598682],[128.39803662,38.56578414],[128.39819877,38.56558147],[128.39921216,38.56541932],[128.39951618,38.56531798],[128.40004314,38.56525718],[128.40024582,38.56545986],[128.40065118,38.56527745],[128.40136055,38.56523691],[128.40176591,38.56588548],[128.40204966,38.56629084],[128.40247528,38.56631111],[128.40304278,38.56560173],[128.40322519,38.5649937],[128.40312385,38.56432486],[128.40330626,38.56363575],[128.4033468,38.5632304],[128.40342787,38.56243995],[128.40352921,38.56193325],[128.40344814,38.56146709],[128.40342787,38.56110227],[128.40352921,38.56071718],[128.40354948,38.5604537],[128.40369135,38.56025102],[128.40373189,38.55998754],[128.40389403,38.55972406],[128.40415751,38.55948085],[128.40525198,38.55909576],[128.40583974,38.55915656],[128.40598162,38.55927817],[128.40616403,38.55962272],[128.40620456,38.5597646],[128.40632617,38.55980513],[128.40667073,38.55968352],[128.40646805,38.55895388],[128.40563707,38.55826478],[128.40545465,38.55820397],[128.40515064,38.55840665],[128.40476555,38.55830531],[128.40440073,38.55785942],[128.40427912,38.55759594],[128.40421832,38.55729192],[128.40442099,38.55708924],[128.4045426,38.55670415],[128.40466421,38.55633933],[128.40470474,38.55542728],[128.40526648,38.55514096],[128.40586135,38.55506957],[128.40702728,38.55492681],[128.40788389,38.55502198],[128.40831219,38.55535511],[128.4087405,38.55614033],[128.40985884,38.55633069],[128.41033474,38.5562593],[128.41085822,38.55592618],[128.41104857,38.55528373],[128.41097719,38.55483163],[128.40993023,38.55359431],[128.40981125,38.55307083],[128.40990643,38.55264252],[128.41062027,38.55223802],[128.41107237,38.5518811],[128.41042991,38.55088172],[128.40966849,38.55035824],[128.40925518,38.55028302],[128.40895465,38.55033445],[128.40866911,38.55071516],[128.40838358,38.55083413],[128.4078601,38.55090552],[128.40750318,38.55057239],[128.40750318,38.55026306],[128.40766974,38.55007271],[128.40762215,38.54957302],[128.4078601,38.54931128],[128.40821702,38.54914472],[128.40952572,38.54828811],[128.41002541,38.54776463],[128.41062027,38.54738391],[128.41035853,38.54695561],[128.40995402,38.54688423],[128.40924018,38.54721735],[128.40890706,38.54724115],[128.40855014,38.54712217],[128.40850255,38.54676525],[128.40835978,38.54626557],[128.40797907,38.54588485],[128.40755077,38.54555173],[128.40648001,38.54555173],[128.40626586,38.54545655],[128.405992,38.54406],[128.4056234,38.54310089],[128.40574238,38.54272017],[128.40605171,38.54262499],[128.40619447,38.5421729],[128.40659898,38.54157803],[128.40700349,38.54091178],[128.40721764,38.54010276],[128.40778554,38.5397674],[128.40800286,38.53946031],[128.40912121,38.53888924],[128.41028715,38.53798504],[128.41090581,38.53689049],[128.41145308,38.53608148],[128.41171482,38.53543902],[128.41233348,38.53505831],[128.41250004,38.53439206],[128.41238107,38.53408273],[128.41195277,38.53379719],[128.41173862,38.53346407],[128.41176241,38.53265505],[128.41214313,38.53163188],[128.41261902,38.53158429],[128.41307112,38.5315367],[128.41342803,38.53127496],[128.41373736,38.53096563],[128.41397531,38.53058492],[128.41435602,38.53032318],[128.4149033,38.53020421],[128.41528401,38.530228],[128.41561714,38.53046595],[128.41597406,38.53056113],[128.41642616,38.53048974],[128.4166879,38.530228],[128.41644995,38.52856238],[128.41680687,38.527563],[128.41690205,38.5262543],[128.4171162,38.52604015],[128.41740173,38.52570703],[128.4175445,38.5249456],[128.41825834,38.52420796],[128.41923392,38.5236131],[128.42032847,38.52349413],[128.4210661,38.52320859],[128.42147061,38.52327997],[128.42280311,38.52268511],[128.423279,38.5227089],[128.42344557,38.52254234],[128.4233028,38.52237578],[128.42294588,38.52201886],[128.42277932,38.52189989],[128.4227563,38.52175979],[128.42304106,38.52149538],[128.42337418,38.52123364],[128.42323141,38.52071016],[128.42287449,38.52028185],[128.42230342,38.52018668],[128.4219703,38.52025806],[128.4215182,38.52018668],[128.42120887,38.5200915],[128.42070919,38.52016288],[128.42023329,38.52037703],[128.41999535,38.52066257],[128.41973361,38.52075775],[128.41935289,38.52073395],[128.41897218,38.52054359],[128.41861526,38.52049601],[128.41811557,38.5200915],[128.41749691,38.51940145],[128.41766347,38.51878279],[128.41816316,38.5187352],[128.41904356,38.51835449],[128.41928151,38.51806896],[128.41918633,38.5174503],[128.41906736,38.51714097],[128.41911495,38.51671266],[128.41911495,38.51635574],[128.41937669,38.51530878],[128.42009053,38.51473771],[128.42049503,38.51457115],[128.42082816,38.51411905],[128.42061401,38.51383351],[128.4197812,38.51354798],[128.41935289,38.51323865],[128.4193053,38.51250102],[128.41935289,38.51197754],[128.4198072,38.51109638],[128.41992693,38.51097665],[128.42029467,38.51070299],[128.42070516,38.51055761],[128.42114131,38.51040367],[128.42133801,38.51018987],[128.42134656,38.51005304],[128.42122683,38.50979648],[128.42057688,38.50918074],[128.42055978,38.50898404],[128.42088163,38.50808447],[128.42175819,38.50667789],[128.42214551,38.50610711],[128.42271629,38.50557709],[128.42310361,38.50525093],[128.42404133,38.50468014],[128.42479558,38.50429283],[128.42514213,38.5041909],[128.42679333,38.50394628],[128.42754759,38.50392589],[128.42787375,38.50417051],[128.42881147,38.50425205],[128.42991227,38.50406859],[128.42997343,38.50370165],[128.42925994,38.50058272],[128.4291784,38.50037887],[128.42723077,38.49865333],[128.42707873,38.49823842],[128.42728258,38.49789187],[128.42803683,38.49742301],[128.4294638,38.49679107],[128.42991227,38.49648529],[128.4300142,38.49591451],[128.42970842,38.49471178],[128.42942302,38.49403907],[128.42944341,38.49352944],[128.42966765,38.49228594],[128.4298715,38.4917967],[128.43060537,38.49102206],[128.43142078,38.49030858],[128.43176732,38.48973779],[128.43215464,38.48922816],[128.43284774,38.48867776],[128.43335737,38.48804582],[128.43360199,38.48784197],[128.43472318,38.48733234],[128.43562013,38.48731195],[128.43604822,38.48743426],[128.43670054,38.48778081],[128.43706748,38.48796428],[128.43778096,38.48802543],[128.43831097,38.48802543],[128.43880022,38.48776043],[128.4389633,38.48747503],[128.43890214,38.48694502],[128.44018641,38.48535497],[128.43973794,38.48474342],[128.43961563,38.48402993],[128.43935062,38.48358146],[128.43849444,38.48266413],[128.4384129,38.48246027],[128.43880022,38.48150217],[128.43861675,38.48093138],[128.43888176,38.48034021],[128.43902446,38.4798102],[128.43935062,38.47938211],[128.43959524,38.47887248],[128.43979909,38.47824054],[128.44000294,38.47748628],[128.4413076,38.47514199],[128.44149106,38.47493813],[128.44228609,38.47459159],[128.4435092,38.47487698],[128.44395767,38.47487698],[128.44434499,38.47481582],[128.44538464,38.47422465],[128.44642428,38.47330732],[128.44666891,38.47312385],[128.4476474,38.47279769],[128.4480551,38.47263461],[128.44899282,38.4716765],[128.44921706,38.47141149],[128.44909475,38.4709834],[128.4491559,38.47053493],[128.44931898,38.46982145],[128.4495636,38.46863911],[128.44972669,38.46794601],[128.44982861,38.46766062],[128.45092941,38.46682482],[128.45143904,38.4661725],[128.45203021,38.4653367],[128.45251946,38.46486784],[128.45292716,38.46460284],[128.45359987,38.4642359],[128.45415028,38.46388935],[128.45612764,38.46207507],[128.45792154,38.46042387],[128.45834963,38.46022002],[128.46067354,38.45903768],[128.46175396,38.45779418],[128.46195781,38.45687684],[128.46208012,38.45650991],[128.46281399,38.45571489],[128.46424095,38.45508295],[128.46487289,38.45449178],[128.46532137,38.45420638],[128.46617754,38.45351329],[128.46632024,38.45286096],[128.46638091,38.4519389],[128.46652409,38.45159708],[128.46685026,38.45125053],[128.46723758,38.45100591],[128.46778798,38.45057782],[128.46784913,38.45027204],[128.46782875,38.44982356],[128.46758412,38.44915085],[128.46707449,38.44829467],[128.46676872,38.4479889],[128.46597369,38.44756081],[128.46530098,38.4472958],[128.46511751,38.44703079],[128.46493405,38.44686771],[128.46440403,38.44656193],[128.46364978,38.44629692],[128.4616928,38.4455019],[128.4582477,38.44383031],[128.45614816,38.44360479],[128.45571994,38.44340223],[128.45521775,38.44218633],[128.45475004,38.44099107],[128.45472406,38.44054935],[128.45500988,38.43735335],[128.4552957,38.43680769],[128.45547759,38.43657384],[128.45550357,38.43553449],[128.45571144,38.43496285],[128.45599726,38.43444318],[128.45659476,38.43380786],[128.45697128,38.43261187],[128.45717061,38.43188099],[128.45741424,38.43148233],[128.45779075,38.4312387],[128.45834445,38.43017559],[128.45876526,38.42909034],[128.45991696,38.42767287],[128.46033777,38.42758428],[128.4605371,38.4274071],[128.46080288,38.42660977],[128.46106865,38.4262111],[128.46208746,38.4251923],[128.46310627,38.42554667],[128.46354923,38.42534733],[128.46483381,38.42412919],[128.46339419,38.4223795],[128.46374856,38.42178151],[128.4639036,38.42122781],[128.46614054,38.41845931],[128.4666278,38.41775057],[128.46791238,38.41564652],[128.46826675,38.41487134],[128.47030436,38.4119921],[128.47249702,38.40946723],[128.47395878,38.40765109],[128.47480041,38.40669873],[128.47592995,38.40543629],[128.47736957,38.40426245],[128.4819985,38.40003218],[128.48541667,38.39664137],[128.48827203,38.3936147],[128.49204109,38.38984563],[128.49489645,38.38676185],[128.49803734,38.38362096],[128.50192062,38.38025164],[128.50431911,38.37768183],[128.5058039,38.37653968],[128.50854979,38.37543466],[128.50912086,38.37472082],[128.50933502,38.37405458],[128.51000127,38.37338833],[128.5107389,38.37312659],[128.511603,38.372638],[128.51188104,38.37165132],[128.51192863,38.37100887],[128.5111672,38.36977155],[128.51200001,38.36943842],[128.51283282,38.36877217],[128.51351461,38.36858842],[128.51416462,38.36818313],[128.51395815,38.3679996],[128.5135605,38.36783136],[128.51319343,38.36776254],[128.51238284,38.36606487],[128.51222225,38.36536899],[128.51209225,38.36537663],[128.51204637,38.36599605],[128.508857,38.3666365],[128.50824046,38.36608338],[128.50795493,38.36567887],[128.50769319,38.36534575],[128.50750283,38.36444155],[128.50757421,38.36332321],[128.50800252,38.36282352],[128.50888292,38.36099133],[128.50947778,38.35992058],[128.51078649,38.35906397],[128.5124997,38.35756491],[128.51297559,38.35756491],[128.51328492,38.35697005],[128.51373702,38.35628],[128.51321354,38.35573273],[128.51326113,38.35532822],[128.51387979,38.35485233],[128.51542644,38.35351983],[128.51554541,38.35164005],[128.51376081,38.34985546],[128.51530746,38.34723805],[128.51756795,38.34497756],[128.52325486,38.33919547],[128.52453977,38.33793436],[128.5253012,38.33743467],[128.52689544,38.33681601],[128.52870383,38.33569766],[128.52934628,38.33443655],[128.52967941,38.33405584],[128.5294425,38.332833],[128.52898936,38.33177155],[128.52829932,38.33127187],[128.52829932,38.32905897],[128.52865624,38.32886861],[128.52986976,38.32855928],[128.53032186,38.32834513],[128.53065499,38.32796442],[128.53094052,38.32784544],[128.53096432,38.3275837],[128.53084534,38.32706022],[128.53041704,38.32601326],[128.53094052,38.32522804],[128.53065499,38.32501388],[128.52958423,38.32487112],[128.52808517,38.32470455],[128.5278855,38.324002],[128.52813276,38.32268201],[128.52870383,38.32158746],[128.52956043,38.32082603],[128.53010771,38.32063568],[128.53051222,38.32032635],[128.5310357,38.3196601],[128.53213025,38.319208],[128.5327965,38.31856554],[128.53436695,38.31675715],[128.53760301,38.31371144],[128.5389831,38.31268828],[128.54190984,38.31154613],[128.5429568,38.31166511],[128.54440827,38.31118922],[128.54464622,38.31004707],[128.54364684,38.30959498],[128.54331372,38.30892873],[128.54328992,38.30819109],[128.54395617,38.30700136],[128.54547903,38.30659686],[128.5478109,38.30604958],[128.55052349,38.30393186],[128.55102317,38.30381289],[128.55130871,38.30345597],[128.55064246,38.3028611],[128.55059487,38.30159999],[128.55035692,38.30138584],[128.54919099,38.30140963],[128.54771572,38.30171896],[128.54714465,38.30102892],[128.54700188,38.30055302],[128.54690671,38.30005334],[128.54687009,38.29965119],[128.54685912,38.29903017],[128.54723983,38.29822115],[128.54762054,38.29769767],[128.54819161,38.2971504],[128.5486913,38.29693624],[128.54971447,38.29710281],[128.55114215,38.29655553],[128.5518084,38.29610343],[128.55216531,38.29572272],[128.55216531,38.29515165],[128.5495955,38.29498509],[128.54909581,38.29481852],[128.54835818,38.29436643],[128.547277,38.2925835],[128.54719224,38.29115415],[128.5478109,38.29029755],[128.54861992,38.29044032],[128.54883407,38.29017857],[128.54876268,38.28910782],[128.54861992,38.28801327],[128.549205,38.2876235],[128.549126,38.2871385],[128.549198,38.286219],[128.5503445,38.2848085],[128.5517045,38.283773],[128.5518415,38.283771],[128.552222,38.283388],[128.554144,38.28031],[128.55433062,38.27861439],[128.55416406,38.27801953],[128.55361679,38.2777102],[128.5535595,38.276482],[128.553992,38.2758725],[128.5543515,38.275589],[128.555987,38.275135],[128.55780464,38.27414101],[128.55904196,38.27383168],[128.55949405,38.27257056],[128.55939888,38.27221364],[128.55847089,38.27173775],[128.55835191,38.27119048],[128.5578275,38.2704105],[128.5576175,38.2696745],[128.5575025,38.2685595],[128.557691,38.2672335],[128.557702,38.2672065],[128.55868504,38.26681227],[128.55908955,38.26647914],[128.55954164,38.26640776],[128.56020789,38.26607463],[128.56013651,38.26540839],[128.5601603,38.26483732],[128.55961303,38.2644804],[128.55916093,38.26379035],[128.5593037,38.26250544],[128.55989856,38.26160125],[128.56089794,38.26145848],[128.56123106,38.26110156],[128.56161177,38.25943594],[128.56115968,38.25924558],[128.56040902,38.25777088],[128.56115968,38.25703268],[128.56218284,38.25584295],[128.56406262,38.25420112],[128.56582342,38.25324934],[128.56639449,38.25363005],[128.567277,38.2536085],[128.5681425,38.2529575],[128.56872636,38.25248791],[128.56936882,38.25184546],[128.57005886,38.2507747],[128.57160551,38.24987051],[128.57189105,38.24951359],[128.57079649,38.2485618],[128.57136756,38.24718171],[128.5719195,38.2459645],[128.57258109,38.24477846],[128.57365185,38.24323181],[128.57486537,38.24204208],[128.57516919,38.24220751],[128.57536506,38.24208967],[128.5751747,38.24163757],[128.575209,38.241256],[128.57633,38.2403135],[128.576775,38.2397675],[128.57705448,38.2393057],[128.5774114,38.23902016],[128.57864872,38.23749731],[128.581388,38.234528],[128.5816255,38.2344345],[128.5843465,38.2319845],[128.5844825,38.231956],[128.586058,38.230377],[128.5862035,38.23024],[128.58692,38.229591],[128.5871196,38.2291454],[128.58726236,38.22759875],[128.58804759,38.22709906],[128.58980839,38.22743219],[128.59007013,38.2273608],[128.59187852,38.22481478],[128.59185472,38.22452925],[128.58999874,38.22431509],[128.58995115,38.22345849],[128.59061262,38.22247527],[128.59208417,38.22354215],[128.592636,38.22365252],[128.59315104,38.22229133],[128.59410755,38.22183147],[128.59404498,38.22146876],[128.59245206,38.2203967],[128.59405237,38.21868602],[128.59528806,38.21954199],[128.59613094,38.2194218],[128.5969219,38.21857566],[128.59675635,38.21807901],[128.59565269,38.21736163],[128.5967176,38.21618568],[128.59758776,38.21537767],[128.59850382,38.21474962],[128.5988901,38.2148048],[128.59918441,38.21502554],[128.59951453,38.21512906],[128.60100623,38.21456967],[128.60162777,38.21475613],[128.602125,38.21475613],[128.60231146,38.21226997],[128.60280869,38.20847858],[128.60311946,38.20717335],[128.60256008,38.20524658],[128.6,38.2],[128.5333335,38.1333335],[128.5166665,38.0666665],[128.2001165,38.0332055],[127.6666665,37.9666665],[126.8833335,37.6333335],[126.6833335,37.7166665],[126.56944444,37.70222222],[126.24333333,37.66],[126.16666667,37.65],[126.165333,37.6783505],[126.165829,37.678681],[126.166146,37.67875],[126.166869,37.678852],[126.167146,37.679279],[126.167822,37.679238],[126.168135,37.679056],[126.167995,37.678735],[126.167946,37.678448],[126.168433,37.677871],[126.169462,37.677253],[126.170003,37.677249],[126.170133,37.676889],[126.170582,37.676706],[126.171122,37.676666],[126.17225,37.676692],[126.174285,37.677034],[126.174917,37.6771],[126.175538,37.676342],[126.175581,37.676199],[126.177063,37.67572],[126.177562,37.675967],[126.179146,37.676312],[126.180092,37.676232],[126.180459,37.676659],[126.1824,37.676715],[126.183618,37.676776],[126.184348,37.677307],[126.18444,37.67745],[126.185443,37.67823],[126.185583,37.678551],[126.186128,37.678797],[126.185818,37.679194],[126.186274,37.679513],[126.186281,37.680014],[126.185387,37.680595],[126.185079,37.681099],[126.184319,37.681607],[126.1841,37.682039],[126.184782,37.682427],[126.184742,37.682786],[126.1852,37.683248],[126.185704,37.683781],[126.186116,37.684208],[126.186523,37.68424],[126.186708,37.684597],[126.186979,37.684595],[126.187288,37.684162],[126.187647,37.684051],[126.188237,37.684297],[126.189141,37.684433],[126.19028,37.685212],[126.191557,37.686168],[126.192467,37.686734],[126.192702,37.687341],[126.192797,37.687699],[126.19276,37.688236],[126.192898,37.688414],[126.193306,37.68859],[126.194965,37.691013],[126.200409,37.699423],[126.203273,37.704092],[126.204609,37.706052],[126.205717,37.707798],[126.20673,37.709259],[126.207792,37.71097],[126.209337,37.713236],[126.210698,37.715424],[126.214758,37.721696],[126.217481,37.725972],[126.220849,37.731175],[126.225001,37.737554],[126.228924,37.74372],[126.232706,37.749528],[126.232761,37.750208],[126.230484,37.7508355],[126.225311,37.752739],[126.223236,37.756687],[126.2149735,37.7626035],[126.212387,37.7640535],[126.2096025,37.767109],[126.2055665,37.767475],[126.204849,37.76857],[126.2048875,37.772991],[126.2085725,37.773659],[126.2123415,37.7754785],[126.216591,37.777504],[126.216774,37.7775915],[126.216965,37.779602],[126.2177965,37.781849],[126.218567,37.7834625],[126.2216185,37.786705],[126.224472,37.7890855],[126.224106,37.7890815],[126.224228,37.790806],[126.220459,37.792034],[126.218857,37.7930525],[126.2184675,37.7948875],[126.2203215,37.7963945],[126.2224805,37.7978095],[126.2226485,37.7979735],[126.224808,37.8000945],[126.225113,37.8019865],[126.2233965,37.803715],[126.223694,37.804577],[126.235756,37.8118095],[126.236389,37.8127935],[126.2364425,37.814171],[126.2375715,37.8156165],[126.2389295,37.8165475],[126.2416,37.8169175],[126.2421035,37.8166925],[126.2453765,37.815342],[126.2463915,37.8150065],[126.2481995,37.814621],[126.2521055,37.814373],[126.2580185,37.8147695],[126.2618255,37.816181],[126.2642595,37.817467],[126.2664335,37.817085],[126.2673185,37.8155975],[126.267334,37.8145675],[126.267868,37.814762],[126.2690125,37.8149565],[126.2708205,37.8142015],[126.2730485,37.813862],[126.274742,37.813015],[126.276253,37.8117485],[126.278641,37.8099175],[126.281967,37.808594],[126.2868575,37.8066825],[126.291435,37.8050425],[126.29364,37.802326],[126.2968065,37.802353],[126.3011475,37.8037145],[126.3031465,37.802742],[126.305275,37.802166],[126.3113175,37.8018725],[126.3139265,37.8019945],[126.319748,37.8038255],[126.322777,37.805729],[126.32283,37.805916],[126.3230285,37.806671],[126.323448,37.8077085],[126.3243025,37.8082885],[126.3259125,37.8071555],[126.3283235,37.8049355],[126.329201,37.803852],[126.3301695,37.8016205],[126.331703,37.8001975],[126.333458,37.79895],[126.3350525,37.7981035],[126.33625,37.79806],[126.336882,37.797809],[126.336927,37.797665],[126.340498,37.796477],[126.353348,37.7917825],[126.354973,37.7927015],[126.362503,37.7962075],[126.3629305,37.796612],[126.3662875,37.7993965],[126.367935,37.8006705],[126.369583,37.8013155],[126.371742,37.801792],[126.3760755,37.801941],[126.3790205,37.8027685],[126.379814,37.803234],[126.3803785,37.803444],[126.383774,37.804699],[126.3863295,37.805977],[126.3891295,37.810333],[126.3908385,37.8131945],[126.3921965,37.815647],[126.392235,37.816513],[126.393158,37.8180925],[126.393112,37.819828],[126.393097,37.8203355],[126.3910525,37.8220405],[126.391472,37.8229635],[126.3927,37.8229715],[126.395233,37.8227615],[126.3981245,37.822441],[126.4011305,37.822792],[126.401306,37.822727],[126.403717,37.821827],[126.4063875,37.821846],[126.411415,37.8234595],[126.4147035,37.8217545],[126.4175645,37.82288],[126.4201125,37.8249665],[126.4209365,37.8257255],[126.4236145,37.828209],[126.4248125,37.830456],[126.425949,37.831669],[126.4281235,37.8309975],[126.429146,37.8305475],[126.4307405,37.8299255],[126.433342,37.829544],[126.4365235,37.829109],[126.438278,37.8278005],[126.439453,37.8259165],[126.4401855,37.8249475],[126.441345,37.824383],[126.444336,37.8221625],[126.4459535,37.8198205],[126.447563,37.8181685],[126.449028,37.8163415],[126.449707,37.8154755],[126.450264,37.814766],[126.4525375,37.8119355],[126.45977,37.8063735],[126.4647905,37.804096],[126.485428,37.7908555],[126.4900895,37.7881815],[126.495117,37.786419],[126.5006105,37.7864495],[126.5006485,37.7864265],[126.5022585,37.7860795],[126.5074235,37.7831115],[126.508629,37.781841],[126.509659,37.777008],[126.5120775,37.7746355],[126.5136415,37.7726175],[126.5139925,37.771351],[126.513658,37.769979],[126.514694,37.769402],[126.515822,37.769004],[126.517311,37.768676],[126.518665,37.768385],[126.519161,37.768347],[126.519658,37.768274],[126.5202,37.768272],[126.520607,37.768235],[126.521104,37.768305],[126.521781,37.768267],[126.523139,37.768729],[126.524228,37.769622],[126.525362,37.770443],[126.527895,37.770901],[126.530426,37.771108],[126.532776,37.771172],[126.534585,37.771489],[126.535445,37.771845],[126.535987,37.771843],[126.536483,37.77159],[126.537429,37.771049],[126.538601,37.770543],[126.540451,37.770179],[126.543296,37.769847],[126.545328,37.769661],[126.547541,37.769618],[126.549344,37.768716],[126.550879,37.768495],[126.552551,37.768562],[126.554584,37.768591],[126.555894,37.768515],[126.557156,37.768081],[126.559456,37.767212],[126.560309,37.766277],[126.56148,37.765485],[126.56179,37.764408],[126.561964,37.763009],[126.561819,37.761396],[126.562086,37.760462],[126.562939,37.759455],[126.564466,37.757873],[126.566576,37.75532],[126.56761,37.754348],[126.568915,37.75334],[126.570089,37.753193],[126.572392,37.753078],[126.578086,37.75331],[126.58116,37.753551],[126.58315,37.753903],[126.585685,37.754899],[126.588175,37.755859],[126.590076,37.756463],[126.591255,37.75732],[126.592342,37.757818],[126.593201,37.757887],[126.594554,37.757452],[126.59645,37.757088],[126.597895,37.757184],[126.598573,37.757254],[126.599341,37.75711],[126.600468,37.756139],[126.603128,37.753947],[126.604436,37.753228],[126.605656,37.753082],[126.606424,37.753045],[126.607282,37.753223],[126.608548,37.753472],[126.60995,37.7539],[126.611895,37.754757],[126.614384,37.756259],[126.615606,37.757333],[126.617598,37.758764],[126.618459,37.75991],[126.618821,37.760089],[126.620449,37.760588],[126.621129,37.761412],[126.622168,37.761517],[126.625248,37.764632],[126.625792,37.765169],[126.627332,37.766781],[126.628012,37.767676],[126.628784,37.769217],[126.62924,37.770866],[126.629921,37.771869],[126.631866,37.772834],[126.635121,37.773796],[126.636658,37.774081],[126.638376,37.774365],[126.64127,37.77522],[126.642717,37.775935],[126.643215,37.776042],[126.643576,37.77597],[126.643891,37.77561],[126.645063,37.774712],[126.647183,37.773309],[126.649304,37.772266],[126.650116,37.771906],[126.651065,37.771832],[126.653278,37.771613],[126.655899,37.771788],[126.659063,37.772392],[126.661549,37.772854],[126.664443,37.77371],[126.666659,37.774495],[126.668921,37.775567],[126.671772,37.777356],[126.673764,37.779038],[126.67399,37.779002],[126.674576,37.77857],[126.674892,37.778606],[126.676114,37.779392],[126.677291,37.780395],[126.677473,37.780753],[126.677474,37.781219],[126.677341,37.781937],[126.677387,37.782439],[126.677478,37.78269],[126.677569,37.78294],[126.677661,37.783478],[126.677355,37.787352],[126.677401,37.787675],[126.677672,37.787889],[126.678079,37.788032],[126.678261,37.788247],[126.678171,37.788391],[126.678035,37.788355],[126.677719,37.788356],[126.677312,37.788428],[126.677042,37.788751],[126.676954,37.789576],[126.676911,37.790365],[126.676559,37.794239],[126.67751,37.794955],[126.678552,37.795886],[126.67899,37.796436],[126.679866,37.797497],[126.68159,37.800112],[126.682044,37.801008],[126.682408,37.802012],[126.682636,37.802908],[126.683091,37.80427],[126.68359,37.80495],[126.683999,37.805703],[126.684136,37.80642],[126.684413,37.808535],[126.684644,37.810507],[126.684513,37.812193],[126.683976,37.814238],[126.68366,37.814633],[126.683344,37.814455],[126.683388,37.813917],[126.68334,37.812948],[126.683158,37.812411],[126.682569,37.811946],[126.681755,37.811588],[126.680987,37.811554],[126.680535,37.811555],[126.679408,37.812561],[126.677246,37.815111],[126.674682,37.819275],[126.673334,37.822183],[126.672796,37.823977],[126.673026,37.825411],[126.673617,37.826629],[126.674794,37.827524],[126.681851,37.831206],[126.68479,37.832061],[126.686599,37.832775],[126.687639,37.833204],[126.689358,37.83399],[126.691439,37.834919],[126.692931,37.835311],[126.692302,37.836782],[126.691898,37.837895],[126.691405,37.839187],[126.690912,37.840694],[126.690463,37.841914],[126.690347,37.842885],[126.689894,37.844572],[126.689479,37.845736],[126.688772,37.847191],[126.687262,37.851306],[126.685377,37.856959],[126.684435,37.860285],[126.683992,37.862834],[126.683825,37.864885],[126.684103,37.866215],[126.684546,37.867213],[126.684934,37.867933],[126.684768,37.86882],[126.683909,37.870427],[126.681872,37.874044],[126.68129,37.875],[126.680999,37.875873],[126.681007,37.877904],[126.681007,37.88634],[126.681007,37.897505],[126.681007,37.901785],[126.683736,37.905879],[126.685494,37.908568],[126.686939,37.911218],[126.68824,37.913193],[126.689372,37.914879],[126.689902,37.915842],[126.690625,37.916998],[126.690788,37.917698],[126.690725,37.918368],[126.690336,37.919022],[126.689059,37.919937],[126.685956,37.921819],[126.684178,37.922572],[126.680324,37.924303],[126.678029,37.925419],[126.677098,37.925605],[126.67561,37.925667],[126.674493,37.925915],[126.673955,37.926274],[126.673656,37.926745],[126.673501,37.927528],[126.673439,37.928521],[126.673625,37.929327],[126.673687,37.930196],[126.673811,37.930878],[126.673687,37.933173],[126.673625,37.935158],[126.673377,37.937205],[126.673253,37.93857],[126.672943,37.939438],[126.67195,37.940182],[126.67071,37.940927],[126.670213,37.941671],[126.669531,37.942788],[126.669297,37.943453],[126.669115,37.944337],[126.668962,37.944997],[126.668971,37.94565],[126.6692,37.946144],[126.669483,37.946788],[126.669712,37.947565],[126.669814,37.948142],[126.669669,37.948528],[126.669624,37.949189],[126.669501,37.949925],[126.669573,37.950262],[126.669741,37.950551],[126.669986,37.951006],[126.670103,37.951394],[126.670247,37.952333],[126.670321,37.952674],[126.670206,37.952957],[126.670006,37.953201],[126.669766,37.953514],[126.669747,37.954271],[126.669669,37.954983],[126.669718,37.955344],[126.670031,37.955754],[126.670224,37.955995],[126.670259,37.956469],[126.670312,37.956839],[126.670344,37.957343],[126.670312,37.957775],[126.671331,37.957777],[126.672395,37.957713],[126.673354,37.957488],[126.674198,37.957127],[126.674872,37.956838],[126.676173,37.956211],[126.677209,37.955441],[126.677859,37.955055],[126.678732,37.954896],[126.679882,37.955103],[126.681103,37.955677],[126.682267,37.956428],[126.682609,37.957044],[126.683037,37.957416],[126.683697,37.957797],[126.684924,37.958243],[126.686151,37.958605],[126.687397,37.958789],[126.688529,37.958813],[126.690191,37.958813],[126.691082,37.958548],[126.691729,37.958215],[126.692551,37.957584],[126.693563,37.956717],[126.694743,37.95585],[126.695968,37.95498],[126.696936,37.954236],[126.698501,37.953201],[126.699465,37.952839],[126.700838,37.95255],[126.702283,37.952406],[126.703342,37.952357],[126.704642,37.952442],[126.70559,37.952609],[126.706427,37.952804],[126.70757,37.953139],[126.708881,37.953557],[126.710328,37.954044],[126.711917,37.954525],[126.712953,37.954757],[126.714236,37.955147],[126.715491,37.955482],[126.716579,37.955733],[126.717694,37.95604],[126.718419,37.956235],[126.719479,37.956597],[126.72079,37.956988],[126.722129,37.957323],[126.723069,37.957584],[126.724057,37.957921],[126.724834,37.958578],[126.725559,37.959386],[126.726898,37.960307],[126.728265,37.961227],[126.728739,37.961785],[126.729603,37.964128],[126.730217,37.965076],[126.730803,37.96608],[126.731388,37.966972],[126.732532,37.967363],[126.733424,37.967642],[126.734874,37.967921],[126.73599,37.968088],[126.737607,37.968144],[126.738723,37.968144],[126.7394,37.968158],[126.740313,37.96859],[126.741345,37.969622],[126.742181,37.970765],[126.743013,37.971651],[126.743952,37.972349],[126.745205,37.973168],[126.746144,37.973578],[126.74718,37.973891],[126.747854,37.973939],[126.749131,37.974084],[126.750639,37.974203],[126.751533,37.974292],[126.752338,37.974069],[126.753457,37.973309],[126.754351,37.97304],[126.755156,37.973219],[126.755603,37.974114],[126.755871,37.975366],[126.756185,37.976707],[126.757169,37.978586],[126.757884,37.979346],[126.758734,37.979883],[126.760254,37.980151],[126.761462,37.980151],[126.763519,37.980151],[126.764816,37.980196],[126.765934,37.980375],[126.767097,37.980688],[126.768349,37.981403],[126.769467,37.982387],[126.770988,37.983818],[126.772777,37.985071],[126.7747,37.986412],[126.775371,37.986904],[126.776086,37.987038],[126.776712,37.986949],[126.777338,37.986681],[126.778188,37.986189],[126.779172,37.985518],[126.780201,37.985071],[126.7819,37.984489],[126.783331,37.984176],[126.784315,37.984042],[126.784941,37.985473],[126.785657,37.987396],[126.786909,37.989453],[126.787311,37.990527],[126.787446,37.991734],[126.787446,37.992405],[126.787535,37.993031],[126.78843,37.993657],[126.78919,37.994149],[126.789906,37.994596],[126.790218,37.995133],[126.790487,37.995491],[126.791023,37.996028],[126.791247,37.996967],[126.791381,37.997817],[126.791829,37.998174],[126.792678,37.998264],[126.794073,37.998228],[126.794713,37.998313],[126.79674,37.998911],[126.798318,37.999316],[126.798958,37.999337],[126.799342,37.998825],[126.799769,37.998313],[126.800366,37.997737],[126.800835,37.997481],[126.801369,37.997545],[126.801902,37.997737],[126.802499,37.997908],[126.802969,37.997908],[126.803635,37.997593],[126.804355,37.997332],[126.805017,37.997375],[126.805614,37.997631],[126.806274,37.99804],[126.806721,37.998174],[126.80766,37.998174],[126.8086,37.998121],[126.80924,37.998185],[126.809852,37.998577],[126.81067,37.999103],[126.811462,37.999471],[126.81258,38.000053],[126.813027,38.000276],[126.81276,38.001172],[126.814062,38.001684],[126.815384,38.002217],[126.816382,38.002857],[126.81745,38.003791],[126.818651,38.004547],[126.820297,38.005659],[126.821631,38.006282],[126.823633,38.007127],[126.824478,38.007616],[126.824522,38.008328],[126.824122,38.008906],[126.823455,38.009662],[126.823144,38.01024],[126.822788,38.011263],[126.823188,38.01153],[126.823811,38.012108],[126.824745,38.013221],[126.82559,38.014688],[126.826168,38.016156],[126.827013,38.018336],[126.827814,38.019715],[126.829015,38.02096],[126.831372,38.023184],[126.833685,38.025853],[126.836799,38.029144],[126.837644,38.0299],[126.839245,38.031324],[126.840579,38.032302],[126.841425,38.032747],[126.842181,38.032925],[126.843293,38.032658],[126.844696,38.032245],[126.8454,38.032187],[126.845917,38.032391],[126.846584,38.032747],[126.847014,38.033023],[126.847352,38.03317],[126.848085,38.033228],[126.848819,38.033111],[126.849567,38.032847],[126.850676,38.032347],[126.850873,38.03248],[126.850988,38.032658],[126.85121,38.033726],[126.851299,38.03506],[126.851093,38.035649],[126.850902,38.03628],[126.850917,38.036603],[126.850961,38.036823],[126.851166,38.037062],[126.852144,38.037684],[126.853529,38.038408],[126.85391,38.03873],[126.854571,38.039024],[126.855025,38.0392],[126.855509,38.039317],[126.855836,38.039508],[126.855979,38.039831],[126.856038,38.0403],[126.85595,38.040961],[126.856067,38.041269],[126.856548,38.04191],[126.857388,38.042868],[126.858048,38.043513],[126.858385,38.043851],[126.858532,38.044159],[126.858591,38.045788],[126.858561,38.047049],[126.858693,38.047504],[126.859555,38.04924],[126.859712,38.050127],[126.859686,38.051927],[126.859686,38.057013],[126.859842,38.057691],[126.860573,38.058448],[126.861747,38.059804],[126.862581,38.060874],[126.862738,38.061395],[126.862894,38.0621],[126.863312,38.062804],[126.863807,38.063612],[126.863677,38.064056],[126.86292,38.065334],[126.862529,38.066038],[126.862286,38.06673],[126.862279,38.067169],[126.862498,38.067353],[126.862841,38.06752],[126.863149,38.067599],[126.863482,38.067582],[126.863816,38.067415],[126.864027,38.067213],[126.864256,38.067186],[126.864537,38.067213],[126.864862,38.067274],[126.865221,38.067486],[126.865398,38.067801],[126.865512,38.068337],[126.865679,38.068689],[126.866004,38.068952],[126.866556,38.069399],[126.866803,38.069611],[126.866956,38.069932],[126.86712,38.070235],[126.867137,38.070613],[126.867199,38.071131],[126.867312,38.071489],[126.867489,38.071842],[126.867673,38.072247],[126.867682,38.072651],[126.867621,38.073002],[126.867401,38.073491],[126.867427,38.073758],[126.867579,38.074024],[126.867866,38.074197],[126.868246,38.074291],[126.868604,38.07439],[126.869047,38.074603],[126.868968,38.075266],[126.868824,38.076115],[126.86871,38.076625],[126.868913,38.077049],[126.86912,38.077363],[126.869447,38.077538],[126.870268,38.077784],[126.870537,38.077984],[126.870619,38.078265],[126.870514,38.078487],[126.870326,38.078722],[126.869981,38.078962],[126.869635,38.07919],[126.868628,38.079588],[126.868323,38.079834],[126.868113,38.080296],[126.867972,38.080877],[126.867796,38.081299],[126.867668,38.082253],[126.86789,38.082622],[126.868265,38.082927],[126.868487,38.083196],[126.868897,38.083887],[126.869314,38.084433],[126.869447,38.084789],[126.869401,38.085082],[126.869073,38.085574],[126.869038,38.085832],[126.869237,38.08616],[126.869811,38.086734],[126.86994,38.08705],[126.869952,38.087425],[126.86994,38.087987],[126.870203,38.088302],[126.870737,38.088703],[126.871627,38.089326],[126.872071,38.089637],[126.872828,38.090437],[126.873272,38.091149],[126.873419,38.091525],[126.873495,38.091994],[126.873495,38.092484],[126.87336,38.093704],[126.873513,38.094301],[126.873665,38.094617],[126.87394,38.094974],[126.874614,38.095191],[126.875035,38.095414],[126.875096,38.096131],[126.875106,38.096749],[126.875363,38.097198],[126.875785,38.097417],[126.876164,38.097554],[126.876608,38.09791],[126.876699,38.098295],[126.876675,38.099139],[126.877009,38.099778],[126.877809,38.100846],[126.878832,38.10178],[126.8799,38.102447],[126.880585,38.102742],[126.88133,38.103174],[126.882219,38.103751],[126.882867,38.103943],[126.883612,38.104039],[126.884392,38.103959],[126.886447,38.103222],[126.88755,38.103248],[126.888345,38.103222],[126.888946,38.103126],[126.88957,38.102838],[126.890724,38.102381],[126.892646,38.101709],[126.895023,38.100979],[126.896713,38.100445],[126.897794,38.100095],[126.898488,38.100095],[126.899337,38.100442],[126.899955,38.100983],[126.900379,38.101986],[126.900572,38.1038],[126.900495,38.105729],[126.900534,38.107891],[126.90119,38.108585],[126.902425,38.109936],[126.903428,38.110939],[126.904393,38.111904],[126.905088,38.112792],[126.906052,38.112985],[126.906747,38.113371],[126.907056,38.11449],[126.907403,38.115764],[126.908792,38.116458],[126.911031,38.116883],[126.914697,38.117539],[126.917977,38.118079],[126.919212,38.118388],[126.920563,38.119276],[126.92284,38.120626],[126.924152,38.121784],[126.925426,38.122749],[126.926699,38.123328],[126.927433,38.123791],[126.927857,38.124486],[126.928282,38.125219],[126.928783,38.125991],[126.929401,38.126454],[126.930173,38.126917],[126.931485,38.127226],[126.932952,38.12738],[126.934688,38.127419],[126.936232,38.127419],[126.937235,38.127419],[126.93768,38.127703],[126.938125,38.128059],[126.938749,38.128906],[126.939105,38.129885],[126.939194,38.130776],[126.939372,38.131756],[126.93964,38.132914],[126.94013,38.133582],[126.940852,38.134035],[126.941778,38.134206],[126.942846,38.134206],[126.943515,38.134072],[126.944223,38.133968],[126.945167,38.134035],[126.947212,38.134507],[126.948503,38.134829],[126.949212,38.134822],[126.950223,38.134709],[126.951684,38.134552],[126.95292,38.13462],[126.953886,38.134462],[126.95545,38.134161],[126.957811,38.133716],[126.959571,38.133541],[126.960929,38.134206],[126.961841,38.134664],[126.963032,38.135002],[126.964021,38.135406],[126.96474,38.136058],[126.965338,38.136878],[126.966318,38.138259],[126.966852,38.139091],[126.96752,38.14004],[126.968144,38.141064],[126.968945,38.142178],[126.969658,38.143291],[126.969908,38.143878],[126.969908,38.144372],[126.969658,38.145295],[126.969257,38.146097],[126.968277,38.147567],[126.967369,38.148282],[126.96605,38.148947],[126.964605,38.149721],[126.963378,38.150284],[126.962443,38.150774],[126.96124,38.151397],[126.960483,38.151753],[126.95937,38.151932],[126.958434,38.152199],[126.957499,38.152778],[126.95643,38.153579],[126.95554,38.154381],[126.954293,38.155227],[126.952956,38.156073],[126.951531,38.156697],[126.951122,38.157002],[126.951032,38.157451],[126.95113,38.157855],[126.951442,38.158835],[126.951481,38.159316],[126.951353,38.159726],[126.951077,38.160327],[126.951099,38.160664],[126.951414,38.161249],[126.951843,38.162131],[126.95456,38.162309],[126.95505,38.162799],[126.955851,38.163422],[126.956697,38.164046],[126.957684,38.164642],[126.959144,38.165563],[126.96101,38.167069],[126.962021,38.167923],[126.96292,38.16862],[126.963549,38.169069],[126.964493,38.169788],[126.965391,38.17035],[126.965706,38.170709],[126.965841,38.171159],[126.965917,38.171884],[126.965908,38.173361],[126.965976,38.173945],[126.966362,38.175536],[126.966763,38.177095],[126.967965,38.178654],[126.968852,38.179361],[126.969863,38.180148],[126.969751,38.181047],[126.969684,38.181766],[126.969639,38.182485],[126.969908,38.183766],[126.970148,38.1848],[126.970448,38.1859],[126.967774,38.187653],[126.966095,38.188853],[126.96467,38.189833],[126.965204,38.190278],[126.96663,38.191392],[126.967032,38.191878],[126.967324,38.19244],[126.967654,38.19344],[126.968111,38.194148],[126.969414,38.195316],[126.970358,38.196148],[126.971167,38.196979],[126.972201,38.197608],[126.973488,38.198117],[126.974335,38.198552],[126.975347,38.199294],[126.976043,38.199743],[126.976695,38.20017],[126.977279,38.20071],[126.977594,38.201406],[126.977751,38.201856],[126.977965,38.202084],[126.978628,38.202372],[126.9791,38.202971],[126.979768,38.203996],[126.981639,38.206223],[126.98247,38.207204],[126.983286,38.208405],[126.984311,38.209607],[126.985023,38.210543],[126.985424,38.211523],[126.98587,38.212725],[126.986263,38.21348],[126.987125,38.214243],[126.988095,38.215022],[126.988631,38.215353],[126.98943,38.215752],[126.990384,38.216216],[126.99084,38.216382],[126.99166,38.216466],[126.992224,38.216465],[126.992722,38.216399],[126.99307,38.21644],[126.993534,38.216606],[126.994024,38.216747],[126.994554,38.216867],[126.994936,38.216905],[126.995401,38.216867],[126.996014,38.216764],[126.996603,38.2166],[126.997067,38.216449],[126.997648,38.216395],[126.999756,38.216292],[127.000626,38.216307],[127.000935,38.216248],[127.001502,38.21611],[127.002011,38.216911],[127.002883,38.218114],[127.003417,38.218916],[127.003641,38.21978],[127.003929,38.221484],[127.004191,38.222296],[127.004887,38.223325],[127.005911,38.224082],[127.006969,38.22489],[127.007826,38.225463],[127.00841,38.22607],[127.009118,38.22671],[127.009964,38.227378],[127.010722,38.228001],[127.012146,38.229026],[127.012891,38.229607],[127.013075,38.230315],[127.013037,38.231297],[127.013394,38.232366],[127.013661,38.233123],[127.013703,38.233984],[127.013756,38.234848],[127.014411,38.235975],[127.015131,38.236731],[127.016022,38.237265],[127.01709,38.237621],[127.01787,38.237967],[127.018872,38.238824],[127.020124,38.239172],[127.021513,38.239644],[127.022325,38.240089],[127.023014,38.24065],[127.023949,38.242253],[127.025241,38.24448],[127.026042,38.245995],[127.026832,38.245645],[127.027828,38.245226],[127.02916,38.245193],[127.030632,38.24554],[127.031654,38.246128],[127.032624,38.247112],[127.033043,38.248056],[127.033436,38.249497],[127.034326,38.249869],[127.03544,38.250359],[127.037043,38.251205],[127.037889,38.251784],[127.038468,38.252675],[127.038887,38.253611],[127.039856,38.254922],[127.04089,38.25643],[127.041524,38.257291],[127.042385,38.258378],[127.043155,38.259012],[127.04388,38.25951],[127.044604,38.259827],[127.045419,38.260053],[127.046552,38.260008],[127.04782,38.259872],[127.049315,38.259691],[127.050538,38.259555],[127.051349,38.259404],[127.052037,38.259254],[127.052575,38.259015],[127.053591,38.258746],[127.055026,38.258627],[127.055684,38.258746],[127.056192,38.259105],[127.056551,38.260301],[127.057,38.261048],[127.057478,38.261706],[127.057927,38.262184],[127.058614,38.262483],[127.059362,38.262603],[127.060199,38.262693],[127.061484,38.262663],[127.0628,38.262962],[127.063756,38.263261],[127.064773,38.26353],[127.065221,38.263709],[127.065969,38.264038],[127.066657,38.264576],[127.067045,38.265294],[127.067224,38.265981],[127.067404,38.266878],[127.067822,38.267237],[127.068241,38.267357],[127.068929,38.267297],[127.069586,38.267327],[127.070304,38.267566],[127.070932,38.268074],[127.071559,38.26933],[127.072098,38.270376],[127.072516,38.270765],[127.073503,38.271034],[127.07434,38.271333],[127.074938,38.271871],[127.075536,38.272439],[127.076193,38.272857],[127.076732,38.273396],[127.076851,38.274053],[127.076433,38.275219],[127.075984,38.276535],[127.075596,38.277402],[127.075446,38.27794],[127.076014,38.278209],[127.076672,38.278359],[127.077007,38.278319],[127.077204,38.278147],[127.0773,38.27794],[127.077599,38.277701],[127.077988,38.277571],[127.078319,38.277571],[127.078795,38.277671],[127.079214,38.277865],[127.079751,38.27797],[127.080648,38.278],[127.081426,38.278],[127.081751,38.277791],[127.082083,38.277559],[127.082831,38.277312],[127.083321,38.277326],[127.084296,38.277521],[127.085012,38.277657],[127.085641,38.27785],[127.08603,38.278239],[127.086358,38.278777],[127.087046,38.279255],[127.087844,38.279459],[127.088362,38.279345],[127.088661,38.279016],[127.089046,38.278833],[127.089318,38.278807],[127.090051,38.278883],[127.090553,38.278981],[127.091191,38.27914],[127.092158,38.279166],[127.093145,38.279285],[127.093741,38.279324],[127.094182,38.279446],[127.09449,38.279614],[127.095118,38.280511],[127.095447,38.281498],[127.096374,38.284099],[127.097043,38.285674],[127.097779,38.285504],[127.098348,38.285374],[127.098926,38.285225],[127.099268,38.285353],[127.099653,38.285589],[127.100103,38.286016],[127.100488,38.286295],[127.100918,38.28661],[127.101344,38.286915],[127.101695,38.287178],[127.102221,38.287514],[127.102692,38.288007],[127.103101,38.288613],[127.104267,38.289809],[127.104984,38.290407],[127.105702,38.290736],[127.10636,38.291453],[127.107316,38.292679],[127.108727,38.294212],[127.109559,38.294951],[127.110482,38.295689],[127.110995,38.295903],[127.111591,38.296147],[127.112399,38.296297],[127.113007,38.29631],[127.112997,38.296984],[127.113071,38.297401],[127.11367,38.297658],[127.114282,38.29809],[127.11494,38.298479],[127.115275,38.298599],[127.115681,38.298514],[127.115986,38.298001],[127.116195,38.29785],[127.11658,38.297807],[127.116944,38.298043],[127.117541,38.29821],[127.118169,38.29836],[127.118438,38.298718],[127.118976,38.299017],[127.120381,38.299406],[127.121697,38.299615],[127.123102,38.299675],[127.124836,38.299585],[127.126121,38.299316],[127.127048,38.299286],[127.127795,38.299496],[127.128154,38.299824],[127.128663,38.300901],[127.12932,38.302904],[127.129679,38.30407],[127.130396,38.306701],[127.130845,38.308883],[127.131294,38.310797],[127.131592,38.312262],[127.132041,38.313129],[127.132878,38.313667],[127.133775,38.314205],[127.135598,38.314623],[127.136824,38.314773],[127.13823,38.314803],[127.139455,38.314743],[127.140681,38.314384],[127.141399,38.313936],[127.142026,38.313188],[127.142804,38.312501],[127.144209,38.311813],[127.145285,38.311245],[127.146361,38.310348],[127.147527,38.308973],[127.148932,38.30694],[127.150158,38.305385],[127.151384,38.30392],[127.152221,38.303382],[127.152819,38.303143],[127.154195,38.303502],[127.160622,38.305625],[127.167977,38.307986],[127.179482,38.311118],[127.187167,38.313286],[127.192797,38.31496],[127.196183,38.316101],[127.197705,38.316672],[127.204096,38.318917],[127.209498,38.321047],[127.218018,38.324477],[127.220428,38.325547],[127.221639,38.32643],[127.222446,38.327505],[127.222767,38.328252],[127.223202,38.328588],[127.224035,38.328939],[127.227328,38.330294],[127.230652,38.3315],[127.233438,38.332376],[127.236412,38.333221],[127.238509,38.333754],[127.23926,38.333785],[127.2407,38.333973],[127.241922,38.334161],[127.242548,38.334317],[127.243174,38.333879],[127.24549,38.332032],[127.247682,38.330404],[127.249372,38.329277],[127.250937,38.328588],[127.252941,38.328338],[127.257416,38.327903],[127.263145,38.327646],[127.267164,38.327219],[127.273382,38.326334],[127.277045,38.325834],[127.280238,38.325333],[127.284245,38.324707],[127.288909,38.323861],[127.290913,38.323298],[127.291821,38.322954],[127.292415,38.322453],[127.293135,38.321576],[127.294075,38.320512],[127.295327,38.319479],[127.296235,38.318759],[127.296861,38.318446],[127.297612,38.317976],[127.298113,38.317444],[127.298489,38.316912],[127.298761,38.315974],[127.299061,38.315161],[127.299531,38.314306],[127.300044,38.313451],[127.300557,38.312639],[127.301463,38.313719],[127.302308,38.314376],[127.303028,38.314783],[127.303807,38.315119],[127.304362,38.315461],[127.305313,38.31591],[127.306127,38.316223],[127.306909,38.316442],[127.308036,38.316693],[127.309151,38.316957],[127.310562,38.317171],[127.311802,38.317599],[127.31292,38.317914],[127.314548,38.31854],[127.315736,38.318881],[127.316805,38.319223],[127.317959,38.319565],[127.319327,38.319865],[127.320525,38.320249],[127.321722,38.320677],[127.322748,38.320848],[127.323945,38.320805],[127.324629,38.320763],[127.325014,38.320421],[127.325185,38.319865],[127.325399,38.31901],[127.325997,38.318368],[127.32681,38.318154],[127.327665,38.318154],[127.328648,38.318411],[127.330187,38.31901],[127.332411,38.320121],[127.334292,38.321105],[127.336002,38.322259],[127.33767,38.323499],[127.338782,38.324311],[127.340321,38.324782],[127.341561,38.325466],[127.342715,38.32615],[127.34357,38.326791],[127.344554,38.327475],[127.345751,38.328245],[127.346606,38.328673],[127.34729,38.328801],[127.347835,38.328768],[127.348774,38.32849],[127.349608,38.328281],[127.350685,38.328177],[127.351693,38.328177],[127.352978,38.328316],[127.354368,38.32849],[127.355376,38.328455],[127.356453,38.328177],[127.357843,38.327552],[127.3584,38.326926],[127.359129,38.326301],[127.360102,38.325849],[127.361214,38.324702],[127.361874,38.323938],[127.3625,38.324494],[127.363091,38.324841],[127.36323,38.325293],[127.363195,38.325779],[127.363369,38.326266],[127.364805,38.326636],[127.377454,38.333216],[127.379168,38.334328],[127.380141,38.334837],[127.3813,38.33544],[127.382041,38.33581],[127.382829,38.336042],[127.384867,38.336042],[127.386026,38.336042],[127.387045,38.335718],[127.38774,38.335162],[127.388342,38.334513],[127.389084,38.333957],[127.390126,38.333424],[127.391898,38.333216],[127.393914,38.333111],[127.396451,38.333146],[127.398188,38.333251],[127.399265,38.333355],[127.400377,38.333668],[127.402115,38.333633],[127.403817,38.333459],[127.406181,38.333216],[127.4072,38.333077],[127.408196,38.33266],[127.409343,38.331965],[127.410976,38.331305],[127.413026,38.330714],[127.414868,38.330054],[127.416235,38.329602],[127.417764,38.329231],[127.419664,38.328803],[127.421783,38.32842],[127.424285,38.327899],[127.426058,38.327482],[127.426926,38.327169],[127.427517,38.326822],[127.428073,38.326266],[127.428652,38.325478],[127.42944,38.324598],[127.430506,38.323486],[127.431826,38.322131],[127.43273,38.321401],[127.433564,38.321158],[127.435266,38.32088],[127.436587,38.320636],[127.438429,38.320219],[127.440583,38.319455],[127.442355,38.318829],[127.443433,38.318517],[127.444996,38.317961],[127.446699,38.317474],[127.448263,38.317196],[127.449896,38.317161],[127.451912,38.317474],[127.453614,38.317891],[127.454518,38.318273],[127.455317,38.31876],[127.456047,38.318899],[127.456777,38.318795],[127.458306,38.318296],[127.460112,38.317648],[127.461642,38.317138],[127.462614,38.316906],[127.463588,38.316906],[127.464885,38.317231],[127.465904,38.317648],[127.466576,38.317891],[127.467387,38.317833],[127.46814,38.317752],[127.469148,38.317544],[127.469912,38.3173],[127.470642,38.317196],[127.471059,38.316883],[127.471557,38.316767],[127.472484,38.316721],[127.473688,38.316906],[127.474464,38.316779],[127.475333,38.316744],[127.476341,38.316501],[127.476515,38.316154],[127.476688,38.315459],[127.476758,38.314764],[127.476688,38.314242],[127.476723,38.313686],[127.477036,38.313165],[127.477905,38.312227],[127.479364,38.310177],[127.480441,38.308578],[127.481206,38.307466],[127.481588,38.306597],[127.481982,38.30625],[127.482735,38.306111],[127.483361,38.306041],[127.483881,38.306007],[127.484646,38.306041],[127.485411,38.30625],[127.48621,38.306493],[127.487183,38.306424],[127.488434,38.30618],[127.489164,38.305833],[127.49038,38.304929],[127.491457,38.303887],[127.492951,38.302636],[127.49462,38.301003],[127.495801,38.299995],[127.4966,38.300099],[127.497759,38.300221],[127.500794,38.300553],[127.502087,38.30079],[127.502486,38.30079],[127.503208,38.300641],[127.50374,38.300553],[127.50456,38.300619],[127.50671,38.301263],[127.509003,38.302023],[127.511607,38.303095],[127.512136,38.303366],[127.512716,38.303419],[127.513414,38.303344],[127.514186,38.303743],[127.514949,38.304164],[127.515694,38.30469],[127.515856,38.305014],[127.516093,38.305599],[127.516479,38.306247],[127.517139,38.30707],[127.517588,38.307718],[127.518136,38.307904],[127.518897,38.308066],[127.519582,38.308216],[127.520765,38.308303],[127.522061,38.308316],[127.522734,38.308341],[127.523212,38.308439],[127.523582,38.308652],[127.524297,38.309059],[127.525114,38.309499],[127.525782,38.309923],[127.526423,38.310334],[127.52762,38.311097],[127.528373,38.311341],[127.528905,38.311607],[127.5305,38.313113],[127.532006,38.314464],[127.533176,38.31553],[127.534377,38.316214],[127.536082,38.317145],[127.5375,38.317521],[127.538142,38.317765],[127.539715,38.318363],[127.540964,38.318969],[127.541836,38.319543],[127.54302,38.320452],[127.544689,38.321661],[127.546696,38.323804],[127.547892,38.324639],[127.548901,38.325299],[127.549711,38.326072],[127.550247,38.326633],[127.550835,38.326869],[127.552009,38.327135],[127.553611,38.327555],[127.55477,38.327866],[127.55715,38.328402],[127.558546,38.328714],[127.560751,38.329324],[127.562309,38.329922],[127.56419,38.330483],[127.565985,38.330794],[127.568372,38.331256],[127.570204,38.331728],[127.571149,38.332201],[127.571705,38.332595],[127.572323,38.333028],[127.572702,38.333461],[127.573082,38.334114],[127.573735,38.334707],[127.574411,38.335099],[127.575123,38.335491],[127.575882,38.335918],[127.582421,38.335882],[127.590361,38.335918],[127.598834,38.335918],[127.607699,38.335918],[127.611473,38.335918],[127.612684,38.335099],[127.613787,38.334102],[127.614428,38.333319],[127.614759,38.33234],[127.61518,38.331344],[127.615424,38.330657],[127.615933,38.32997],[127.616509,38.329416],[127.61662,38.329084],[127.616554,38.328641],[127.616332,38.328242],[127.616022,38.327644],[127.615845,38.327024],[127.615976,38.326608],[127.616325,38.326059],[127.616849,38.325499],[127.617384,38.325237],[127.617771,38.325038],[127.618206,38.324888],[127.618643,38.324813],[127.619016,38.324801],[127.619353,38.324813],[127.619789,38.324851],[127.620126,38.324888],[127.620437,38.324988],[127.620674,38.325063],[127.620923,38.325063],[127.621185,38.325],[127.621596,38.32495],[127.621982,38.324938],[127.622506,38.324975],[127.622892,38.325088],[127.623166,38.3252],[127.623452,38.325349],[127.623727,38.325399],[127.62415,38.325461],[127.624449,38.325511],[127.624699,38.325586],[127.624923,38.325698],[127.625122,38.325935],[127.625259,38.326159],[127.625384,38.326259],[127.625521,38.326271],[127.62572,38.326221],[127.626119,38.326047],[127.626294,38.325947],[127.626618,38.32581],[127.627029,38.325736],[127.627228,38.325661],[127.627627,38.325436],[127.627926,38.325312],[127.62815,38.325274],[127.628562,38.325237],[127.62886,38.325187],[127.629184,38.325175],[127.629433,38.325212],[127.629832,38.325399],[127.63043,38.325574],[127.631066,38.32576],[127.631801,38.325848],[127.632791,38.325717],[127.633483,38.325461],[127.633595,38.325088],[127.633571,38.324303],[127.633558,38.323667],[127.633882,38.323219],[127.634393,38.323044],[127.635028,38.323032],[127.635876,38.323106],[127.637022,38.323206],[127.638031,38.323368],[127.639016,38.323613],[127.639924,38.323901],[127.640655,38.324122],[127.641595,38.32444],[127.642542,38.324764],[127.643153,38.325112],[127.643775,38.325648],[127.64415,38.325972],[127.644511,38.32586],[127.64481,38.325623],[127.645159,38.325337],[127.645371,38.32525],[127.645657,38.325474],[127.645944,38.325598],[127.646492,38.325648],[127.646953,38.325723],[127.647352,38.325798],[127.647601,38.326084],[127.647791,38.326213],[127.648034,38.326269],[127.648277,38.3262],[127.64867,38.32591],[127.649055,38.325666],[127.649298,38.325585],[127.649561,38.325666],[127.649866,38.325687],[127.650036,38.325633],[127.650149,38.325464],[127.650656,38.325018],[127.650965,38.32486],[127.651152,38.324816],[127.651386,38.324937],[127.65169,38.325058],[127.651933,38.324998],[127.652118,38.324959],[127.65228,38.325022],[127.652824,38.325261],[127.65323,38.325443],[127.653453,38.325396],[127.653677,38.325246],[127.653908,38.32509],[127.654133,38.325028],[127.654351,38.325003],[127.654649,38.324896],[127.655236,38.324714],[127.655763,38.324592],[127.656473,38.324673],[127.65698,38.324694],[127.657385,38.32443],[127.65779,38.324248],[127.658205,38.32418],[127.658702,38.324248],[127.659271,38.324224],[127.659999,38.324329],[127.660648,38.324491],[127.661114,38.324775],[127.66156,38.324977],[127.662107,38.325079],[127.662654,38.325099],[127.66312,38.325241],[127.66379,38.325475],[127.664231,38.32565],[127.664681,38.325849],[127.665104,38.325492],[127.665744,38.325043],[127.666262,38.324714],[127.666627,38.324592],[127.66695,38.324369],[127.66764,38.323978],[127.668005,38.32368],[127.668349,38.323315],[127.668471,38.322971],[127.668816,38.322687],[127.669302,38.323072],[127.669687,38.323295],[127.670194,38.323498],[127.670802,38.323518],[127.671714,38.323579],[127.67238,38.323646],[127.673072,38.323761],[127.673923,38.323923],[127.674896,38.324207],[127.675463,38.324369],[127.676193,38.324471],[127.676781,38.324531],[127.677429,38.324572],[127.678139,38.324613],[127.678686,38.324653],[127.679132,38.324815],[127.679638,38.324876],[127.680348,38.324856],[127.681564,38.324775],[127.682881,38.324633],[127.684422,38.324369],[127.685658,38.324228],[127.686979,38.324134],[127.688852,38.324016],[127.6897,38.324272],[127.690502,38.324795],[127.69111,38.325443],[127.691495,38.326092],[127.6919,38.32672],[127.692285,38.327227],[127.69265,38.327713],[127.693035,38.32824],[127.693258,38.328767],[127.693441,38.329497],[127.693785,38.330227],[127.694213,38.331249],[127.694576,38.33203],[127.69494,38.332882],[127.695386,38.333591],[127.695954,38.334179],[127.696521,38.334787],[127.697008,38.335273],[127.697575,38.335638],[127.698163,38.335902],[127.69871,38.336064],[127.699197,38.336388],[127.699906,38.336651],[127.700737,38.336814],[127.701629,38.336814],[127.70246,38.336712],[127.703149,38.336429],[127.703615,38.336165],[127.704243,38.33582],[127.704952,38.335395],[127.705784,38.335273],[127.706493,38.335273],[127.706886,38.335112],[127.707339,38.335033],[127.707871,38.335131],[127.708662,38.335314],[127.709391,38.335415],[127.710161,38.335435],[127.710972,38.335435],[127.711641,38.335375],[127.71233,38.335395],[127.713019,38.335375],[127.713607,38.335172],[127.713931,38.334827],[127.714113,38.334422],[127.714255,38.333814],[127.714296,38.333429],[127.714215,38.332659],[127.714235,38.331787],[127.714113,38.331098],[127.713911,38.330206],[127.714032,38.329659],[127.714478,38.329396],[127.715046,38.329377],[127.715816,38.329416],[127.716642,38.329554],[127.717332,38.329929],[127.718167,38.330389],[127.719018,38.330733],[127.71993,38.331139],[127.720742,38.331525],[127.721471,38.33203],[127.722261,38.332456],[127.722788,38.332841],[127.723457,38.333186],[127.72443,38.333449],[127.7252,38.333814],[127.726112,38.334199],[127.726882,38.334341],[127.727835,38.334564],[127.72822,38.334726],[127.729172,38.335212],[127.730388,38.335861],[127.731604,38.33655],[127.732314,38.337057],[127.733206,38.337645],[127.733814,38.338232],[127.734462,38.338982],[127.735455,38.339692],[127.735982,38.340178],[127.736448,38.34034],[127.7373,38.340381],[127.737746,38.340441],[127.738455,38.340543],[127.739002,38.340563],[127.739549,38.340624],[127.740177,38.340583],[127.740887,38.340523],[127.741437,38.340651],[127.742008,38.340237],[127.742442,38.340059],[127.743053,38.339921],[127.743585,38.339842],[127.744069,38.339671],[127.744515,38.339286],[127.744961,38.338881],[127.745406,38.338475],[127.745771,38.337827],[127.746147,38.337221],[127.746837,38.336847],[127.747546,38.336374],[127.748295,38.335605],[127.749156,38.33501],[127.749946,38.334645],[127.75098,38.334361],[127.751973,38.33424],[127.752703,38.3343],[127.753331,38.334402],[127.753696,38.334604],[127.753838,38.335152],[127.754284,38.335679],[127.754454,38.335769],[127.754669,38.3358],[127.755277,38.335861],[127.755792,38.335872],[127.756273,38.335928],[127.756706,38.33597],[127.757089,38.33611],[127.757518,38.336287],[127.75776,38.336399],[127.757956,38.336571],[127.758195,38.336976],[127.758394,38.337383],[127.758763,38.337746],[127.759695,38.33807],[127.760567,38.338232],[127.76162,38.338192],[127.762506,38.338043],[127.762893,38.337634],[127.763262,38.337178],[127.763799,38.336639],[127.76433,38.336186],[127.765115,38.335821],[127.765391,38.3357],[127.765816,38.335699],[127.766323,38.33582],[127.767159,38.336009],[127.767336,38.336054],[127.767579,38.335983],[127.768045,38.335577],[127.768198,38.335457],[127.768532,38.335435],[127.768784,38.33549],[127.768937,38.335638],[127.769238,38.335821],[127.769849,38.336246],[127.770011,38.33655],[127.770214,38.336712],[127.770619,38.336753],[127.771167,38.336712],[127.771633,38.336651],[127.771869,38.336573],[127.772078,38.336584],[127.772189,38.336717],[127.772167,38.336916],[127.772018,38.337077],[127.771633,38.33734],[127.771227,38.337624],[127.771176,38.337834],[127.771128,38.338032],[127.771183,38.338253],[127.771329,38.338435],[127.771592,38.338557],[127.771795,38.338759],[127.772078,38.338942],[127.772241,38.339063],[127.77218,38.339266],[127.771856,38.33957],[127.771714,38.340219],[127.771653,38.340745],[127.772779,38.340681],[127.773801,38.340847],[127.774815,38.341313],[127.775544,38.34184],[127.776132,38.342732],[127.77676,38.343786],[127.777368,38.345022],[127.778179,38.346481],[127.778889,38.347576],[127.779659,38.348224],[127.780713,38.34865],[127.781645,38.348934],[127.782901,38.348913],[127.783976,38.34863],[127.784685,38.348042],[127.785354,38.347251],[127.78582,38.34636],[127.786144,38.345245],[127.786448,38.34413],[127.786813,38.342934],[127.787462,38.341455],[127.788536,38.339631],[127.789184,38.338273],[127.789549,38.336915],[127.789995,38.335598],[127.790664,38.33428],[127.791109,38.333402],[127.791535,38.332598],[127.792002,38.331281],[127.792448,38.330206],[127.793116,38.32897],[127.793846,38.327815],[127.794596,38.326477],[127.795487,38.324856],[127.796278,38.323579],[127.797089,38.322687],[127.797769,38.322185],[127.798204,38.321813],[127.799568,38.320841],[127.800766,38.31989],[127.802193,38.318795],[127.803743,38.317576],[127.804838,38.316831],[127.806244,38.316025],[127.808332,38.315136],[127.809262,38.314723],[127.810771,38.313648],[127.81166,38.31309],[127.812982,38.312201],[127.813851,38.311643],[127.815587,38.310548],[127.816662,38.309783],[127.817695,38.308811],[127.818501,38.30815],[127.819183,38.307592],[127.820093,38.306806],[127.820961,38.305959],[127.821312,38.30538],[127.821519,38.30474],[127.821622,38.304119],[127.822346,38.304078],[127.822987,38.304099],[127.823628,38.30414],[127.824247,38.304243],[127.824785,38.304285],[127.82557,38.304285],[127.826046,38.304347],[127.8265,38.304512],[127.826914,38.304657],[127.827369,38.304864],[127.827948,38.305153],[127.829022,38.305463],[127.830014,38.305442],[127.830655,38.305318],[127.831399,38.30536],[127.832081,38.305566],[127.832701,38.305918],[127.833342,38.30631],[127.8339,38.306724],[127.834644,38.307055],[127.835409,38.30722],[127.836153,38.307199],[127.837269,38.307447],[127.838117,38.307695],[127.839205,38.307974],[127.840184,38.308357],[127.841344,38.309013],[127.842351,38.309509],[127.843127,38.30999],[127.84446,38.310935],[127.845599,38.311809],[127.846832,38.312517],[127.847824,38.313059],[127.848661,38.313633],[127.848989,38.314103],[127.849421,38.314501],[127.849878,38.314764],[127.850415,38.314785],[127.850994,38.314806],[127.851531,38.314682],[127.852242,38.314516],[127.852785,38.314253],[127.853661,38.31371],[127.854239,38.313214],[127.854735,38.312842],[127.855219,38.312749],[127.855761,38.312641],[127.856307,38.31247],[127.857071,38.31216],[127.857526,38.311995],[127.857919,38.311747],[127.858208,38.311685],[127.858746,38.311829],[127.859345,38.31216],[127.859779,38.312367],[127.860213,38.312532],[127.860585,38.312697],[127.860936,38.312925],[127.861784,38.313235],[127.86261,38.313545],[127.863479,38.313834],[127.863931,38.313989],[127.864908,38.314191],[127.865667,38.314392],[127.866427,38.314656],[127.867094,38.314857],[127.867869,38.31509],[127.868398,38.315116],[127.869326,38.315446],[127.870178,38.315819],[127.871388,38.316253],[127.872612,38.316671],[127.873806,38.31709],[127.875,38.317911],[127.876191,38.319105],[127.877018,38.319849],[127.877617,38.320883],[127.878609,38.322371],[127.879353,38.323239],[127.879829,38.324024],[127.879945,38.324469],[127.87989,38.324893],[127.879415,38.32605],[127.878898,38.327373],[127.878705,38.328189],[127.878568,38.328944],[127.878503,38.329678],[127.878457,38.330236],[127.878658,38.330453],[127.878984,38.330623],[127.879294,38.330778],[127.879774,38.331011],[127.8801,38.331181],[127.880472,38.33129],[127.880906,38.331383],[127.8814,38.331486],[127.882123,38.331404],[127.88266,38.331486],[127.883094,38.331486],[127.883529,38.331362],[127.883983,38.331135],[127.884459,38.330949],[127.884914,38.331011],[127.885327,38.331156],[127.885658,38.331197],[127.885968,38.331052],[127.886298,38.330804],[127.886588,38.330659],[127.887105,38.330618],[127.887476,38.330515],[127.887828,38.330349],[127.888159,38.330163],[127.88851,38.330101],[127.888861,38.329957],[127.889192,38.329895],[127.889667,38.329915],[127.89004,38.329833],[127.890453,38.329957],[127.890928,38.330101],[127.891486,38.330143],[127.891962,38.33006],[127.892499,38.329936],[127.892995,38.329895],[127.893429,38.329874],[127.893987,38.329812],[127.894628,38.329895],[127.894951,38.330112],[127.895292,38.330282],[127.895556,38.330422],[127.895866,38.330391],[127.896098,38.330251],[127.896377,38.330096],[127.89661,38.33005],[127.896796,38.329957],[127.897013,38.329802],[127.897274,38.329564],[127.897543,38.329316],[127.897791,38.329109],[127.897915,38.328799],[127.897997,38.328468],[127.898287,38.328303],[127.898555,38.328055],[127.898721,38.327724],[127.899031,38.327621],[127.899734,38.327538],[127.900354,38.327621],[127.900788,38.327766],[127.90116,38.328014],[127.901615,38.328282],[127.901966,38.328468],[127.902297,38.32851],[127.902752,38.32851],[127.903185,38.328427],[127.903702,38.328282],[127.904302,38.328158],[127.904818,38.328096],[127.905211,38.327993],[127.905562,38.327848],[127.906038,38.327476],[127.906348,38.327063],[127.906741,38.326546],[127.907113,38.326091],[127.907795,38.325947],[127.908516,38.325864],[127.909221,38.325761],[127.910833,38.325575],[127.913831,38.324934],[127.91629,38.324727],[127.920259,38.324314],[127.923235,38.323983],[127.924785,38.323714],[127.926646,38.32328],[127.927865,38.323032],[127.928589,38.322846],[127.92923,38.32264],[127.929829,38.322578],[127.930366,38.32266],[127.930945,38.322846],[127.931317,38.322991],[127.931772,38.323198],[127.932185,38.323239],[127.932495,38.323177],[127.932785,38.322867],[127.933115,38.322598],[127.933591,38.322474],[127.934087,38.322433],[127.934728,38.322309],[127.9351,38.322205],[127.935286,38.32202],[127.935575,38.321834],[127.935947,38.321771],[127.936402,38.321792],[127.936815,38.321668],[127.937291,38.321503],[127.937642,38.321441],[127.938097,38.321461],[127.938572,38.321296],[127.939089,38.321089],[127.939626,38.320862],[127.940102,38.320635],[127.940722,38.320407],[127.94128,38.320139],[127.941693,38.319953],[127.942086,38.319746],[127.942417,38.319477],[127.942727,38.319146],[127.943058,38.318774],[127.94343,38.318547],[127.944071,38.31834],[127.94467,38.318175],[127.945228,38.31801],[127.945704,38.317844],[127.946282,38.31772],[127.94684,38.3177],[127.947336,38.317679],[127.947713,38.317507],[127.948308,38.316908],[127.94906,38.316467],[127.949711,38.316285],[127.950373,38.316161],[127.950975,38.31604],[127.951402,38.316051],[127.951737,38.315856],[127.952311,38.315811],[127.953153,38.315887],[127.954153,38.315778],[127.954598,38.315789],[127.955474,38.315471],[127.956667,38.31534],[127.957582,38.315428],[127.958013,38.315723],[127.958779,38.315942],[127.959491,38.316246],[127.960158,38.316456],[127.961056,38.31661],[127.962074,38.316741],[127.962982,38.316839],[127.96319,38.316949],[127.963894,38.31761],[127.964479,38.318],[127.965467,38.318317],[127.966076,38.318467],[127.966332,38.318558],[127.966474,38.318832],[127.966739,38.319207],[127.96701,38.319269],[127.967306,38.319226],[127.967667,38.319105],[127.967908,38.318896],[127.968159,38.318635],[127.968411,38.318558],[127.968641,38.318689],[127.968843,38.319052],[127.969038,38.31909],[127.969349,38.318974],[127.969549,38.318985],[127.969739,38.319207],[127.970168,38.319363],[127.970635,38.319324],[127.97118,38.319072],[127.971629,38.319007],[127.971843,38.319207],[127.971946,38.319401],[127.972133,38.319499],[127.972427,38.319558],[127.973168,38.319636],[127.974064,38.319636],[127.974387,38.319751],[127.974726,38.320026],[127.975467,38.320221],[127.976215,38.320342],[127.976467,38.32044],[127.976948,38.320727],[127.977454,38.321039],[127.977988,38.321163],[127.978779,38.321117],[127.97948,38.320961],[127.980337,38.320649],[127.981428,38.320376],[127.982191,38.320167],[127.982714,38.320143],[127.98322,38.320222],[127.98361,38.320493],[127.98392,38.32067],[127.984205,38.320747],[127.984764,38.32067],[127.985113,38.320539],[127.98552,38.320221],[127.985814,38.319806],[127.986044,38.319215],[127.986088,38.318689],[127.985949,38.317766],[127.985639,38.317387],[127.985409,38.317135],[127.985201,38.316829],[127.985672,38.316194],[127.986572,38.316246],[127.987351,38.316168],[127.987975,38.316051],[127.988715,38.316051],[127.989222,38.316012],[127.989884,38.315856],[127.990564,38.315603],[127.991024,38.315373],[127.991341,38.315066],[127.991598,38.31496],[127.992339,38.314921],[127.992983,38.315132],[127.993586,38.315194],[127.994053,38.31535],[127.994638,38.315389],[127.995336,38.315384],[127.995829,38.315603],[127.996004,38.316073],[127.996234,38.316128],[127.996387,38.316051],[127.996664,38.316012],[127.996964,38.316127],[127.997171,38.316207],[127.997482,38.316168],[127.997832,38.316139],[127.998495,38.316441],[127.998762,38.316544],[128.000098,38.316566],[128.00087,38.316605],[128.002531,38.316433],[128.00433,38.316225],[128.006232,38.316017],[128.008792,38.315948],[128.009933,38.315948],[128.011974,38.315775],[128.014915,38.315602],[128.016886,38.315533],[128.018339,38.316017],[128.02,38.315983],[128.02256,38.316087],[128.025777,38.316156],[128.027749,38.315879],[128.030135,38.315662],[128.032003,38.315498],[128.033058,38.315194],[128.032902,38.314843],[128.032395,38.314376],[128.03185,38.313947],[128.031733,38.313674],[128.031577,38.313051],[128.031187,38.312622],[128.030642,38.311999],[128.03033,38.311414],[128.030525,38.311181],[128.031109,38.310752],[128.031655,38.310557],[128.032395,38.310323],[128.033096,38.310167],[128.034071,38.310089],[128.035239,38.310012],[128.036759,38.310012],[128.037967,38.309817],[128.03898,38.309817],[128.039565,38.309466],[128.039925,38.308788],[128.040583,38.308511],[128.042174,38.308061],[128.044699,38.307681],[128.046394,38.307473],[128.051099,38.307854],[128.056288,38.309549],[128.061027,38.310448],[128.065282,38.311531],[128.069295,38.312622],[128.073446,38.313596],[128.076178,38.314322],[128.078219,38.314876],[128.08199,38.315879],[128.084297,38.316558],[128.087064,38.317727],[128.088856,38.318974],[128.090465,38.320549],[128.091434,38.321379],[128.092575,38.322452],[128.093532,38.323533],[128.094389,38.324779],[128.094623,38.325052],[128.095519,38.325364],[128.096571,38.325754],[128.097644,38.326075],[128.098036,38.326225],[128.098639,38.326617],[128.099182,38.326859],[128.099876,38.32713],[128.100238,38.327583],[128.10063,38.328065],[128.101022,38.328277],[128.102078,38.32888],[128.102923,38.329362],[128.103405,38.329664],[128.104582,38.330358],[128.106542,38.331866],[128.108262,38.333133],[128.109709,38.334068],[128.111761,38.335275],[128.113239,38.336119],[128.114686,38.336873],[128.11538,38.336783],[128.115953,38.33636],[128.116526,38.335727],[128.117431,38.334852],[128.11903,38.333977],[128.1209,38.333284],[128.12274,38.332892],[128.124942,38.332711],[128.127054,38.33268],[128.128773,38.332922],[128.129889,38.333163],[128.131126,38.333555],[128.132212,38.334008],[128.132815,38.333977],[128.134112,38.333706],[128.135439,38.333646],[128.136615,38.333947],[128.137792,38.334611],[128.13921,38.335606],[128.140658,38.336632],[128.141261,38.337145],[128.141683,38.337688],[128.142045,38.338291],[128.142316,38.338954],[128.142377,38.339256],[128.142467,38.339709],[128.142679,38.340402],[128.142829,38.340614],[128.143312,38.341247],[128.143764,38.341579],[128.144066,38.341941],[128.144398,38.342453],[128.14488,38.342936],[128.145212,38.343117],[128.145797,38.342861],[128.147154,38.34225],[128.148308,38.342024],[128.149529,38.342001],[128.150593,38.342205],[128.151004,38.342484],[128.151305,38.343117],[128.151498,38.343901],[128.151851,38.344252],[128.152275,38.344405],[128.152904,38.344505],[128.153568,38.344414],[128.154442,38.344173],[128.154895,38.343871],[128.155438,38.343238],[128.155951,38.342755],[128.156524,38.342665],[128.157026,38.342759],[128.157308,38.342996],[128.157549,38.343751],[128.15773,38.344565],[128.157881,38.345711],[128.158152,38.347038],[128.158364,38.347732],[128.158485,38.348019],[128.159147,38.348188],[128.159877,38.348375],[128.160165,38.348511],[128.163582,38.353101],[128.165543,38.355032],[128.168408,38.358018],[128.171093,38.360944],[128.174622,38.364413],[128.175497,38.36399],[128.177427,38.363055],[128.178573,38.362482],[128.180021,38.36197],[128.1806555,38.361716],[128.181529,38.361366],[128.182857,38.360763],[128.183885,38.360303],[128.18397,38.360642],[128.184244,38.361004],[128.184878,38.361728],[128.185209,38.362152],[128.185451,38.362633],[128.186175,38.363719],[128.187109,38.364765],[128.187855,38.365614],[128.18979,38.367412],[128.190265,38.367802],[128.190469,38.368939],[128.190689,38.370263],[128.19082,38.371803],[128.19082,38.372979],[128.191514,38.372979],[128.192895,38.373062],[128.194319,38.373341],[128.195616,38.373794],[128.198572,38.374668],[128.200503,38.37503],[128.20277,38.37537],[128.204575,38.375483],[128.205872,38.375483],[128.206324,38.375423],[128.206897,38.37494],[128.207018,38.374699],[128.207199,38.374307],[128.20732,38.373884],[128.207501,38.373402],[128.207802,38.372949],[128.208406,38.372346],[128.208647,38.371893],[128.209009,38.37126],[128.209733,38.370325],[128.210608,38.370297],[128.21161,38.37028],[128.212102,38.370331],[128.212327,38.370627],[128.212538,38.371049],[128.213111,38.371833],[128.213503,38.372436],[128.213654,38.37304],[128.213835,38.373522],[128.214076,38.374276],[128.214138,38.374657],[128.214494,38.374996],[128.215037,38.375319],[128.215783,38.375726],[128.215826,38.376539],[128.215782,38.377797],[128.215782,38.378705],[128.215782,38.379716],[128.215851,38.381321],[128.215991,38.38188],[128.216375,38.382333],[128.217631,38.383694],[128.218643,38.384811],[128.219585,38.385823],[128.219829,38.386381],[128.220283,38.386869],[128.220667,38.387358],[128.221016,38.387881],[128.221888,38.388056],[128.222795,38.3883],[128.224016,38.388579],[128.224749,38.389033],[128.225273,38.389765],[128.225377,38.390219],[128.225342,38.390742],[128.225273,38.391266],[128.225447,38.391824],[128.225935,38.392278],[128.226529,38.392382],[128.227191,38.392627],[128.227611,38.39308],[128.227785,38.393569],[128.228029,38.394092],[128.228552,38.394476],[128.228692,38.394895],[128.228867,38.395558],[128.229241,38.396458],[128.229459,38.397198],[128.229594,38.397557],[128.229614,38.398127],[128.229774,38.398384],[128.230506,38.398593],[128.231239,38.398838],[128.231762,38.399501],[128.232286,38.400233],[128.23267,38.400791],[128.233193,38.401175],[128.233821,38.401455],[128.234763,38.401524],[128.23588,38.401664],[128.236508,38.401734],[128.237555,38.401769],[128.238287,38.402013],[128.23923,38.401838],[128.239718,38.401838],[128.240276,38.401908],[128.241009,38.401803],[128.241393,38.402013],[128.241986,38.402431],[128.242391,38.402602],[128.242685,38.402798],[128.242842,38.403014],[128.243137,38.403622],[128.243277,38.404211],[128.243451,38.404761],[128.243745,38.405075],[128.244115,38.405328],[128.244743,38.405677],[128.245119,38.40584],[128.245301,38.40606],[128.245336,38.406479],[128.245056,38.407316],[128.244708,38.408119],[128.244324,38.408538],[128.243696,38.409201],[128.243103,38.409759],[128.24237,38.410317],[128.242214,38.410511],[128.242196,38.410771],[128.242475,38.41112],[128.242614,38.411538],[128.242893,38.412062],[128.243312,38.41269],[128.243741,38.413117],[128.243905,38.413423],[128.244289,38.41412],[128.24452,38.414699],[128.244638,38.415307],[128.245755,38.415691],[128.246662,38.415865],[128.247185,38.415726],[128.247463,38.415813],[128.247683,38.416015],[128.247848,38.416049],[128.248661,38.41624],[128.24927,38.416816],[128.249815,38.417137],[128.250776,38.417873],[128.252025,38.418963],[128.252987,38.420052],[128.253916,38.421045],[128.254524,38.421622],[128.255646,38.422071],[128.256767,38.422263],[128.257984,38.422647],[128.25917,38.423096],[128.26074,38.423705],[128.26263,38.42473],[128.264008,38.425787],[128.265033,38.426428],[128.266603,38.427165],[128.2675,38.427934],[128.268269,38.429151],[128.269166,38.430048],[128.27048,38.431138],[128.271249,38.432099],[128.271792,38.433255],[128.273075,38.434021],[128.27583,38.43495],[128.278105,38.435367],[128.279931,38.435879],[128.281129,38.436476],[128.282016,38.437176],[128.28243,38.438186],[128.283039,38.439243],[128.284128,38.441454],[128.284577,38.443312],[128.285089,38.445619],[128.285666,38.447285],[128.286114,38.448503],[128.286627,38.449688],[128.286499,38.451578],[128.286819,38.452732],[128.287525,38.453564],[128.288039,38.454731],[128.288879,38.455478],[128.290326,38.456691],[128.29182,38.457532],[128.293259,38.45805],[128.294124,38.458627],[128.294413,38.45978],[128.294637,38.460709],[128.294701,38.461446],[128.294605,38.462504],[128.294925,38.463657],[128.29547,38.465035],[128.296022,38.466122],[128.296623,38.467405],[128.2972,38.468815],[128.297552,38.470385],[128.297616,38.471699],[128.297905,38.473108],[128.298321,38.474614],[128.298962,38.475351],[128.299891,38.475832],[128.300917,38.476408],[128.302134,38.477081],[128.303212,38.477701],[128.304519,38.478308],[128.305313,38.478774],[128.305547,38.479335],[128.30537,38.479901],[128.304569,38.480285],[128.303608,38.480798],[128.302615,38.481182],[128.301812,38.481482],[128.301672,38.482836],[128.301429,38.483969],[128.301158,38.48531],[128.300878,38.486057],[128.300788,38.486853],[128.300853,38.487558],[128.300784,38.488298],[128.30082,38.489],[128.301672,38.489792],[128.302325,38.490586],[128.302711,38.49121],[128.303031,38.492107],[128.303166,38.49306],[128.30332,38.493837],[128.303512,38.494542],[128.303896,38.495247],[128.304216,38.495888],[128.304216,38.496625],[128.304216,38.497137],[128.304569,38.497842],[128.304761,38.498547],[128.304697,38.499188],[128.304248,38.500437],[128.303992,38.501719],[128.304088,38.502296],[128.304322,38.502838],[128.304772,38.503288],[128.305188,38.503704],[128.305846,38.504223],[128.306954,38.505227],[128.308096,38.506266],[128.309101,38.507201],[128.310452,38.508621],[128.311629,38.510006],[128.312287,38.510941],[128.312979,38.512327],[128.313256,38.514162],[128.313291,38.515616],[128.313326,38.517106],[128.313395,38.518456],[128.313637,38.519634],[128.31388,38.520776],[128.31388,38.521607],[128.313499,38.522508],[128.313083,38.5232],[128.312564,38.523824],[128.312321,38.524412],[128.312114,38.525313],[128.312495,38.526421],[128.312529,38.52694],[128.312252,38.527945],[128.311836,38.529295],[128.311594,38.530334],[128.311421,38.531477],[128.311525,38.532585],[128.31156,38.533589],[128.311421,38.53442],[128.311075,38.536533],[128.310728,38.538299],[128.310694,38.538784],[128.310763,38.53958],[128.311075,38.540446],[128.311421,38.54152],[128.311663,38.543251],[128.311836,38.545156],[128.311836,38.547164],[128.311802,38.549034],[128.311767,38.550212],[128.311802,38.551147],[128.312079,38.552012],[128.312356,38.552636],[128.31246,38.553224],[128.312391,38.553709],[128.312252,38.554714],[128.312217,38.555822],[128.312183,38.556826],[128.312287,38.56022],[128.312217,38.561778],[128.312217,38.563302],[128.312148,38.564825],[128.312148,38.566488],[128.312252,38.567596],[128.313118,38.569293],[128.313845,38.570539],[128.314434,38.572306],[128.314642,38.573968],[128.314538,38.575769],[128.314192,38.5775],[128.313534,38.579162],[128.31291,38.580236],[128.312044,38.581586],[128.312564,38.582037],[128.313429,38.583422],[128.314157,38.584357],[128.314399,38.585015],[128.314157,38.585604],[128.313153,38.586469],[128.312148,38.587266],[128.311248,38.587993],[128.310659,38.588789],[128.310313,38.589517],[128.31007,38.590729],[128.309863,38.592599],[128.309863,38.593464],[128.309482,38.593915],[128.30917,38.594296],[128.309482,38.594746],[128.309759,38.595196],[128.313603,38.593638],[128.314261,38.593534],[128.315542,38.593811],[128.316546,38.594226],[128.318035,38.595127],[128.319524,38.596304],[128.32091,38.596928],[128.322433,38.597482],[128.323715,38.598105],[128.324961,38.598798],[128.326208,38.598867],[128.327247,38.599144],[128.327905,38.599733],[128.329013,38.600356],[128.330087,38.600945],[128.331507,38.601603],[128.332268,38.602157],[128.332891,38.602815],[128.333376,38.603092],[128.333965,38.603126],[128.334796,38.602711],[128.33542,38.602364],[128.336043,38.60226],[128.33677,38.602122],[128.337428,38.601845],[128.337878,38.602018],[128.33767,38.602364],[128.337394,38.602849],[128.337394,38.603403],[128.337567,38.604269],[128.338086,38.604927],[128.338398,38.605377],[128.338709,38.606],[128.339263,38.606728],[128.339575,38.60749],[128.340025,38.608632],[128.340787,38.609221],[128.341826,38.610191],[128.342934,38.610814],[128.344146,38.611299],[128.345912,38.611714],[128.347436,38.612026],[128.349168,38.612165],[128.351142,38.612303],[128.352631,38.612407],[128.353358,38.612511],[128.35405,38.612857],[128.355851,38.614519],[128.357306,38.616182],[128.3578785,38.6165685],[128.35797304,38.61606427],[128.35811148,38.61532583],[128.35823046,38.6150165],[128.35889671,38.61382676],[128.35989608,38.61185181],[128.3607051,38.61037655],[128.36170447,38.60852057],[128.36270384,38.60664079],[128.36337009,38.60559383],[128.3655354,38.60269089]]]]},"geometry_name":"ag_geom","properties":{"zone_type":"비행금지구역","layer":"lt_c_aisprhc","name":"RK P518","upper":"UNL","lower":"GND","color":"#d32f2f","dist_km":312.44},"bbox":[126.165333,37.6333335,128.60311946,38.6165685]},{"type":"Feature","id":"lt_c_aisprhc.15","geometry":{"type":"MultiPolygon","coordinates":[[[[128.22583333,36.07031381],[128.22803329,36.07025],[128.23022203,36.0700589],[128.23238838,36.06974148],[128.2345213,36.06929936],[128.2366099,36.0687348],[128.23864355,36.06805067],[128.24061185,36.06725047],[128.24250479,36.06633828],[128.24431271,36.06531874],[128.24602638,36.06419706],[128.24763709,36.06297895],[128.24913661,36.06167064],[128.25051731,36.06027878],[128.25177216,36.05881049],[128.25289476,36.05727323],[128.25387939,36.05567485],[128.25472106,36.05402351],[128.25541547,36.0523276],[128.2559591,36.05059579],[128.25634918,36.0488369],[128.25658374,36.04705989],[128.25666159,36.04527382],[128.25658235,36.04348778],[128.25634643,36.04171089],[128.25595504,36.03995219],[128.25541019,36.03822064],[128.25471467,36.03652508],[128.25387202,36.03487412],[128.25288655,36.03327619],[128.25176328,36.03173943],[128.25050795,36.03027165],[128.24912695,36.02888034],[128.24762733,36.02757258],[128.24601672,36.02635504],[128.24430334,36.0252339],[128.24249591,36.02421489],[128.24060364,36.02330318],[128.23863617,36.02250343],[128.23660351,36.02181969],[128.23451602,36.02125547],[128.23238432,36.02081362],[128.23021928,36.02049639],[128.2280319,36.02030541],[128.22583333,36.02024164],[128.22363476,36.02030541],[128.22144739,36.02049639],[128.21928234,36.02081362],[128.21715065,36.02125547],[128.21506315,36.02181969],[128.2130305,36.02250343],[128.21106302,36.02330318],[128.20917075,36.02421489],[128.20736332,36.0252339],[128.20564994,36.02635504],[128.20403934,36.02757258],[128.20253972,36.02888034],[128.20115872,36.03027165],[128.19990339,36.03173943],[128.19878012,36.03327619],[128.19779465,36.03487412],[128.196952,36.03652508],[128.19625647,36.03822064],[128.19571162,36.03995219],[128.19532023,36.04171089],[128.19508431,36.04348778],[128.19500507,36.04527381],[128.19508292,36.04705989],[128.19531748,36.0488369],[128.19570757,36.05059579],[128.19625119,36.0523276],[128.19694561,36.05402351],[128.19778727,36.05567485],[128.19877191,36.05727323],[128.19989451,36.05881049],[128.20114935,36.06027878],[128.20253006,36.06167064],[128.20402958,36.06297895],[128.20564028,36.06419706],[128.20735396,36.06531874],[128.20916188,36.06633828],[128.21105481,36.06725047],[128.21302312,36.06805067],[128.21505676,36.0687348],[128.21714537,36.06929936],[128.21927829,36.06974148],[128.22144464,36.0700589],[128.22363337,36.07025],[128.22583333,36.07031381]]]]},"geometry_name":"ag_geom","properties":{"zone_type":"비행금지구역","layer":"lt_c_aisprhc","name":"D4006","upper":"500 AGL","lower":"SFC","color":"#d32f2f","dist_km":97.93},"bbox":[128.19500507,36.02024164,128.25666159,36.07031381]},{"type":"Feature","id":"lt_c_aisresc.1","geometry":{"type":"MultiPolygon","coordinates":[[[[127.520611,37.5366945],[127.52975,37.5116945],[127.4703335,37.5116945],[127.4703335,37.5205555],[127.520611,37.5366945]]]]},"geometry_name":"ag_geom","properties":{"zone_type":"비행제한구역","layer":"lt_c_aisresc","name":"R1","upper":"6 000 AMSL","lower":"GND","color":"#f57c00","dist_km":275.67},"bbox":[127.4703335,37.5116945,127.52975,37.5366945]},{"type":"Feature","id":"lt_c_aisresc.2","geometry":{"type":"MultiPolygon","coordinates":[[[[125.4498195,34.5615345],[125.450787,34.549916],[125.4497915,34.5382995],[125.4468525,34.5269105],[125.4420275,34.5159705],[125.435412,34.505693],[125.4271345,34.4962765],[125.4173565,34.487905],[125.4062685,34.4807405],[125.394086,34.4749225],[125.381046,34.470564],[125.367401,34.4677495],[125.3534165,34.466533],[125.339364,34.4669395],[125.325516,34.4689595],[125.312141,34.472555],[125.2994985,34.4776555],[125.287835,34.4841625],[125.2773765,34.4919495],[125.268327,34.500865],[125.260862,34.510736],[125.255128,34.521371],[125.2512365,34.5325625],[125.249264,34.5440935],[125.24925,34.555739],[125.2511955,34.567273],[125.255063,34.578471],[125.2607785,34.589114],[125.268231,34.5989955],[125.277276,34.607922],[125.2877375,34.6157205],[125.2994115,34.622238],[125.312071,34.627348],[125.3254685,34.63095],[125.339343,34.632974],[125.3534235,34.633381],[125.3674355,34.6321625],[125.381105,34.6293425],[125.3941655,34.624976],[125.406362,34.619148],[125.417457,34.6119725],[125.4272335,34.6035895],[125.4355025,34.5941625],[125.4421025,34.583875],[125.4469055,34.572928],[125.4498195,34.5615345]]]]},"geometry_name":"ag_geom","properties":{"zone_type":"비행제한구역","layer":"lt_c_aisresc","name":"R125","upper":"3 500 AMSL","lower":"GND","color":"#f57c00","dist_km":290.68},"bbox":[125.24925,34.466533,125.450787,34.633381]},{"type":"Feature","id":"lt_c_aisresc.3","geometry":{"type":"MultiPolygon","coordinates":[[[[124.742396,37.80784],[124.743204,37.7985505],[124.742375,37.7892625],[124.7399255,37.780156],[124.735904,37.7714085],[124.730389,37.7631905],[124.723488,37.755661],[124.715336,37.748967],[124.7060915,37.7432385],[124.695934,37.738586],[124.685061,37.7351005],[124.673684,37.73285],[124.662024,37.7318775],[124.6503065,37.732202],[124.63876,37.7338175],[124.627608,37.7366925],[124.617067,37.7407715],[124.6073425,37.7459745],[124.598623,37.752201],[124.591078,37.75933],[124.584855,37.767223],[124.580075,37.7757265],[124.5768315,37.7846755],[124.575188,37.793895],[124.5751775,37.8032065],[124.5768005,37.8124285],[124.5800265,37.8213815],[124.584792,37.8298915],[124.591006,37.8377915],[124.598547,37.844929],[124.607269,37.8511635],[124.6170015,37.8563745],[124.6275555,37.8604595],[124.6387245,37.8633395],[124.650291,37.864958],[124.662029,37.865283],[124.67371,37.864309],[124.6851055,37.8620545],[124.6959935,37.858563],[124.7061615,37.853904],[124.7154115,37.848167],[124.7235625,37.8414645],[124.730457,37.8339275],[124.73596,37.8257025],[124.7399655,37.81695],[124.742396,37.80784]]]]},"geometry_name":"ag_geom","properties":{"zone_type":"비행제한구역","layer":"lt_c_aisresc","name":"R116","upper":"2 500 AMSL","lower":"GND","color":"#f57c00","dist_km":451.21},"bbox":[124.5751775,37.7318775,124.743204,37.865283]},{"type":"Feature","id":"lt_c_aisresc.4","geometry":{"type":"MultiPolygon","coordinates":[[[[127.6833335,37.6333335],[127.7333335,37.65],[127.7833335,37.6166665],[127.8033335,37.5333335],[127.6833335,37.5333335],[127.6833335,37.6333335]]]]},"geometry_name":"ag_geom","properties":{"zone_type":"비행제한구역","layer":"lt_c_aisresc","name":"R10","upper":"5 000 AMSL","lower":"GND","color":"#f57c00","dist_km":270.61},"bbox":[127.6833335,37.5333335,127.8033335,37.65]},{"type":"Feature","id":"lt_c_aisresc.5","geometry":{"type":"MultiPolygon","coordinates":[[[[126.2979445,36.5695555],[126.0521945,34.973361],[125.713889,35.0219445],[125.998,36.6361945],[126.17325,36.6773055],[126.2979445,36.5695555]]]]},"geometry_name":"ag_geom","properties":{"zone_type":"비행제한구역","layer":"lt_c_aisresc","name":"R108C","upper":"UNL","lower":"GND","color":"#f57c00","dist_km":228.78},"bbox":[125.713889,34.973361,126.2979445,36.6773055]},{"type":"Feature","id":"lt_c_aisresc.6","geometry":{"type":"MultiPolygon","coordinates":[[[[127.8616665,37.572222],[127.8755555,37.559722],[127.87,37.5305555],[127.8283335,37.5166665],[127.8033335,37.5333335],[127.794028,37.572222],[127.8616665,37.572222]]]]},"geometry_name":"ag_geom","properties":{"zone_type":"비행제한구역","layer":"lt_c_aisresc","name":"R114","upper":"3 000 AMSL","lower":"GND","color":"#f57c00","dist_km":268.24},"bbox":[127.794028,37.5166665,127.8755555,37.572222]},{"type":"Feature","id":"lt_c_aisresc.7","geometry":{"type":"MultiPolygon","coordinates":[[[[131,37.225],[131,36.8166665],[129.75,37.4],[131,37.225]]]]},"geometry_name":"ag_geom","properties":{"zone_type":"비행제한구역","layer":"lt_c_aisresc","name":"R115","upper":"FL 380","lower":"GND","color":"#f57c00","dist_km":269.92},"bbox":[129.75,36.8166665,131,37.4]},{"type":"Feature","id":"lt_c_aisresc.8","geometry":{"type":"MultiPolygon","coordinates":[[[[129.05,37.2166665],[129.05,36.9166665],[128.6833335,36.9166665],[128.6833335,37.2166665],[129.05,37.2166665]]]]},"geometry_name":"ag_geom","properties":{"zone_type":"비행제한구역","layer":"lt_c_aisresc","name":"R110","upper":"FL 400","lower":"GND","color":"#f57c00","dist_km":193.56},"bbox":[128.6833335,36.9166665,129.05,37.2166665]},{"type":"Feature","id":"lt_c_aisresc.9","geometry":{"type":"MultiPolygon","coordinates":[[[[126.199639,36.67675],[126.250472,36.490389],[126.124639,36.4695555],[126.154639,36.679528],[126.199639,36.67675]]]]},"geometry_name":"ag_geom","properties":{"zone_type":"비행제한구역","layer":"lt_c_aisresc","name":"R108B","upper":"FL 330","lower":"GND","color":"#f57c00","dist_km":255.27},"bbox":[126.124639,36.4695555,126.250472,36.679528]},{"type":"Feature","id":"lt_c_aisresc.10","geometry":{"type":"MultiPolygon","coordinates":[[[[127.473111,37.36725],[127.4286665,37.321972],[127.4125555,37.33475],[127.444778,37.370861],[127.473111,37.36725]]]]},"geometry_name":"ag_geom","properties":{"zone_type":"비행제한구역","layer":"lt_c_aisresc","name":"R122","upper":"3 700 AMSL","lower":"GND","color":"#f57c00","dist_km":259.38},"bbox":[127.4125555,37.321972,127.473111,37.370861]},{"type":"Feature","id":"lt_c_aisresc.11","geometry":{"type":"MultiPolygon","coordinates":[[[[129.6166665,37.4694445],[129.786111,37.1083335],[129.6666665,37.075],[129.5125,37.4166665],[129.6166665,37.4694445]]]]},"geometry_name":"ag_geom","properties":{"zone_type":"비행제한구역","layer":"lt_c_aisresc","name":"R136","upper":"500 AMSL","lower":"GND","color":"#f57c00","dist_km":233.88},"bbox":[129.5125,37.075,129.786111,37.4694445]},{"type":"Feature","id":"lt_c_aisresc.12","geometry":{"type":"MultiPolygon","coordinates":[[[[126.63805556,36.10694444],[126.42083333,36.10194444],[126.41666667,36.23527778],[126.64944444,36.24055556],[126.65222222,36.15444444],[126.63805556,36.10694444]]]]},"geometry_name":"ag_geom","properties":{"zone_type":"비행제한구역","layer":"lt_c_aisresc","name":"R111","upper":"FL 250","lower":"GND","color":"#f57c00","dist_km":202.5},"bbox":[126.41666667,36.10194444,126.65222222,36.24055556]},{"type":"Feature","id":"lt_c_aisresc.13","geometry":{"type":"MultiPolygon","coordinates":[[[[126.75,32.6666665],[126.4666665,32.6666665],[126.6166665,33],[126.75,32.6666665]]]]},"geometry_name":"ag_geom","properties":{"zone_type":"비행제한구역","layer":"lt_c_aisresc","name":"R128","upper":"7 000 AMSL","lower":"GND","color":"#f57c00","dist_km":300.03},"bbox":[126.4666665,32.6666665,126.75,33]},{"type":"Feature","id":"lt_c_aisresc.14","geometry":{"type":"MultiPolygon","coordinates":[[[[126.2794215,35.913436],[126.2813585,35.890203],[126.279303,35.8669765],[126.2732985,35.8442085],[126.263465,35.822342],[126.2499965,35.8018015],[126.2331575,35.782985],[126.213276,35.766258],[126.19074,35.751945],[126.1659865,35.7403225],[126.1394965,35.731616],[126.111782,35.7259935],[126.08338,35.7235645],[126.0548395,35.7243755],[126.0267135,35.728411],[125.999545,35.7355925],[125.973861,35.745782],[125.9501585,35.7587815],[125.928898,35.774339],[125.910493,35.792154],[125.895302,35.8118805],[125.8836225,35.8331355],[125.875684,35.8555075],[125.8716435,35.8785605],[125.8715835,35.901847],[125.8755085,35.9249135],[125.883346,35.9473105],[125.894945,35.9686015],[125.9100835,35.9883715],[125.928468,36.0062335],[125.949741,36.021839],[125.973488,36.034883],[125.999246,36.0451105],[126.026511,36.0523205],[126.05475,36.0563725],[126.08341,36.0571865],[126.111929,36.0547475],[126.1397495,36.0491025],[126.166326,36.0403625],[126.191139,36.0286985],[126.2137045,36.0143385],[126.2335815,35.9975635],[126.2503835,35.9787015],[126.263785,35.958121],[126.2735265,35.9362235],[126.2794215,35.913436]]]]},"geometry_name":"ag_geom","properties":{"zone_type":"비행제한구역","layer":"lt_c_aisresc","name":"R105","upper":"FL 400","lower":"GND","color":"#f57c00","dist_km":220.23},"bbox":[125.8715835,35.7235645,126.2813585,36.0571865]},{"type":"Feature","id":"lt_c_aisresc.15","geometry":{"type":"MultiPolygon","coordinates":[[[[126.197972,36.67675],[126.152139,36.36125],[126.0063335,36.38625],[126.154639,36.679528],[126.197972,36.67675]]]]},"geometry_name":"ag_geom","properties":{"zone_type":"비행제한구역","layer":"lt_c_aisresc","name":"R108D","upper":"UNL","lower":"GND","color":"#f57c00","dist_km":254.97},"bbox":[126.0063335,36.36125,126.197972,36.679528]},{"type":"Feature","id":"lt_c_aisresc.16","geometry":{"type":"MultiPolygon","coordinates":[[[[130.1666665,38.2333335],[130.1666665,37.7833335],[129.85,37.8],[129.85,38.25],[130.1666665,38.2333335]]]]},"geometry_name":"ag_geom","properties":{"zone_type":"비행제한구역","layer":"lt_c_aisresc","name":"R107","upper":"FL 400","lower":"GND","color":"#f57c00","dist_km":314.49},"bbox":[129.85,37.7833335,130.1666665,38.25]},{"type":"Feature","id":"lt_c_aisresc.17","geometry":{"type":"MultiPolygon","coordinates":[[[[124.75,37.7],[124.9333335,37.7],[125.025,37.625],[125.2458335,37.5666665],[125.5333335,37.6666665],[125.6583335,37.6833335],[125.69444444,37.68333333],[125.69444444,37.62222222],[125.65,37.622222],[125.4,37.5125],[125.4,37.4333335],[125.0666665,37.4333335],[124.8,37.5375],[124.75,37.6444445],[124.75,37.7]]]]},"geometry_name":"ag_geom","properties":{"zone_type":"비행제한구역","layer":"lt_c_aisresc","name":"R134","upper":"5 000 AMSL","lower":"GND","color":"#f57c00","dist_km":376.2},"bbox":[124.75,37.4333335,125.69444444,37.7]},{"type":"Feature","id":"lt_c_aisresc.33","geometry":{"type":"MultiPolygon","coordinates":[[[[124.7333335,37.95],[124.8333335,37.75],[124.7833335,37.75],[124.6833335,37.95],[124.7333335,37.95]]]]},"geometry_name":"ag_geom","properties":{"zone_type":"비행제한구역","layer":"lt_c_aisresc","name":"R132","upper":"10 000 AMSL","lower":"GND","color":"#f57c00","dist_km":443.13},"bbox":[124.6833335,37.75,124.8333335,37.95]},{"type":"Feature","id":"lt_c_aisresc.34","geometry":{"type":"MultiPolygon","coordinates":[[[[130.2033335,35.7166665],[130.2033335,35.6266665],[129.8633335,35.4655555],[129.6680555,35.4666665],[129.6680555,35.7833335],[130.2033335,35.7166665]]]]},"geometry_name":"ag_geom","properties":{"zone_type":"비행제한구역","layer":"lt_c_aisresc","name":"R119","upper":"2 500 AMSL","lower":"GND","color":"#f57c00","dist_km":106.25},"bbox":[129.6680555,35.4655555,130.2033335,35.7833335]},{"type":"Feature","id":"lt_c_aisresc.18","geometry":{"type":"MultiPolygon","coordinates":[[[[129.0301895,34.892573],[129.0309695,34.883279],[129.0301715,34.873986],[129.027813,34.864875],[129.023939,34.856123],[129.0186265,34.8479005],[129.0119785,34.840367],[129.004125,34.8336695],[128.9952185,34.8279375],[128.985432,34.8232825],[128.9749565,34.819795],[128.963995,34.817543],[128.9527605,34.81657],[128.941471,34.816895],[128.9303455,34.8185115],[128.919601,34.821388],[128.9094455,34.825469],[128.900076,34.8306755],[128.8916755,34.8369055],[128.884407,34.844038],[128.878412,34.8519355],[128.8738075,34.8604435],[128.8706835,34.8693965],[128.8691015,34.878621],[128.8690925,34.887937],[128.870657,34.8971635],[128.8737655,34.906121],[128.8783575,34.914634],[128.8843445,34.922538],[128.89161,34.9296785],[128.9000125,34.9359155],[128.9093885,34.9411285],[128.9195555,34.9452155],[128.930315,34.9480965],[128.941457,34.9497155],[128.952765,34.950041],[128.9640175,34.9490665],[128.974995,34.946811],[128.9854835,34.9433185],[128.995279,34.938657],[129.00419,34.932918],[129.012043,34.9262125],[129.0186855,34.9186725],[129.023988,34.9104435],[129.0278475,34.901687],[129.0301895,34.892573]]]]},"geometry_name":"ag_geom","properties":{"zone_type":"비행제한구역","layer":"lt_c_aisresc","name":"R100","upper":"500 AMSL","lower":"GND","color":"#f57c00","dist_km":41.57},"bbox":[128.8690925,34.81657,129.0309695,34.950041]},{"type":"Feature","id":"lt_c_aisresc.19","geometry":{"type":"MultiPolygon","coordinates":[[[[127.32199,34.892296],[127.3221375,34.8905535],[127.3219895,34.888811],[127.321548,34.8871025],[127.320823,34.8854615],[127.3198275,34.883919],[127.3185815,34.882506],[127.3171085,34.8812495],[127.315438,34.8801745],[127.3136025,34.879301],[127.311637,34.878647],[127.3095805,34.8782245],[127.3074725,34.878042],[127.305354,34.8781025],[127.3032665,34.878406],[127.3012505,34.8789455],[127.2993455,34.8797115],[127.297588,34.880688],[127.2960125,34.8818565],[127.29465,34.8831945],[127.2935265,34.884676],[127.292664,34.8862715],[127.2920795,34.8879505],[127.291784,34.8896805],[127.2917835,34.891427],[127.2920785,34.893157],[127.2926625,34.894836],[127.2935245,34.896432],[127.2946475,34.8979135],[127.2960105,34.8992515],[127.297586,34.9004205],[127.2993435,34.9013975],[127.301249,34.902163],[127.3032655,34.902703],[127.3053535,34.9030065],[127.3074725,34.9030675],[127.309581,34.902885],[127.3116385,34.902462],[127.3136045,34.9018075],[127.3154405,34.900934],[127.317111,34.8998585],[127.3185835,34.898602],[127.3198295,34.8971885],[127.3208245,34.8956465],[127.3215495,34.894005],[127.32199,34.892296]]]]},"geometry_name":"ag_geom","properties":{"zone_type":"비행제한구역","layer":"lt_c_aisresc","name":"R127","upper":"3 000 AMSL","lower":"GND","color":"#f57c00","dist_km":116.58},"bbox":[127.2917835,34.878042,127.3221375,34.9030675]},{"type":"Feature","id":"lt_c_aisresc.20","geometry":{"type":"MultiPolygon","coordinates":[[[[126,34],[126,33.5],[125.8,33.5],[125.8,34],[126,34]]]]},"geometry_name":"ag_geom","properties":{"zone_type":"비행제한구역","layer":"lt_c_aisresc","name":"R126","upper":"3 000 AMSL","lower":"GND","color":"#f57c00","dist_km":266.98},"bbox":[125.8,33.5,126,34]},{"type":"Feature","id":"lt_c_aisresc.21","geometry":{"type":"MultiPolygon","coordinates":[[[[126.1999165,36.686472],[126.2651945,36.6159445],[126.2651945,36.560111],[126.228528,36.5595555],[126.1676945,36.6775835],[126.1999165,36.686472]]]]},"geometry_name":"ag_geom","properties":{"zone_type":"비행제한구역","layer":"lt_c_aisresc","name":"R108E","upper":"FL 400","lower":"GND","color":"#f57c00","dist_km":258.7},"bbox":[126.1676945,36.5595555,126.2651945,36.686472]},{"type":"Feature","id":"lt_c_aisresc.22","geometry":{"type":"MultiPolygon","coordinates":[[[[126.23445,37.376852],[126.2348545,37.3722075],[126.234445,37.3675625],[126.2332295,37.363009],[126.231232,37.358634],[126.228492,37.354524],[126.225062,37.350758],[126.221009,37.3474095],[126.2164125,37.344544],[126.2113615,37.342217],[126.205954,37.3404735],[126.2002955,37.3393475],[126.194496,37.338861],[126.188668,37.3390235],[126.182925,37.3398315],[126.1773785,37.3412695],[126.1721365,37.34331],[126.1673005,37.345913],[126.1629655,37.3490275],[126.159215,37.352593],[126.156122,37.356541],[126.1537475,37.3607935],[126.1521375,37.365269],[126.151323,37.3698795],[126.1513205,37.3745355],[126.15213,37.3791465],[126.1537355,37.383623],[126.156107,37.387877],[126.1591975,37.3918265],[126.162947,37.3953945],[126.1672825,37.398511],[126.1721205,37.4011155],[126.1773655,37.4031575],[126.182916,37.404597],[126.188664,37.405406],[126.194497,37.4055685],[126.2003015,37.4050815],[126.205965,37.4039545],[126.211376,37.4022095],[126.2164295,37.3998805],[126.2210275,37.397013],[126.22508,37.393663],[126.2285085,37.389895],[126.231246,37.385783],[126.2332395,37.381407],[126.23445,37.376852]]]]},"geometry_name":"ag_geom","properties":{"zone_type":"비행제한구역","layer":"lt_c_aisresc","name":"R133","upper":"500 AMSL","lower":"GND","color":"#f57c00","dist_km":321.26},"bbox":[126.1513205,37.338861,126.2348545,37.4055685]},{"type":"Feature","id":"lt_c_aisresc.23","geometry":{"type":"MultiPolygon","coordinates":[[[[126.6885,35.356639],[126.7090555,35.351361],[126.711,35.280278],[126.6888055,35.288889],[126.668528,35.3496945],[126.6885,35.356639]]]]},"geometry_name":"ag_geom","properties":{"zone_type":"비행제한구역","layer":"lt_c_aisresc","name":"R129","upper":"3 500 AMSL","lower":"GND","color":"#f57c00","dist_km":168.03},"bbox":[126.668528,35.280278,126.711,35.356639]},{"type":"Feature","id":"lt_c_aisresc.24","geometry":{"type":"MultiPolygon","coordinates":[[[[125.833342,34.719867],[125.8343115,34.708249],[125.833314,34.6966325],[125.830369,34.685244],[125.825535,34.6743045],[125.818907,34.664027],[125.8106135,34.654611],[125.800817,34.6462395],[125.789708,34.6390755],[125.7775025,34.6332575],[125.7644375,34.628899],[125.750767,34.6260845],[125.736756,34.6248685],[125.7226765,34.6252745],[125.708802,34.627295],[125.6954015,34.63089],[125.6827355,34.6359905],[125.67105,34.6424975],[125.6605715,34.650284],[125.6515045,34.6591995],[125.6440255,34.66907],[125.6382805,34.6797045],[125.6343815,34.690896],[125.6324055,34.7024265],[125.632391,34.714072],[125.63434,34.7256055],[125.638215,34.736803],[125.6439415,34.747446],[125.651408,34.757327],[125.66047,34.7662535],[125.6709515,34.774052],[125.6826475,34.780569],[125.695331,34.785679],[125.7087545,34.789281],[125.7226555,34.791305],[125.736763,34.791712],[125.7508015,34.7904935],[125.764497,34.7876735],[125.7775825,34.783307],[125.789802,34.777479],[125.800918,34.770304],[125.8107135,34.761921],[125.818998,34.752494],[125.8256105,34.742207],[125.830423,34.73126],[125.833342,34.719867]]]]},"geometry_name":"ag_geom","properties":{"zone_type":"비행제한구역","layer":"lt_c_aisresc","name":"R117","upper":"3 000 AMSL","lower":"GND","color":"#f57c00","dist_km":252.79},"bbox":[125.632391,34.6248685,125.8343115,34.791712]},{"type":"Feature","id":"lt_c_aisresc.25","geometry":{"type":"MultiPolygon","coordinates":[[[[129.5055555,37.6166665],[129.4041665,37.5583335],[128.9625,38.1],[129.0666665,38.1583335],[129.5055555,37.6166665]]]]},"geometry_name":"ag_geom","properties":{"zone_type":"비행제한구역","layer":"lt_c_aisresc","name":"R135","upper":"500 AMSL","lower":"GND","color":"#f57c00","dist_km":275.71},"bbox":[128.9625,37.5583335,129.5055555,38.1583335]},{"type":"Feature","id":"lt_c_aisresc.26","geometry":{"type":"MultiPolygon","coordinates":[[[[129.5,38.4166665],[129.5,38.1666665],[129,38.1666665],[129,38.2833335],[128.75,38.2833335],[128.75,38.4166665],[129.5,38.4166665]]]]},"geometry_name":"ag_geom","properties":{"zone_type":"비행제한구역","layer":"lt_c_aisresc","name":"R121","upper":"2 500 AMSL","lower":"GND","color":"#f57c00","dist_km":334.82},"bbox":[128.75,38.1666665,129.5,38.4166665]},{"type":"Feature","id":"lt_c_aisresc.27","geometry":{"type":"MultiPolygon","coordinates":[[[[130.9166665,36.4166665],[130.9166665,36.2833335],[130.4833335,36.0333335],[130.4166665,36.0333335],[130.4166665,36.7333335],[130.9166665,36.4166665]]]]},"geometry_name":"ag_geom","properties":{"zone_type":"비행제한구역","layer":"lt_c_aisresc","name":"R120","upper":"FL 380","lower":"GND","color":"#f57c00","dist_km":194.24},"bbox":[130.4166665,36.0333335,130.9166665,36.7333335]},{"type":"Feature","id":"lt_c_aisresc.28","geometry":{"type":"MultiPolygon","coordinates":[[[[126.5415925,35.559029],[126.542572,35.547413],[126.5415635,35.5357985],[126.538588,35.5244115],[126.5337035,35.5134735],[126.5270065,35.5031975],[126.518628,35.493783],[126.5087305,35.485413],[126.497507,35.47825],[126.4851755,35.472433],[126.471976,35.4680755],[126.458165,35.4652615],[126.44401,35.4640455],[126.429786,35.4644515],[126.415769,35.4664715],[126.4022305,35.470066],[126.3894345,35.4751655],[126.3776285,35.4816715],[126.367042,35.489457],[126.3578815,35.4983705],[126.350325,35.50824],[126.3445205,35.5188725],[126.340581,35.5300625],[126.338584,35.541591],[126.338569,35.553235],[126.340538,35.564767],[126.3444525,35.575963],[126.3502375,35.586605],[126.357781,35.5964845],[126.366936,35.6054105],[126.3775255,35.6132075],[126.3893425,35.619724],[126.402157,35.6248335],[126.415719,35.628435],[126.429764,35.630459],[126.4440175,35.6308655],[126.458201,35.6296475],[126.4720385,35.6268275],[126.485259,35.6224615],[126.497605,35.6166345],[126.5088355,35.60946],[126.518732,35.601078],[126.527102,35.5916525],[126.5337825,35.5813665],[126.538644,35.570421],[126.5415925,35.559029]]]]},"geometry_name":"ag_geom","properties":{"zone_type":"비행제한구역","layer":"lt_c_aisresc","name":"R104","upper":"FL 150","lower":"GND","color":"#f57c00","dist_km":187.29},"bbox":[126.338569,35.4640455,126.542572,35.6308655]},{"type":"Feature","id":"lt_c_aisresc.29","geometry":{"type":"MultiPolygon","coordinates":[[[[125.5,36],[125.5,35.5833335],[125,35.5833335],[125,36],[125.5,36]]]]},"geometry_name":"ag_geom","properties":{"zone_type":"비행제한구역","layer":"lt_c_aisresc","name":"R123","upper":"3 700 AMSL","lower":"GND","color":"#f57c00","dist_km":281.44},"bbox":[125,35.5833335,125.5,36]},{"type":"Feature","id":"lt_c_aisresc.30","geometry":{"type":"MultiPolygon","coordinates":[[[[126.199639,36.67675],[126.230472,36.5523335],[126.1513055,36.5495555],[126.154639,36.679528],[126.199639,36.67675]]]]},"geometry_name":"ag_geom","properties":{"zone_type":"비행제한구역","layer":"lt_c_aisresc","name":"R108A","upper":"FL 270","lower":"GND","color":"#f57c00","dist_km":260.74},"bbox":[126.1513055,36.5495555,126.230472,36.679528]},{"type":"Feature","id":"lt_c_aisresc.31","geometry":{"type":"MultiPolygon","coordinates":[[[[126.197972,36.67675],[126.009111,36.28875],[125.9438335,36.3029165],[126.154639,36.679528],[126.197972,36.67675]]]]},"geometry_name":"ag_geom","properties":{"zone_type":"비행제한구역","layer":"lt_c_aisresc","name":"R108F","upper":"FL 800","lower":"GND","color":"#f57c00","dist_km":262.32},"bbox":[125.9438335,36.28875,126.197972,36.679528]},{"type":"Feature","id":"lt_c_aisresc.32","geometry":{"type":"MultiPolygon","coordinates":[[[[126.1666665,37.1],[125.95,36.9166665],[125.7,36.9166665],[125.7,37.1],[126.1666665,37.1]]]]},"geometry_name":"ag_geom","properties":{"zone_type":"비행제한구역","layer":"lt_c_aisresc","name":"R124","upper":"2 500 AMSL","lower":"GND","color":"#f57c00","dist_km":304.64},"bbox":[125.7,36.9166665,126.1666665,37.1]},{"type":"Feature","id":"lt_c_aisresc.35","geometry":{"type":"MultiPolygon","coordinates":[[[[128.5,34],[127.8333335,33.1666665],[127.6666665,33.1666665],[127.6666665,34],[128.5,34]]]]},"geometry_name":"ag_geom","properties":{"zone_type":"비행제한구역","layer":"lt_c_aisresc","name":"R118","upper":"2 500 AMSL","lower":"GND","color":"#f57c00","dist_km":131.57},"bbox":[127.6666665,33.1666665,128.5,34]},{"type":"Feature","id":"lt_c_aisresc.36","geometry":{"type":"MultiPolygon","coordinates":[[[[126.502111,36.35625],[126.6333335,36.2333335],[125.7333335,35.6833335],[125.5833335,35.85],[126.3818335,36.3581945],[126.502111,36.35625]]]]},"geometry_name":"ag_geom","properties":{"zone_type":"비행제한구역","layer":"lt_c_aisresc","name":"R97C","upper":"UNL","lower":"GND","color":"#f57c00","dist_km":210.36},"bbox":[125.5833335,35.6833335,126.6333335,36.3581945]},{"type":"Feature","id":"lt_c_aisresc.37","geometry":{"type":"MultiPolygon","coordinates":[[[[130.2166665,36.8333335],[130.4166665,36.7333335],[130.4166665,36.0333335],[130,36.0333335],[130,36.8666665],[130.2166665,36.8333335]]]]},"geometry_name":"ag_geom","properties":{"zone_type":"비행제한구역","layer":"lt_c_aisresc","name":"R74","upper":"FL 500","lower":"GND","color":"#f57c00","dist_km":162.22},"bbox":[130,36.0333335,130.4166665,36.8666665]},{"type":"Feature","id":"lt_c_aisresc.38","geometry":{"type":"MultiPolygon","coordinates":[[[[126.5833335,36.3],[126.4,36.0333335],[126.1833335,36.2166665],[126.5166665,36.3333335],[126.5833335,36.3]]]]},"geometry_name":"ag_geom","properties":{"zone_type":"비행제한구역","layer":"lt_c_aisresc","name":"R97A","upper":"FL 300","lower":"GND","color":"#f57c00","dist_km":217.72},"bbox":[126.1833335,36.0333335,126.5833335,36.3333335]},{"type":"Feature","id":"lt_c_aisresc.39","geometry":{"type":"MultiPolygon","coordinates":[[[[128.58722222,34.33666667],[128.71972222,34.15361111],[128.58333333,34],[128,34],[128,34.16138889],[128.19083333,34.30027778],[128.58722222,34.33666667]]]]},"geometry_name":"ag_geom","properties":{"zone_type":"비행제한구역","layer":"lt_c_aisresc","name":"R72","upper":"UNL","lower":"GND","color":"#f57c00","dist_km":94.05},"bbox":[128,34,128.71972222,34.33666667]},{"type":"Feature","id":"lt_c_aisresc.40","geometry":{"type":"MultiPolygon","coordinates":[[[[128.51749982,38.50166667],[128.51666667,38.5],[128.51666651,38.50000002],[128.5166665,38.5],[128.51666637,38.50000004],[128.51442333,38.50032051],[128.51217998,38.50064103],[128.50993663,38.50096154],[128.50769326,38.50128205],[128.50544989,38.50160257],[128.5032065,38.50192308],[128.5009631,38.50224359],[128.4987197,38.50256411],[128.49647628,38.50288462],[128.49423286,38.50320513],[128.49198942,38.50352564],[128.48974598,38.50384616],[128.48750252,38.50416667],[128.48525906,38.50448718],[128.48301558,38.5048077],[128.48077209,38.50512821],[128.4785286,38.50544872],[128.47628509,38.50576924],[128.47404158,38.50608975],[128.47179805,38.50641026],[128.46955452,38.50673077],[128.46731097,38.50705129],[128.46506742,38.5073718],[128.46282385,38.50769231],[128.46058028,38.50801283],[128.45833669,38.50833334],[128.4560931,38.50865385],[128.45384949,38.50897436],[128.45160588,38.50929488],[128.44936226,38.50961539],[128.44711862,38.5099359],[128.44487498,38.51025642],[128.44263132,38.51057693],[128.44038766,38.51089744],[128.43814398,38.51121795],[128.4359003,38.51153847],[128.43365661,38.51185898],[128.4314129,38.51217949],[128.42916919,38.5125],[128.42692546,38.51282052],[128.42468173,38.51314103],[128.42243799,38.51346154],[128.42019423,38.51378205],[128.41795047,38.51410257],[128.41570669,38.51442308],[128.41346291,38.51474359],[128.41121912,38.5150641],[128.40897531,38.51538462],[128.4067315,38.51570513],[128.40448768,38.51602564],[128.40224384,38.51634615],[128.4,38.51666667],[128.4,38.51842106],[128.4,38.52017545],[128.4,38.52192984],[128.4,38.52368423],[128.4,38.52543861],[128.4,38.527193],[128.4,38.52894739],[128.4,38.53070178],[128.4,38.53245616],[128.4,38.53421055],[128.4,38.53596493],[128.4,38.53771932],[128.4,38.5394737],[128.4,38.54122809],[128.4,38.54298247],[128.4,38.54473685],[128.4,38.54649124],[128.4,38.54824562],[128.4,38.55],[128.40224334,38.55032051],[128.40448668,38.55064103],[128.40673004,38.55096154],[128.4089734,38.55128205],[128.41121678,38.55160257],[128.41346016,38.55192308],[128.41570356,38.55224359],[128.41794696,38.55256411],[128.42019038,38.55288462],[128.4224338,38.55320513],[128.42467724,38.55352564],[128.42692069,38.55384616],[128.42916414,38.55416667],[128.43140761,38.55448718],[128.43365108,38.5548077],[128.43589457,38.55512821],[128.43813806,38.55544872],[128.44038157,38.55576924],[128.44262508,38.55608975],[128.44486861,38.55641026],[128.44711214,38.55673077],[128.44935569,38.55705129],[128.45159924,38.5573718],[128.45384281,38.55769231],[128.45608638,38.55801283],[128.45832997,38.55833334],[128.46057356,38.55865385],[128.46281716,38.55897436],[128.46506078,38.55929488],[128.4673044,38.55961539],[128.46954804,38.5599359],[128.47179168,38.56025642],[128.47403534,38.56057693],[128.476279,38.56089744],[128.47852268,38.56121795],[128.48076636,38.56153847],[128.48301006,38.56185898],[128.48525376,38.56217949],[128.48749747,38.5625],[128.4897412,38.56282052],[128.49198493,38.56314103],[128.49422868,38.56346154],[128.49647243,38.56378205],[128.49871619,38.56410257],[128.50095997,38.56442308],[128.50320375,38.56474359],[128.50544755,38.5650641],[128.50769135,38.56538462],[128.50993516,38.56570513],[128.51217899,38.56602564],[128.51442282,38.56634615],[128.51666667,38.56666667],[128.51750018,38.565],[128.51757464,38.56485111],[128.5333335,38.5333335],[128.53301567,38.53269815],[128.53249982,38.53166667],[128.53166632,38.53000001],[128.53083284,38.52833334],[128.52999938,38.52666668],[128.52916595,38.52500002],[128.52833253,38.52333335],[128.52749913,38.52166669],[128.52666574,38.52000002],[128.52583238,38.51833336],[128.52499904,38.51666669],[128.52416572,38.51500002],[128.52333241,38.51333336],[128.52249913,38.51166669],[128.52166586,38.51000002],[128.52083261,38.50833335],[128.51999938,38.50666668],[128.51916618,38.50500001],[128.51833299,38.50333334],[128.51749982,38.50166667]]]]},"geometry_name":"ag_geom","properties":{"zone_type":"비행제한구역","layer":"lt_c_aisresc","name":"R77","upper":"FL 150","lower":"GND","color":"#f57c00","dist_km":369.48},"bbox":[128.4,38.5,128.5333335,38.56666667]},{"type":"Feature","id":"lt_c_aisresc.41","geometry":{"type":"MultiPolygon","coordinates":[[[[128.3829635,36.4143025],[128.3839525,36.402688],[128.382933,36.391075],[128.3799245,36.3796895],[128.374987,36.3687535],[128.3682175,36.358479],[128.3597475,36.349066],[128.3497425,36.3406975],[128.3383975,36.333536],[128.3259325,36.32772],[128.3125905,36.323363],[128.29863,36.3205495],[128.284322,36.3193335],[128.269944,36.3197395],[128.255775,36.321759],[128.2420905,36.325353],[128.2291555,36.330452],[128.2172215,36.3369565],[128.2065205,36.3447405],[128.1972605,36.353653],[128.189622,36.363521],[128.183754,36.374152],[128.1797715,36.38534],[128.1777525,36.396867],[128.177737,36.4085095],[128.1797265,36.42004],[128.183683,36.4312345],[128.1895305,36.4418745],[128.1971555,36.451753],[128.2064105,36.4606775],[128.2171145,36.468474],[128.22906,36.47499],[128.242014,36.4800985],[128.2557235,36.4836995],[128.269921,36.4857235],[128.2843295,36.48613],[128.2986675,36.484912],[128.3126555,36.4820925],[128.3260195,36.477727],[128.3384995,36.4719005],[128.349852,36.464727],[128.359856,36.456346],[128.3683165,36.4469215],[128.375069,36.436637],[128.379983,36.425693],[128.3829635,36.4143025]]]]},"geometry_name":"ag_geom","properties":{"zone_type":"비행제한구역","layer":"lt_c_aisresc","name":"R81","upper":"FL 220","lower":"SFC","color":"#f57c00","dist_km":128.95},"bbox":[128.177737,36.3193335,128.3839525,36.48613]},{"type":"Feature","id":"lt_c_aisresc.42","geometry":{"type":"MultiPolygon","coordinates":[[[[125.60277778,35.25027778],[125.60333333,34.83333333],[124.53055556,34.8325],[124.52888889,35.24916667],[125.60277778,35.25027778]]]]},"geometry_name":"ag_geom","properties":{"zone_type":"비행제한구역","layer":"lt_c_aisresc","name":"R84","upper":"FL 500","lower":"GND","color":"#f57c00","dist_km":268.61},"bbox":[124.52888889,34.8325,125.60333333,35.25027778]},{"type":"Feature","id":"lt_c_aisresc.43","geometry":{"type":"MultiPolygon","coordinates":[[[[127.0277778,37.7],[127.0547222,37.6933333],[127.0869444,37.6758333],[127.1333333,37.6408333],[127.1416667,37.6155556],[127.1583333,37.5797222],[127.1130556,37.5425],[127.0605556,37.4480556],[126.9561111,37.4480556],[126.8066667,37.5691667],[126.8047222,37.5916667],[126.7983333,37.6169444],[126.8036111,37.6311111],[126.8066667,37.6636111],[126.8830556,37.6327778],[127.0277778,37.7]]]]},"geometry_name":"ag_geom","properties":{"zone_type":"비행제한구역","layer":"lt_c_aisresc","name":"R75","upper":"10 000 AMSL","lower":"SFC","color":"#f57c00","dist_km":286.61},"bbox":[126.7983333,37.4480556,127.1583333,37.7]},{"type":"Feature","id":"lt_c_aisresc.44","geometry":{"type":"MultiPolygon","coordinates":[[[[124.08611111,37.74861111],[124.61111111,37.74861111],[124.61111111,37.50277778],[124.08611111,37.50388889],[124.08611111,37.74861111]]]]},"geometry_name":"ag_geom","properties":{"zone_type":"비행제한구역","layer":"lt_c_aisresc","name":"R153","upper":"3 000 AMSL","lower":"SFC","color":"#f57c00","dist_km":442.13},"bbox":[124.08611111,37.50277778,124.61111111,37.74861111]},{"type":"Feature","id":"lt_c_aisresc.45","geometry":{"type":"MultiPolygon","coordinates":[[[[127.824247,36.481298],[127.8246465,36.4766525],[127.824242,36.472007],[127.823041,36.4674525],[127.821067,36.463077],[127.8183585,36.458966],[127.8149685,36.4551995],[127.8109625,36.4518505],[127.8064195,36.4489845],[127.801427,36.446657],[127.7960825,36.444913],[127.7904895,36.443787],[127.7847575,36.4433005],[127.778997,36.443463],[127.773321,36.4442715],[127.767839,36.44571],[127.7626575,36.4477505],[127.7578785,36.4503535],[127.7535935,36.4534685],[127.7498865,36.457035],[127.74683,36.4609835],[127.744483,36.465237],[127.7428915,36.4697125],[127.7420865,36.474324],[127.742084,36.4789805],[127.742884,36.4835925],[127.7444715,36.4880695],[127.746815,36.4923245],[127.7498695,36.4962745],[127.7535755,36.4998425],[127.757861,36.5029595],[127.7626425,36.5055645],[127.7678265,36.507607],[127.7733125,36.5090465],[127.7789935,36.5098555],[127.7847585,36.510018],[127.7904955,36.509531],[127.796093,36.508404],[127.801441,36.506659],[127.806436,36.5043295],[127.8109805,36.5014615],[127.814986,36.498111],[127.8183745,36.4943425],[127.82108,36.49023],[127.82305,36.4858535],[127.824247,36.481298]]]]},"geometry_name":"ag_geom","properties":{"zone_type":"비행제한구역","layer":"lt_c_aisresc","name":"R20","upper":"5 000 AMSL","lower":"GND","color":"#f57c00","dist_km":156.63},"bbox":[127.742084,36.4433005,127.8246465,36.510018]},{"type":"Feature","id":"lt_c_aisresc.46","geometry":{"type":"MultiPolygon","coordinates":[[[[127.265429,36.615742],[127.265829,36.6110965],[127.265424,36.6064515],[127.2642205,36.601897],[127.262243,36.5975215],[127.25953,36.593411],[127.256134,36.5896445],[127.2521215,36.5862955],[127.2475705,36.5834295],[127.2425695,36.581102],[127.2372155,36.5793585],[127.231613,36.578232],[127.225871,36.5777455],[127.2201005,36.577908],[127.2144145,36.5787165],[127.208923,36.580155],[127.203733,36.5821955],[127.198945,36.5847985],[127.194653,36.5879135],[127.1909395,36.59148],[127.1878775,36.595428],[127.1855265,36.5996815],[127.1839325,36.604157],[127.183126,36.6087685],[127.1831235,36.613425],[127.183925,36.6180365],[127.185515,36.6225135],[127.187863,36.6267685],[127.1909225,36.6307185],[127.194635,36.6342865],[127.198928,36.6374035],[127.2037175,36.6400085],[127.2089105,36.6420505],[127.214406,36.64349],[127.220097,36.644299],[127.225872,36.644462],[127.231619,36.643975],[127.237226,36.642848],[127.2425835,36.6411025],[127.247587,36.6387735],[127.2521395,36.6359055],[127.2561515,36.6325545],[127.259546,36.6287865],[127.2622565,36.624674],[127.26423,36.6202975],[127.265429,36.615742]]]]},"geometry_name":"ag_geom","properties":{"zone_type":"비행제한구역","layer":"lt_c_aisresc","name":"R19","upper":"3 400 AMSL","lower":"GND","color":"#f57c00","dist_km":196.2},"bbox":[127.1831235,36.5777455,127.265829,36.644462]},{"type":"Feature","id":"lt_c_aisresc.47","geometry":{"type":"MultiPolygon","coordinates":[[[[127.7011545,37.347631],[127.7021555,37.336018],[127.7011225,37.324407],[127.698077,37.3130235],[127.6930785,37.3020895],[127.6862255,37.291817],[127.677652,37.2824055],[127.6675245,37.2740385],[127.6560405,37.266878],[127.6434235,37.2610635],[127.6299185,37.256707],[127.6157875,37.253894],[127.601305,37.2526785],[127.5867515,37.2530845],[127.57241,37.2551035],[127.5585585,37.258697],[127.5454655,37.263795],[127.5333855,37.270298],[127.5225535,37.278081],[127.51318,37.2869915],[127.505448,37.2968575],[127.499508,37.307487],[127.495476,37.318673],[127.4934315,37.3301985],[127.4934155,37.3418385],[127.495429,37.3533675],[127.4994335,37.36456],[127.505352,37.375199],[127.5130705,37.3850765],[127.522438,37.3939995],[127.5332735,37.401795],[127.5453655,37.40831],[127.558478,37.413418],[127.572356,37.4170185],[127.5867275,37.419042],[127.601313,37.419449],[127.615827,37.418231],[127.6299865,37.4154115],[127.6435145,37.4110465],[127.656148,37.405221],[127.6676395,37.3980485],[127.6777655,37.3896685],[127.6863295,37.380245],[127.6931645,37.369962],[127.698138,37.3590195],[127.7011545,37.347631]]]]},"geometry_name":"ag_geom","properties":{"zone_type":"비행제한구역","layer":"lt_c_aisresc","name":"R17","upper":"FL 150","lower":"GND","color":"#f57c00","dist_km":245.87},"bbox":[127.4934155,37.2526785,127.7021555,37.419449]},{"type":"Feature","id":"lt_c_aisresc.48","geometry":{"type":"MultiPolygon","coordinates":[[[[129.4740835,35.8946945],[129.517111,35.886361],[129.496,35.8435835],[129.4626665,35.8369165],[129.442972,35.8919165],[129.4740835,35.8946945]]]]},"geometry_name":"ag_geom","properties":{"zone_type":"비행제한구역","layer":"lt_c_aisresc","name":"R90B","upper":"5 500 AMSL","lower":"GND","color":"#f57c00","dist_km":110.31},"bbox":[129.442972,35.8369165,129.517111,35.8946945]},{"type":"Feature","id":"lt_c_aisresc.49","geometry":{"type":"MultiPolygon","coordinates":[[[[129.454889,35.92275],[129.521278,35.890528],[129.517111,35.886361],[129.4740835,35.8946945],[129.442972,35.8919165],[129.429889,35.9269165],[129.454889,35.92275]]]]},"geometry_name":"ag_geom","properties":{"zone_type":"비행제한구역","layer":"lt_c_aisresc","name":"R90A","upper":"2 000 AMSL","lower":"GND","color":"#f57c00","dist_km":113.17},"bbox":[129.429889,35.886361,129.521278,35.9269165]},{"type":"Feature","id":"lt_c_aisresc.50","geometry":{"type":"MultiPolygon","coordinates":[[[[126.1666665,36.3333335],[126.245472,36.36875],[126.502111,36.35625],[126.6333335,36.2333335],[126.3666665,35.8833335],[126.05,36.2],[125.95,36.2333335],[125.95,36.3333335],[126.1666665,36.3333335]]]]},"geometry_name":"ag_geom","properties":{"zone_type":"비행제한구역","layer":"lt_c_aisresc","name":"R97B","upper":"UNL","lower":"GND","color":"#f57c00","dist_km":210.36},"bbox":[125.95,35.8833335,126.6333335,36.36875]},{"type":"Feature","id":"lt_c_aisresc.51","geometry":{"type":"MultiPolygon","coordinates":[[[[125.72,37.69611111],[125.91944444,37.62972222],[125.90333333,37.58805556],[125.70083333,37.65916667],[125.72,37.69611111]]]]},"geometry_name":"ag_geom","properties":{"zone_type":"비행제한구역","layer":"lt_c_aisresc","name":"R154","upper":"3 000 AMSL","lower":"SFC","color":"#f57c00","dist_km":360.48},"bbox":[125.70083333,37.58805556,125.91944444,37.69611111]},{"type":"Feature","id":"lt_c_aisresc.52","geometry":{"type":"MultiPolygon","coordinates":[[[[127.80527778,36.90698782],[127.80750868,36.90693968],[127.80973314,36.90679541],[127.81194474,36.90655542],[127.8141371,36.90622039],[127.81630388,36.90579131],[127.81843882,36.90526941],[127.82053577,36.9046562],[127.82258868,36.90395344],[127.82459161,36.90316316],[127.8265388,36.90228765],[127.82842461,36.90132943],[127.83024361,36.90029127],[127.83199056,36.89917617],[127.83366041,36.89798734],[127.83524834,36.89672821],[127.83674979,36.89540242],[127.83816042,36.8940138],[127.83947616,36.89256635],[127.84069322,36.89106424],[127.8418081,36.88951182],[127.8428176,36.88791355],[127.84371879,36.88627406],[127.84450909,36.88459807],[127.84518624,36.88289041],[127.84574827,36.88115602],[127.84619358,36.87939989],[127.8465209,36.87762708],[127.84672928,36.87584272],[127.84681813,36.87405194],[127.84678722,36.87225991],[127.84663662,36.8704718],[127.84636679,36.86869276],[127.84597852,36.86692792],[127.84547292,36.86518237],[127.84485147,36.86346113],[127.84411597,36.86176917],[127.84326853,36.86011138],[127.84231162,36.85849251],[127.84124799,36.85691724],[127.84008072,36.85539011],[127.83881317,36.85391552],[127.83744901,36.85249771],[127.83599216,36.85114078],[127.83444683,36.84984862],[127.83281748,36.84862497],[127.83110881,36.84747334],[127.82932573,36.84639706],[127.82747339,36.84539923],[127.82555712,36.84448271],[127.82358245,36.84365015],[127.82155507,36.84290394],[127.81948081,36.84224624],[127.81736565,36.84167894],[127.81521568,36.84120367],[127.81303709,36.8408218],[127.81083616,36.84053444],[127.80861922,36.8403424],[127.80639266,36.84024624],[127.80416289,36.84024624],[127.80193633,36.8403424],[127.7997194,36.84053444],[127.79751847,36.8408218],[127.79533988,36.84120367],[127.79318991,36.84167894],[127.79107475,36.84224624],[127.78900049,36.84290394],[127.7869731,36.84365015],[127.78499843,36.84448271],[127.78308216,36.84539923],[127.78122982,36.84639706],[127.77944675,36.84747334],[127.77773807,36.84862497],[127.77610872,36.84984862],[127.77456339,36.85114078],[127.77310655,36.85249771],[127.77174238,36.85391552],[127.77047484,36.85539011],[127.76930756,36.85691724],[127.76824394,36.85849251],[127.76728702,36.86011138],[127.76643959,36.86176917],[127.76570408,36.86346113],[127.76508263,36.86518237],[127.76457704,36.86692792],[127.76418876,36.86869276],[127.76391893,36.8704718],[127.76376834,36.87225991],[127.76373742,36.87405194],[127.76382628,36.87584272],[127.76403466,36.87762708],[127.76436197,36.87939989],[127.76480728,36.88115602],[127.76536932,36.88289041],[127.76604646,36.88459807],[127.76683676,36.88627406],[127.76773796,36.88791355],[127.76874745,36.88951182],[127.76986233,36.89106424],[127.7710794,36.89256635],[127.77239514,36.8940138],[127.77380576,36.89540242],[127.77530721,36.89672821],[127.77689515,36.89798734],[127.77856499,36.89917617],[127.78031194,36.90029127],[127.78213094,36.90132943],[127.78401676,36.90228765],[127.78596394,36.90316316],[127.78796688,36.90395344],[127.79001978,36.9046562],[127.79211673,36.90526941],[127.79425168,36.90579131],[127.79641846,36.90622039],[127.79861081,36.90655542],[127.80082241,36.90679541],[127.80304687,36.90693968],[127.80527778,36.90698782]]]]},"geometry_name":"ag_geom","properties":{"zone_type":"비행제한구역","layer":"lt_c_aisresc","name":"R152","upper":"2 100 AMSL","lower":"SFC","color":"#f57c00","dist_km":196.62},"bbox":[127.76373742,36.84024624,127.84681813,36.90698782]},{"type":"Feature","id":"lt_c_aisresc.59","geometry":{"type":"MultiPolygon","coordinates":[[[[127.297777,37.3651855],[127.298181,37.3605405],[127.2977715,37.355896],[127.2965565,37.351342],[127.2945595,37.3469675],[127.2918195,37.342857],[127.28839,37.339091],[127.284338,37.335743],[127.279742,37.3328775],[127.274692,37.33055],[127.269285,37.3288065],[127.2636275,37.3276805],[127.257829,37.327194],[127.252002,37.3273565],[127.24626,37.328165],[127.240714,37.329603],[127.235473,37.3316435],[127.230638,37.334246],[127.2263035,37.3373605],[127.2225535,37.3409265],[127.2194615,37.344874],[127.217087,37.349127],[127.215477,37.353602],[127.2146625,37.3582125],[127.21466,37.362869],[127.2154695,37.36748],[127.217075,37.371956],[127.219446,37.3762105],[127.222536,37.38016],[127.226285,37.383728],[127.23062,37.3868445],[127.235457,37.389449],[127.2407015,37.391491],[127.246251,37.3929305],[127.251998,37.393739],[127.25783,37.393902],[127.263634,37.393415],[127.269296,37.392288],[127.2747065,37.390543],[127.2797595,37.388214],[127.2843565,37.3853465],[127.2884085,37.381996],[127.2918365,37.3782285],[127.2945735,37.3741165],[127.2965665,37.3697405],[127.297777,37.3651855]]]]},"geometry_name":"ag_geom","properties":{"zone_type":"비행제한구역","layer":"lt_c_aisresc","name":"R35","upper":"2 500 AMSL","lower":"GND","color":"#f57c00","dist_km":266.08},"bbox":[127.21466,37.327194,127.298181,37.393902]},{"type":"Feature","id":"lt_c_aisresc.60","geometry":{"type":"MultiPolygon","coordinates":[[[[128.89388889,34.77888889],[129.05583333,34.56305556],[128.71972222,34.15361111],[128.58722222,34.33666667],[128.72416667,34.68444444],[128.84194444,34.76833333],[128.89388889,34.77888889]]]]},"geometry_name":"ag_geom","properties":{"zone_type":"비행제한구역","layer":"lt_c_aisresc","name":"R99","upper":"FL 360","lower":"GND","color":"#f57c00","dist_km":52.9},"bbox":[128.58722222,34.15361111,129.05583333,34.77888889]},{"type":"Feature","id":"lt_c_aisresc.61","geometry":{"type":"MultiPolygon","coordinates":[[[[126.7,35.15],[126.7333335,35.15],[126.75743889,35.13795],[126.72954167,35.08845278],[126.6833335,35.1],[126.688222,35.1294445],[126.6824165,35.135],[126.7,35.15]]]]},"geometry_name":"ag_geom","properties":{"zone_type":"비행제한구역","layer":"lt_c_aisresc","name":"R14","upper":null,"lower":null,"color":"#f57c00","dist_km":163.51},"bbox":[126.6824165,35.08845278,126.75743889,35.15]},{"type":"Feature","id":"lt_c_aisresc.62","geometry":{"type":"MultiPolygon","coordinates":[[[[124.0694445,37.9833335],[124.636111,37.9833335],[124.70833333,37.98916667],[124.70833333,37.9],[124.636111,37.9],[124.0694445,37.9],[124.0694445,37.9833335]]]]},"geometry_name":"ag_geom","properties":{"zone_type":"비행제한구역","layer":"lt_c_aisresc","name":"R131","upper":"5 000 AMSL","lower":"SFC","color":"#f57c00","dist_km":462.63},"bbox":[124.0694445,37.9,124.70833333,37.98916667]},{"type":"Feature","id":"lt_c_aisresc.63","geometry":{"type":"MultiPolygon","coordinates":[[[[126.0058335,37.639722],[126.005278,37.606389],[125.9233335,37.606111],[125.9241665,37.6408335],[126.0058335,37.639722]]]]},"geometry_name":"ag_geom","properties":{"zone_type":"비행제한구역","layer":"lt_c_aisresc","name":"R137","upper":"5 000 AMSL","lower":"SFC","color":"#f57c00","dist_km":355.89},"bbox":[125.9233335,37.606111,126.0058335,37.6408335]},{"type":"Feature","id":"lt_c_aisresc.64","geometry":{"type":"MultiPolygon","coordinates":[[[[126.53138889,36.34807181],[126.53359345,36.34793487],[126.53574631,36.34752727],[126.537797,36.34685855],[126.53969743,36.34594441],[126.54140304,36.34480627],[126.54287385,36.34347083],[126.54407539,36.34196938],[126.54497951,36.34033714],[126.54556503,36.33861237],[126.54581824,36.33683551],[126.54573324,36.33504819],[126.54531203,36.33329231],[126.54456451,36.33160904],[126.54350823,36.33003781],[126.54216795,36.32861544],[126.54057509,36.32737527],[126.53876698,36.32634635],[126.53678601,36.3255528],[126.53467858,36.32501321],[126.53249408,36.32474022],[126.53028369,36.32474022],[126.52809919,36.32501321],[126.52599177,36.3255528],[126.52401079,36.32634635],[126.52220269,36.32737527],[126.52060983,36.32861544],[126.51926955,36.33003781],[126.51821326,36.33160904],[126.51746575,36.33329231],[126.51704454,36.33504819],[126.51695954,36.33683551],[126.51721275,36.33861237],[126.51779827,36.34033714],[126.51870238,36.34196938],[126.51990393,36.34347083],[126.52137474,36.34480627],[126.52308035,36.34594441],[126.52498078,36.34685855],[126.52703146,36.34752727],[126.52918433,36.34793487],[126.53138889,36.34807181]]]]},"geometry_name":"ag_geom","properties":{"zone_type":"비행제한구역","layer":"lt_c_aisresc","name":"R138","upper":"4 400 AMSL","lower":"SFC","color":"#f57c00","dist_km":223.19},"bbox":[126.51695954,36.32474022,126.54581824,36.34807181]},{"type":"Feature","id":"lt_c_aisresc.53","geometry":{"type":"MultiPolygon","coordinates":[[[[128.28027222,36.06879722],[128.2530406,36.05703649],[128.25289476,36.05727323],[128.25177216,36.05881049],[128.25051731,36.06027878],[128.24913661,36.06167064],[128.24763709,36.06297895],[128.24602638,36.06419706],[128.24431271,36.06531874],[128.24250479,36.06633828],[128.24061185,36.06725047],[128.23864355,36.06805067],[128.2366099,36.0687348],[128.2345213,36.06929936],[128.23238838,36.06974148],[128.23022203,36.0700589],[128.22803329,36.07025],[128.22583333,36.07031381],[128.22363337,36.07025],[128.22144464,36.0700589],[128.21927829,36.06974148],[128.21714537,36.06929936],[128.21505676,36.0687348],[128.21302312,36.06805067],[128.21105481,36.06725047],[128.20916188,36.06633828],[128.20735396,36.06531874],[128.20564028,36.06419706],[128.20402958,36.06297895],[128.20253006,36.06167064],[128.20114935,36.06027878],[128.19989451,36.05881049],[128.19877191,36.05727323],[128.19778727,36.05567485],[128.19694561,36.05402351],[128.19625119,36.0523276],[128.19570757,36.05059579],[128.19531748,36.0488369],[128.19508292,36.04705989],[128.19500507,36.04527381],[128.19508431,36.04348778],[128.19532023,36.04171089],[128.19571162,36.03995219],[128.19625647,36.03822064],[128.196952,36.03652508],[128.19779465,36.03487412],[128.19863489,36.03351168],[128.17142778,36.02173333],[128.17142623,36.02173328],[128.17115562,36.02227495],[128.17089141,36.02281977],[128.17063365,36.02336768],[128.17038238,36.02391859],[128.17013762,36.02447242],[128.16989941,36.0250291],[128.16966779,36.02558855],[128.16944278,36.0261507],[128.16922442,36.02671546],[128.16901274,36.02728276],[128.16880777,36.02785252],[128.16860953,36.02842466],[128.16841805,36.02899909],[128.16823337,36.02957575],[128.1680555,36.03015454],[128.16788448,36.03073539],[128.16772032,36.03131822],[128.16756304,36.03190294],[128.16741268,36.03248948],[128.16726924,36.03307776],[128.16713276,36.03366768],[128.16700324,36.03425917],[128.16688072,36.03485215],[128.16676519,36.03544654],[128.16665669,36.03604224],[128.16655522,36.03663919],[128.16646081,36.03723729],[128.16637345,36.03783646],[128.16629317,36.03843662],[128.16621998,36.03903768],[128.16615388,36.03963957],[128.16609489,36.0402422],[128.16604302,36.04084548],[128.16599826,36.04144933],[128.16596063,36.04205366],[128.16593013,36.0426584],[128.16590677,36.04326346],[128.16589055,36.04386875],[128.16588148,36.04447419],[128.16587954,36.04507969],[128.16588475,36.04568517],[128.1658971,36.04629055],[128.1659166,36.04689575],[128.16594323,36.04750067],[128.165977,36.04810523],[128.1660179,36.04870935],[128.16606592,36.04931295],[128.16612106,36.04991594],[128.16618331,36.05051824],[128.16625266,36.05111976],[128.1663291,36.05172042],[128.16641263,36.05232014],[128.16650322,36.05291883],[128.16660087,36.05351641],[128.16670557,36.0541128],[128.16681729,36.05470791],[128.16693603,36.05530166],[128.16706176,36.05589397],[128.16719447,36.05648475],[128.16733415,36.05707393],[128.16748076,36.05766142],[128.1676343,36.05824713],[128.16779473,36.058831],[128.16796205,36.05941293],[128.16813621,36.05999285],[128.16831721,36.06057067],[128.16850501,36.06114632],[128.16869959,36.06171971],[128.16890092,36.06229076],[128.16910897,36.0628594],[128.16932372,36.06342555],[128.16954513,36.06398912],[128.16977317,36.06455005],[128.17000782,36.06510824],[128.17024903,36.06566362],[128.17049679,36.06621612],[128.17075104,36.06676566],[128.17101176,36.06731216],[128.1712789,36.06785555],[128.17155244,36.06839575],[128.17183234,36.06893268],[128.17211855,36.06946628],[128.17241103,36.06999646],[128.17270975,36.07052315],[128.17301466,36.07104628],[128.17332573,36.07156578],[128.1736429,36.07208157],[128.17396613,36.07259358],[128.17429538,36.07310175],[128.1746306,36.07360599],[128.17497175,36.07410625],[128.17531878,36.07460244],[128.17567164,36.07509451],[128.17603028,36.07558238],[128.17639465,36.07606598],[128.1767647,36.07654526],[128.17714037,36.07702013],[128.17752163,36.07749054],[128.17790841,36.07795641],[128.17830065,36.07841769],[128.17869831,36.07887432],[128.17910133,36.07932621],[128.17950966,36.07977333],[128.17992323,36.08021559],[128.18034199,36.08065294],[128.18076588,36.08108533],[128.18119484,36.08151268],[128.18162882,36.08193494],[128.18206774,36.08235205],[128.18251156,36.08276395],[128.18296021,36.08317059],[128.18341362,36.08357191],[128.18387173,36.08396785],[128.18433448,36.08435836],[128.18480181,36.08474338],[128.18527365,36.08512286],[128.18574993,36.08549675],[128.1862306,36.08586499],[128.18671557,36.08622754],[128.18720478,36.08658434],[128.18769817,36.08693534],[128.18819567,36.0872805],[128.18869721,36.08761977],[128.18920271,36.08795309],[128.18971211,36.08828043],[128.19022534,36.08860173],[128.19074232,36.08891696],[128.19126298,36.08922607],[128.19178726,36.08952901],[128.19231507,36.08982574],[128.19284635,36.09011623],[128.19338101,36.09040043],[128.19391899,36.0906783],[128.19446022,36.09094981],[128.19500461,36.09121491],[128.19555209,36.09147357],[128.19610258,36.09172575],[128.19665601,36.09197142],[128.1972123,36.09221055],[128.19777137,36.09244309],[128.19833314,36.09266903],[128.19889755,36.09288832],[128.1994645,36.09310093],[128.20003391,36.09330684],[128.20060572,36.09350602],[128.20117984,36.09369844],[128.20175619,36.09388407],[128.20233469,36.0940629],[128.20291526,36.09423488],[128.20349782,36.0944],[128.20408228,36.09455824],[128.20466857,36.09470957],[128.20525661,36.09485397],[128.20584631,36.09499143],[128.20643758,36.09512191],[128.20703036,36.09524542],[128.20762455,36.09536192],[128.20822008,36.0954714],[128.20881686,36.09557385],[128.2094148,36.09566925],[128.21001383,36.0957576],[128.21061386,36.09583886],[128.2112148,36.09591305],[128.21181658,36.09598013],[128.21241911,36.09604012],[128.2130223,36.09609299],[128.21362608,36.09613874],[128.21423035,36.09617736],[128.21483504,36.09620886],[128.21544005,36.09623321],[128.21604531,36.09625043],[128.21665074,36.0962605],[128.21725624,36.09626344],[128.21786173,36.09625922],[128.21846713,36.09624787],[128.21907235,36.09622937],[128.21967731,36.09620373],[128.22028193,36.09617096],[128.22088612,36.09613106],[128.2214898,36.09608403],[128.22209288,36.09602989],[128.22269528,36.09596863],[128.22329692,36.09590027],[128.2238977,36.09582481],[128.22449756,36.09574228],[128.2250964,36.09565267],[128.22569414,36.095556],[128.22629069,36.09545229],[128.22688599,36.09534155],[128.22756693,36.09535048],[128.22824794,36.09535222],[128.22892892,36.09534679],[128.22960981,36.09533418],[128.23029053,36.09531438],[128.230971,36.09528742],[128.23165115,36.09525327],[128.2323309,36.09521196],[128.23301017,36.09516348],[128.2336889,36.09510784],[128.23436701,36.09504505],[128.23504441,36.09497511],[128.23572104,36.09489803],[128.23639682,36.09481381],[128.23707167,36.09472248],[128.23774552,36.09462404],[128.2384183,36.0945185],[128.23908993,36.09440587],[128.23976033,36.09428616],[128.24042943,36.09415939],[128.24109716,36.09402557],[128.24176344,36.09388472],[128.24242819,36.09373685],[128.24309135,36.09358197],[128.24375285,36.09342012],[128.24441259,36.0932513],[128.24507052,36.09307553],[128.24572656,36.09289283],[128.24638064,36.09270322],[128.24703268,36.09250673],[128.24768262,36.09230337],[128.24833037,36.09209317],[128.24897587,36.09187615],[128.24961905,36.09165234],[128.25025983,36.09142176],[128.25089814,36.09118443],[128.25153392,36.09094039],[128.25216708,36.09068965],[128.25279757,36.09043225],[128.25342531,36.09016822],[128.25405023,36.08989759],[128.25467226,36.08962037],[128.25529133,36.08933662],[128.25590738,36.08904635],[128.25652033,36.0887496],[128.25713011,36.08844641],[128.25773667,36.0881368],[128.25833993,36.08782082],[128.25893982,36.08749849],[128.25953628,36.08716985],[128.26012924,36.08683494],[128.26071864,36.0864938],[128.26130441,36.08614646],[128.26188648,36.08579296],[128.26246479,36.08543334],[128.26303928,36.08506765],[128.26360988,36.08469592],[128.26417653,36.08431819],[128.26473916,36.08393451],[128.26529772,36.08354492],[128.26585213,36.08314946],[128.26640235,36.08274817],[128.2669483,36.0823411],[128.26748994,36.0819283],[128.26802718,36.08150982],[128.26855999,36.08108569],[128.26908829,36.08065596],[128.26961203,36.08022069],[128.27013116,36.07977992],[128.27064561,36.0793337],[128.27115532,36.07888208],[128.27166024,36.07842511],[128.27216032,36.07796284],[128.27265549,36.07749532],[128.2731457,36.07702261],[128.27363091,36.07654476],[128.27411105,36.07606181],[128.27458607,36.07557383],[128.27505591,36.07508087],[128.27552053,36.07458298],[128.27597988,36.07408022],[128.2764339,36.07357264],[128.27688254,36.07306031],[128.27732576,36.07254327],[128.27776349,36.07202158],[128.2781957,36.07149531],[128.27862234,36.07096451],[128.27904336,36.07042925],[128.27945871,36.06988957],[128.27986835,36.06934554],[128.28027222,36.06879722]]]]},"geometry_name":"ag_geom","properties":{"zone_type":"비행제한구역","layer":"lt_c_aisresc","name":"R155B","upper":"FL 196","lower":"SFC","color":"#f57c00","dist_km":99.84},"bbox":[128.16587954,36.02173328,128.28027222,36.09626344]},{"type":"Feature","id":"lt_c_aisresc.54","geometry":{"type":"MultiPolygon","coordinates":[[[[129.1154235,35.526299],[129.115819,35.521653],[129.115419,35.5170065],[129.1142325,35.5124515],[129.112282,35.508075],[129.109606,35.5039635],[129.1062565,35.5001965],[129.102299,35.496847],[129.0978105,35.4939805],[129.0928775,35.4916525],[129.087597,35.4899085],[129.0820715,35.488782],[129.0764075,35.4882955],[129.0707165,35.488458],[129.065108,35.4892665],[129.0596915,35.490705],[129.0545725,35.492746],[129.0498505,35.4953495],[129.045617,35.4984655],[129.0419545,35.502032],[129.0389345,35.505981],[129.0366155,35.5102355],[129.035043,35.514712],[129.034248,35.519324],[129.0342455,35.5239815],[129.0350365,35.528594],[129.0366045,35.5330715],[129.0389205,35.5373275],[129.0419385,35.541278],[129.0456,35.544847],[129.049834,35.5479645],[129.054558,35.5505695],[129.05968,35.552612],[129.0651,35.554052],[129.070713,35.554861],[129.076409,35.5550235],[129.082077,35.5545365],[129.087607,35.5534095],[129.092891,35.551664],[129.097826,35.5493345],[129.102316,35.546466],[129.1062735,35.5431145],[129.1096215,35.5393455],[129.1122945,35.5352325],[129.1142415,35.5308555],[129.1154235,35.526299]]]]},"geometry_name":"ag_geom","properties":{"zone_type":"비행제한구역","layer":"lt_c_aisresc","name":"R21","upper":"5 000 AMSL","lower":"GND","color":"#f57c00","dist_km":57.0},"bbox":[129.0342455,35.4882955,129.115819,35.5550235]},{"type":"Feature","id":"lt_c_aisresc.55","geometry":{"type":"MultiPolygon","coordinates":[[[[129.3976945,35.953028],[129.431028,35.953028],[129.331028,35.8696945],[129.3476945,35.936361],[129.3976945,35.953028]]]]},"geometry_name":"ag_geom","properties":{"zone_type":"비행제한구역","layer":"lt_c_aisresc","name":"R89","upper":"1 000 AMSL","lower":"GND","color":"#f57c00","dist_km":104.29},"bbox":[129.331028,35.8696945,129.431028,35.953028]},{"type":"Feature","id":"lt_c_aisresc.56","geometry":{"type":"MultiPolygon","coordinates":[[[[125.6,37.03555556],[125.6,36.53333333],[124.83333333,36.53333333],[124.83333333,37.0225],[125.6,37.03555556]]]]},"geometry_name":"ag_geom","properties":{"zone_type":"비행제한구역","layer":"lt_c_aisresc","name":"R88","upper":"FL 500","lower":"GND","color":"#f57c00","dist_km":308.04},"bbox":[124.83333333,36.53333333,125.6,37.03555556]},{"type":"Feature","id":"lt_c_aisresc.57","geometry":{"type":"MultiPolygon","coordinates":[[[[125.6,36.53333333],[125.60111111,36.08361111],[124.52555556,36.08194444],[124.52388889,36.39888889],[124.83333333,36.53333333],[125.6,36.53333333]]]]},"geometry_name":"ag_geom","properties":{"zone_type":"비행제한구역","layer":"lt_c_aisresc","name":"R80","upper":"FL 500","lower":"GND","color":"#f57c00","dist_km":286.82},"bbox":[124.52388889,36.08194444,125.60111111,36.53333333]},{"type":"Feature","id":"lt_c_aisresc.58","geometry":{"type":"MultiPolygon","coordinates":[[[[126.502111,36.35625],[126.6333335,36.2333335],[126.1,35.5833335],[125.8666665,35.7],[126.412139,36.354861],[126.502111,36.35625]]]]},"geometry_name":"ag_geom","properties":{"zone_type":"비행제한구역","layer":"lt_c_aisresc","name":"R97D","upper":"UNL","lower":"GND","color":"#f57c00","dist_km":210.36},"bbox":[125.8666665,35.5833335,126.6333335,36.35625]},{"type":"Feature","id":"lt_c_aisresc.65","geometry":{"type":"MultiPolygon","coordinates":[[[[127.40694444,36.85223749],[127.4091634,36.85210056],[127.41133031,36.85169299],[127.41339439,36.85102433],[127.41530722,36.85011026],[127.41702396,36.84897222],[127.41850437,36.84763688],[127.41971375,36.84613556],[127.42062376,36.84450346],[127.42121309,36.84277884],[127.42146795,36.84100212],[127.42138239,36.83921495],[127.42095843,36.83745923],[127.42020603,36.8357761],[127.41914285,36.834205],[127.41779382,36.83278276],[127.41619056,36.83154269],[127.41437067,36.83051387],[127.41237677,36.82972039],[127.4102556,36.82918084],[127.40805685,36.82890787],[127.40583204,36.82890787],[127.40363329,36.82918084],[127.40151212,36.82972039],[127.39951822,36.83051387],[127.39769832,36.83154269],[127.39609507,36.83278276],[127.39474604,36.834205],[127.39368286,36.8357761],[127.39293046,36.83745923],[127.3925065,36.83921495],[127.39242093,36.84100212],[127.39267579,36.84277884],[127.39326513,36.84450346],[127.39417514,36.84613556],[127.39538452,36.84763688],[127.39686493,36.84897222],[127.39858167,36.85011026],[127.4004945,36.85102433],[127.40255857,36.85169299],[127.40472549,36.85210056],[127.40694444,36.85223749]]]]},"geometry_name":"ag_geom","properties":{"zone_type":"비행제한구역","layer":"lt_c_aisresc","name":"R139","upper":"5 400 AMSL","lower":"GND","color":"#f57c00","dist_km":210.86},"bbox":[127.39242093,36.82890787,127.42146795,36.85223749]},{"type":"Feature","id":"lt_c_aisresc.66","geometry":{"type":"MultiPolygon","coordinates":[[[[126.55055556,36.31083333],[126.63333333,36.23333333],[126.53638889,36.10638889],[126.41666667,36.23027778],[126.55055556,36.31083333]]]]},"geometry_name":"ag_geom","properties":{"zone_type":"비행제한구역","layer":"lt_c_aisresc","name":"R97E","upper":"FL 300","lower":"SFC","color":"#f57c00","dist_km":210.36},"bbox":[126.41666667,36.10638889,126.63333333,36.31083333]},{"type":"Feature","id":"lt_c_aisresc.67","geometry":{"type":"MultiPolygon","coordinates":[[[[126.51666667,36.33333333],[126.58333333,36.3],[126.51583333,36.20194444],[126.41666667,36.28833333],[126.51666667,36.33333333]]]]},"geometry_name":"ag_geom","properties":{"zone_type":"비행제한구역","layer":"lt_c_aisresc","name":"R97F","upper":"FL 150","lower":"SFC","color":"#f57c00","dist_km":217.48},"bbox":[126.41666667,36.20194444,126.58333333,36.33333333]},{"type":"Feature","id":"lt_c_aisresc.68","geometry":{"type":"MultiPolygon","coordinates":[[[[126.33333333,32.76686556],[126.3354622,32.7668494],[126.33759038,32.76680091],[126.33971719,32.76672012],[126.34184193,32.76660705],[126.34396392,32.76646174],[126.34608247,32.76628423],[126.3481969,32.76607459],[126.35030653,32.76583287],[126.35241066,32.76555916],[126.35450863,32.76525355],[126.35659975,32.76491613],[126.35868335,32.76454702],[126.36075875,32.76414632],[126.36282529,32.76371419],[126.36488229,32.76325074],[126.36692909,32.76275614],[126.36896502,32.76223054],[126.37098944,32.76167411],[126.37300169,32.76108703],[126.37500111,32.7604695],[126.37698706,32.7598217],[126.3789589,32.75914386],[126.38091599,32.75843619],[126.38285769,32.75769891],[126.38478339,32.75693228],[126.38669246,32.75613652],[126.38858428,32.75531191],[126.39045825,32.75445871],[126.39231375,32.7535772],[126.39415018,32.75266765],[126.39596697,32.75173036],[126.39776351,32.75076565],[126.39953922,32.74977381],[126.40129355,32.74875516],[126.40302591,32.74771005],[126.40473575,32.7466388],[126.40642252,32.74554176],[126.40808567,32.74441929],[126.40972467,32.74327175],[126.41133899,32.7420995],[126.4129281,32.74090294],[126.4144915,32.73968244],[126.41602869,32.73843839],[126.41753916,32.73717121],[126.41902243,32.7358813],[126.42047802,32.73456908],[126.42190546,32.73323496],[126.4233043,32.73187939],[126.42467408,32.73050279],[126.42601436,32.72910562],[126.42732471,32.72768833],[126.4286047,32.72625137],[126.42985394,32.7247952],[126.43107201,32.7233203],[126.43225852,32.72182715],[126.43341309,32.72031622],[126.43453535,32.718788],[126.43562494,32.71724299],[126.43668152,32.71568168],[126.43770473,32.71410459],[126.43869425,32.71251221],[126.43964977,32.71090506],[126.44057097,32.70928366],[126.44145757,32.70764854],[126.44230927,32.70600022],[126.44312581,32.70433923],[126.44390692,32.70266612],[126.44465236,32.70098141],[126.44536188,32.69928565],[126.44603525,32.6975794],[126.44667227,32.69586319],[126.44727273,32.69413759],[126.44783644,32.69240315],[126.44836322,32.69066043],[126.4488529,32.68890999],[126.44930532,32.6871524],[126.44972034,32.68538822],[126.45009783,32.68361803],[126.45043767,32.68184238],[126.45073975,32.68006187],[126.45100399,32.67827705],[126.45123028,32.67648851],[126.45141857,32.67469682],[126.45156879,32.67290256],[126.45168091,32.67110631],[126.45175488,32.66930864],[126.45179068,32.66751014],[126.45178831,32.66571138],[126.45174776,32.66391296],[126.45166906,32.66211543],[126.45155223,32.66031939],[126.4513973,32.65852541],[126.45120435,32.65673408],[126.45097341,32.65494596],[126.45070459,32.65316163],[126.45039795,32.65138168],[126.45005361,32.64960666],[126.44967167,32.64783716],[126.44925227,32.64607375],[126.44879554,32.64431698],[126.44830162,32.64256743],[126.44777069,32.64082567],[126.44720291,32.63909224],[126.44659846,32.63736771],[126.44595755,32.63565264],[126.44528038,32.63394758],[126.44456718,32.63225307],[126.44381817,32.63056966],[126.4430336,32.6288979],[126.44221372,32.62723832],[126.4413588,32.62559145],[126.44046911,32.62395783],[126.43954495,32.62233798],[126.43858661,32.62073243],[126.4375944,32.61914168],[126.43656864,32.61756625],[126.43550968,32.61600665],[126.43441783,32.61446338],[126.43329347,32.61293694],[126.43213696,32.61142782],[126.43094866,32.60993649],[126.42972896,32.60846345],[126.42847826,32.60700917],[126.42719696,32.60557411],[126.42588547,32.60415874],[126.42454422,32.6027635],[126.42317364,32.60138886],[126.42177416,32.60003525],[126.42034625,32.5987031],[126.41889036,32.59739285],[126.41740697,32.59610492],[126.41589654,32.59483971],[126.41435957,32.59359765],[126.41279655,32.59237912],[126.41120799,32.59118452],[126.40959439,32.59001423],[126.40795628,32.58886863],[126.40629418,32.58774808],[126.40460863,32.58665296],[126.40290018,32.5855836],[126.40116937,32.58454036],[126.39941675,32.58352356],[126.3976429,32.58253354],[126.39584838,32.58157061],[126.39403377,32.58063509],[126.39219966,32.57972726],[126.39034663,32.57884744],[126.38847528,32.57799589],[126.38658622,32.57717289],[126.38468004,32.57637871],[126.38275736,32.57561359],[126.38081881,32.5748778],[126.378865,32.57417155],[126.37689656,32.57349509],[126.37491413,32.57284863],[126.37291834,32.57223237],[126.37090983,32.57164651],[126.36888925,32.57109124],[126.36685725,32.57056675],[126.36481448,32.57007319],[126.3627616,32.56961073],[126.36069926,32.56917951],[126.35862814,32.56877968],[126.35654889,32.56841136],[126.35446218,32.56807467],[126.35236868,32.56776972],[126.35026907,32.5674966],[126.34816403,32.56725541],[126.34605421,32.56704622],[126.34394031,32.5668691],[126.34182301,32.56672411],[126.33970298,32.56661129],[126.3375809,32.56653068],[126.33545746,32.5664823],[126.33333333,32.56646617],[126.33120921,32.5664823],[126.32908577,32.56653068],[126.32696369,32.56661129],[126.32484366,32.56672411],[126.32272635,32.5668691],[126.32061245,32.56704622],[126.31850264,32.56725541],[126.31639759,32.5674966],[126.31429798,32.56776972],[126.31220449,32.56807467],[126.31011778,32.56841136],[126.30803853,32.56877968],[126.3059674,32.56917951],[126.30390507,32.56961073],[126.30185218,32.57007319],[126.29980941,32.57056675],[126.29777741,32.57109124],[126.29575683,32.57164651],[126.29374833,32.57223237],[126.29175254,32.57284863],[126.2897701,32.57349509],[126.28780166,32.57417155],[126.28584786,32.5748778],[126.2839093,32.57561359],[126.28198663,32.57637871],[126.28008045,32.57717289],[126.27819138,32.57799589],[126.27632004,32.57884744],[126.27446701,32.57972726],[126.27263289,32.58063509],[126.27081829,32.58157061],[126.26902377,32.58253354],[126.26724991,32.58352356],[126.2654973,32.58454036],[126.26376649,32.5855836],[126.26205803,32.58665296],[126.26037248,32.58774808],[126.25871039,32.58886863],[126.25707228,32.59001423],[126.25545868,32.59118452],[126.25387012,32.59237912],[126.2523071,32.59359765],[126.25077013,32.59483971],[126.2492597,32.59610492],[126.2477763,32.59739285],[126.24632041,32.5987031],[126.2448925,32.60003525],[126.24349303,32.60138886],[126.24212244,32.6027635],[126.24078119,32.60415874],[126.2394697,32.60557411],[126.2381884,32.60700917],[126.2369377,32.60846345],[126.235718,32.60993649],[126.23452971,32.61142782],[126.23337319,32.61293694],[126.23224883,32.61446338],[126.23115699,32.61600665],[126.23009802,32.61756625],[126.22907227,32.61914168],[126.22808006,32.62073243],[126.22712172,32.62233798],[126.22619756,32.62395783],[126.22530787,32.62559145],[126.22445295,32.62723832],[126.22363307,32.6288979],[126.2228485,32.63056966],[126.22209949,32.63225307],[126.22138628,32.63394758],[126.22070911,32.63565264],[126.2200682,32.63736771],[126.21946376,32.63909224],[126.21889598,32.64082567],[126.21836504,32.64256743],[126.21787113,32.64431698],[126.2174144,32.64607375],[126.21699499,32.64783716],[126.21661306,32.64960666],[126.21626872,32.65138168],[126.21596208,32.65316163],[126.21569325,32.65494596],[126.21546232,32.65673408],[126.21526936,32.65852541],[126.21511444,32.66031939],[126.21499761,32.66211543],[126.21491891,32.66391296],[126.21487836,32.66571138],[126.21487599,32.66751014],[126.21491179,32.66930864],[126.21498576,32.67110631],[126.21509787,32.67290256],[126.2152481,32.67469682],[126.21543638,32.67648851],[126.21566268,32.67827705],[126.21592691,32.68006187],[126.21622899,32.68184238],[126.21656884,32.68361803],[126.21694633,32.68538822],[126.21736135,32.6871524],[126.21781377,32.68890999],[126.21830345,32.69066043],[126.21883022,32.69240315],[126.21939393,32.69413759],[126.21999439,32.69586319],[126.22063141,32.6975794],[126.22130479,32.69928565],[126.22201431,32.70098141],[126.22275975,32.70266612],[126.22354086,32.70433923],[126.2243574,32.70600022],[126.2252091,32.70764854],[126.2260957,32.70928366],[126.2270169,32.71090506],[126.22797242,32.71251221],[126.22896194,32.71410459],[126.22998515,32.71568168],[126.23104172,32.71724299],[126.23213131,32.718788],[126.23325358,32.72031622],[126.23440815,32.72182715],[126.23559466,32.7233203],[126.23681273,32.7247952],[126.23806196,32.72625137],[126.23934196,32.72768833],[126.24065231,32.72910562],[126.24199259,32.73050279],[126.24336237,32.73187939],[126.2447612,32.73323496],[126.24618865,32.73456908],[126.24764424,32.7358813],[126.24912751,32.73717121],[126.25063798,32.73843839],[126.25217516,32.73968244],[126.25373856,32.74090294],[126.25532768,32.7420995],[126.256942,32.74327175],[126.258581,32.74441929],[126.26024415,32.74554176],[126.26193092,32.7466388],[126.26364076,32.74771005],[126.26537312,32.74875516],[126.26712744,32.74977381],[126.26890316,32.75076565],[126.2706997,32.75173036],[126.27251648,32.75266765],[126.27435292,32.7535772],[126.27620842,32.75445871],[126.27808238,32.75531191],[126.2799742,32.75613652],[126.28188327,32.75693228],[126.28380897,32.75769891],[126.28575068,32.75843619],[126.28770777,32.75914386],[126.28967961,32.7598217],[126.29166556,32.7604695],[126.29366498,32.76108703],[126.29567722,32.76167411],[126.29770164,32.76223054],[126.29973758,32.76275614],[126.30178438,32.76325074],[126.30384138,32.76371419],[126.30590792,32.76414632],[126.30798332,32.76454702],[126.31006692,32.76491613],[126.31215804,32.76525355],[126.314256,32.76555916],[126.31636014,32.76583287],[126.31846976,32.76607459],[126.32058419,32.76628423],[126.32270275,32.76646174],[126.32482474,32.76660705],[126.32694948,32.76672012],[126.32907628,32.76680091],[126.33120446,32.7668494],[126.33333333,32.76686556]]]]},"geometry_name":"ag_geom","properties":{"zone_type":"비행제한구역","layer":"lt_c_aisresc","name":"R147","upper":"300 AMSL","lower":"SFC","color":"#f57c00","dist_km":334.17},"bbox":[126.21487599,32.56646617,126.45179068,32.76686556]},{"type":"Feature","id":"lt_c_aisresc.69","geometry":{"type":"MultiPolygon","coordinates":[[[[129.56666667,37.16670858],[129.56890518,37.16666044],[129.57113723,37.16651617],[129.57335638,37.16627619],[129.57555621,37.16594118],[129.57773038,37.16551212],[129.57987261,37.16499024],[129.58197671,37.16437705],[129.58403662,37.16367432],[129.58604638,37.16288407],[129.58800021,37.1620086],[129.58989245,37.16105042],[129.59171766,37.1600123],[129.59347056,37.15889724],[129.5951461,37.15770846],[129.59673944,37.15644938],[129.598246,37.15512365],[129.59966143,37.15373508],[129.60098166,37.15228769],[129.60220286,37.15078565],[129.60332154,37.14923329],[129.60433447,37.14763509],[129.60523873,37.14599567],[129.60603172,37.14431975],[129.60671116,37.14261216],[129.6072751,37.14087784],[129.60772192,37.13912179],[129.60805034,37.13734906],[129.60825942,37.13556478],[129.60834857,37.13377408],[129.60831754,37.13198213],[129.60816642,37.13019409],[129.60789567,37.12841513],[129.60750606,37.12665037],[129.60699873,37.12490489],[129.60637516,37.12318374],[129.60563714,37.12149186],[129.60478681,37.11983413],[129.60382663,37.11821534],[129.60275937,37.11664014],[129.60158812,37.11511308],[129.60031625,37.11363856],[129.59894743,37.11222082],[129.59748562,37.11086395],[129.59593503,37.10957185],[129.59430013,37.10834826],[129.59258563,37.10719669],[129.59079648,37.10612046],[129.58893783,37.10512267],[129.58701504,37.10420619],[129.58503365,37.10337367],[129.58299936,37.1026275],[129.58091804,37.10196983],[129.57879568,37.10140256],[129.57663839,37.10092731],[129.57445239,37.10054546],[129.57224396,37.10025811],[129.57001948,37.10006608],[129.56778535,37.09996992],[129.56554799,37.09996992],[129.56331385,37.10006608],[129.56108937,37.10025811],[129.55888095,37.10054546],[129.55669494,37.10092731],[129.55453765,37.10140256],[129.55241529,37.10196983],[129.55033397,37.1026275],[129.54829968,37.10337367],[129.54631829,37.10420619],[129.5443955,37.10512267],[129.54253685,37.10612046],[129.5407477,37.10719669],[129.5390332,37.10834826],[129.5373983,37.10957185],[129.53584771,37.11086395],[129.5343859,37.11222082],[129.53301708,37.11363856],[129.53174521,37.11511308],[129.53057396,37.11664014],[129.5295067,37.11821534],[129.52854652,37.11983413],[129.52769619,37.12149186],[129.52695817,37.12318374],[129.5263346,37.12490489],[129.52582727,37.12665037],[129.52543766,37.12841513],[129.52516691,37.13019409],[129.52501579,37.13198213],[129.52498476,37.13377408],[129.52507391,37.13556478],[129.52528299,37.13734906],[129.52561141,37.13912179],[129.52605823,37.14087784],[129.52662217,37.14261216],[129.52730162,37.14431975],[129.52809461,37.14599567],[129.52899886,37.14763509],[129.53001179,37.14923329],[129.53113047,37.15078565],[129.53235168,37.15228769],[129.5336719,37.15373508],[129.53508733,37.15512365],[129.53659389,37.15644938],[129.53818724,37.15770846],[129.53986278,37.15889724],[129.54161568,37.1600123],[129.54344088,37.16105042],[129.54533312,37.1620086],[129.54728695,37.16288407],[129.54929671,37.16367432],[129.55135662,37.16437705],[129.55346072,37.16499024],[129.55560295,37.16551212],[129.55777712,37.16594118],[129.55997695,37.16627619],[129.5621961,37.16651617],[129.56442815,37.16666044],[129.56666667,37.16670858]]]]},"geometry_name":"ag_geom","properties":{"zone_type":"비행제한구역","layer":"lt_c_aisresc","name":"R142A","upper":"300 AMSL","lower":"SFC","color":"#f57c00","dist_km":232.33},"bbox":[129.52498476,37.09996992,129.60834857,37.16670858]},{"type":"Feature","id":"lt_c_aisresc.70","geometry":{"type":"MultiPolygon","coordinates":[[[[126.21666667,33.82931801],[126.21882639,33.82929853],[126.2209851,33.82924011],[126.22314179,33.82914276],[126.22529545,33.82900654],[126.22744508,33.82883151],[126.22958968,33.82861775],[126.23172822,33.82836536],[126.23385973,33.82807446],[126.2359832,33.82774518],[126.23809764,33.82737768],[126.24020206,33.82697213],[126.24229548,33.82652872],[126.24437691,33.82604766],[126.24644539,33.82552917],[126.24849995,33.8249735],[126.25053963,33.8243809],[126.25256347,33.82375165],[126.25457054,33.82308605],[126.25655988,33.8223844],[126.25853058,33.82164704],[126.26048171,33.82087431],[126.26241237,33.82006657],[126.26432164,33.81922419],[126.26620863,33.81834758],[126.26807248,33.81743714],[126.2699123,33.81649329],[126.27172723,33.81551649],[126.27351644,33.81450718],[126.27527908,33.81346583],[126.27701433,33.81239294],[126.27872138,33.811289],[126.28039944,33.81015453],[126.28204772,33.80899006],[126.28366545,33.80779613],[126.28525188,33.8065733],[126.28680627,33.80532215],[126.2883279,33.80404326],[126.28981605,33.80273722],[126.29127003,33.80140464],[126.29268916,33.80004615],[126.29407279,33.79866239],[126.29542027,33.79725399],[126.29673096,33.79582162],[126.29800427,33.79436594],[126.29923959,33.79288764],[126.30043636,33.7913874],[126.30159401,33.78986592],[126.30271201,33.78832393],[126.30378984,33.78676212],[126.304827,33.78518124],[126.305823,33.78358203],[126.30677738,33.78196522],[126.3076897,33.78033158],[126.30855953,33.77868187],[126.30938648,33.77701685],[126.31017016,33.7753373],[126.3109102,33.77364401],[126.31160627,33.77193777],[126.31225803,33.77021937],[126.3128652,33.76848962],[126.31342748,33.76674932],[126.31394463,33.76499928],[126.31441639,33.76324032],[126.31484256,33.76147327],[126.31522293,33.75969894],[126.31555734,33.75791816],[126.31584562,33.75613177],[126.31608765,33.75434059],[126.31628333,33.75254547],[126.31643255,33.75074723],[126.31653525,33.74894672],[126.31659139,33.74714478],[126.31660095,33.74534224],[126.31656392,33.74353996],[126.31648032,33.74173876],[126.3163502,33.73993948],[126.31617362,33.73814297],[126.31595066,33.73635007],[126.31568143,33.7345616],[126.31536607,33.73277841],[126.31500471,33.73100132],[126.31459753,33.72923116],[126.31414472,33.72746875],[126.3136465,33.72571492],[126.3131031,33.72397049],[126.31251478,33.72223626],[126.31188181,33.72051305],[126.3112045,33.71880166],[126.31048315,33.71710287],[126.30971811,33.7154175],[126.30890974,33.71374631],[126.30805841,33.71209009],[126.30716453,33.71044962],[126.30622852,33.70882564],[126.3052508,33.70721893],[126.30423184,33.70563022],[126.30317212,33.70406026],[126.30207213,33.70250978],[126.30093239,33.7009795],[126.29975342,33.69947013],[126.29853578,33.69798237],[126.29728004,33.69651693],[126.29598679,33.69507447],[126.29465662,33.69365567],[126.29329016,33.6922612],[126.29188804,33.69089169],[126.29045093,33.68954779],[126.28897948,33.68823013],[126.2874744,33.6869393],[126.28593637,33.68567593],[126.28436611,33.68444059],[126.28276436,33.68323385],[126.28113187,33.68205629],[126.27946939,33.68090844],[126.2777777,33.67979085],[126.27605758,33.67870403],[126.27430984,33.67764848],[126.2725353,33.6766247],[126.27073477,33.67563317],[126.2689091,33.67467434],[126.26705913,33.67374866],[126.26518573,33.67285656],[126.26328977,33.67199846],[126.26137212,33.67117475],[126.2594337,33.67038583],[126.25747538,33.66963205],[126.2554981,33.66891376],[126.25350275,33.6682313],[126.25149029,33.66758499],[126.24946163,33.66697513],[126.24741772,33.666402],[126.24535952,33.66586587],[126.24328798,33.66536698],[126.24120407,33.66490557],[126.23910875,33.66448185],[126.23700299,33.66409603],[126.23488778,33.66374827],[126.2327641,33.66343875],[126.23063294,33.6631676],[126.22849529,33.66293495],[126.22635214,33.66274091],[126.22420448,33.66258557],[126.22205333,33.66246901],[126.21989966,33.66239126],[126.2177445,33.66235238],[126.21558883,33.66235238],[126.21343367,33.66239126],[126.21128001,33.66246901],[126.20912885,33.66258557],[126.20698119,33.66274091],[126.20483804,33.66293495],[126.20270039,33.6631676],[126.20056923,33.66343875],[126.19844555,33.66374827],[126.19633034,33.66409603],[126.19422459,33.66448185],[126.19212926,33.66490557],[126.19004535,33.66536698],[126.18797381,33.66586587],[126.18591561,33.666402],[126.1838717,33.66697513],[126.18184305,33.66758499],[126.17983058,33.6682313],[126.17783524,33.66891376],[126.17585795,33.66963205],[126.17389964,33.67038583],[126.17196121,33.67117475],[126.17004357,33.67199846],[126.1681476,33.67285656],[126.1662742,33.67374866],[126.16442424,33.67467434],[126.16259856,33.67563317],[126.16079803,33.6766247],[126.15902349,33.67764848],[126.15727575,33.67870403],[126.15555563,33.67979085],[126.15386394,33.68090844],[126.15220146,33.68205629],[126.15056897,33.68323385],[126.14896722,33.68444059],[126.14739697,33.68567593],[126.14585894,33.6869393],[126.14435385,33.68823013],[126.1428824,33.68954779],[126.14144529,33.69089169],[126.14004318,33.6922612],[126.13867672,33.69365567],[126.13734655,33.69507447],[126.13605329,33.69651693],[126.13479755,33.69798237],[126.13357991,33.69947013],[126.13240095,33.7009795],[126.1312612,33.70250978],[126.13016121,33.70406026],[126.12910149,33.70563022],[126.12808253,33.70721893],[126.12710482,33.70882564],[126.1261688,33.71044962],[126.12527492,33.71209009],[126.12442359,33.71374631],[126.12361522,33.7154175],[126.12285018,33.71710287],[126.12212884,33.71880166],[126.12145152,33.72051305],[126.12081855,33.72223626],[126.12023023,33.72397049],[126.11968683,33.72571492],[126.11918861,33.72746875],[126.11873581,33.72923116],[126.11832863,33.73100132],[126.11796727,33.73277841],[126.1176519,33.7345616],[126.11738267,33.73635007],[126.11715971,33.73814297],[126.11698313,33.73993948],[126.11685301,33.74173876],[126.11676941,33.74353996],[126.11673238,33.74534224],[126.11674194,33.74714478],[126.11679808,33.74894672],[126.11690079,33.75074723],[126.11705001,33.75254547],[126.11724568,33.75434059],[126.11748771,33.75613177],[126.117776,33.75791816],[126.1181104,33.75969894],[126.11849078,33.76147327],[126.11891694,33.76324032],[126.11938871,33.76499928],[126.11990585,33.76674932],[126.12046813,33.76848962],[126.1210753,33.77021937],[126.12172706,33.77193777],[126.12242313,33.77364401],[126.12316317,33.7753373],[126.12394685,33.77701685],[126.1247738,33.77868187],[126.12564363,33.78033158],[126.12655596,33.78196522],[126.12751034,33.78358203],[126.12850634,33.78518124],[126.12954349,33.78676212],[126.13062132,33.78832393],[126.13173932,33.78986592],[126.13289697,33.7913874],[126.13409374,33.79288764],[126.13532906,33.79436594],[126.13660237,33.79582162],[126.13791307,33.79725399],[126.13926054,33.79866239],[126.14064417,33.80004615],[126.1420633,33.80140464],[126.14351729,33.80273722],[126.14500544,33.80404326],[126.14652706,33.80532215],[126.14808145,33.8065733],[126.14966788,33.80779613],[126.15128561,33.80899006],[126.15293389,33.81015453],[126.15461195,33.811289],[126.156319,33.81239294],[126.15805425,33.81346583],[126.15981689,33.81450718],[126.1616061,33.81551649],[126.16342103,33.81649329],[126.16526085,33.81743714],[126.1671247,33.81834758],[126.1690117,33.81922419],[126.17092097,33.82006657],[126.17285162,33.82087431],[126.17480275,33.82164704],[126.17677345,33.8223844],[126.1787628,33.82308605],[126.18076986,33.82375165],[126.1827937,33.8243809],[126.18483338,33.8249735],[126.18688794,33.82552917],[126.18895642,33.82604766],[126.19103786,33.82652872],[126.19313127,33.82697213],[126.19523569,33.82737768],[126.19735013,33.82774518],[126.1994736,33.82807446],[126.20160511,33.82836536],[126.20374366,33.82861775],[126.20588825,33.82883151],[126.20803788,33.82900654],[126.21019154,33.82914276],[126.21234823,33.82924011],[126.21450695,33.82929853],[126.21666667,33.82931801]]]]},"geometry_name":"ag_geom","properties":{"zone_type":"비행제한구역","layer":"lt_c_aisresc","name":"R149","upper":"300 AMSL","lower":"SFC","color":"#f57c00","dist_km":256.81},"bbox":[126.11673238,33.66235238,126.31660095,33.82931801]},{"type":"Feature","id":"lt_c_aisresc.71","geometry":{"type":"MultiPolygon","coordinates":[[[[126.36666667,33.14166667],[126.48333333,33.14166667],[126.48333333,32.975],[126.36666667,32.975],[126.36666667,33.14166667]]]]},"geometry_name":"ag_geom","properties":{"zone_type":"비행제한구역","layer":"lt_c_aisresc","name":"R150","upper":"300 AMSL","lower":"SFC","color":"#f57c00","dist_km":295.01},"bbox":[126.36666667,32.975,126.48333333,33.14166667]},{"type":"Feature","id":"lt_c_aisresc.72","geometry":{"type":"MultiPolygon","coordinates":[[[[128.08111111,34.58236331],[128.08329012,34.58234383],[128.08546812,34.58228541],[128.08764408,34.58218807],[128.08981698,34.58205187],[128.09198581,34.58187685],[128.09414956,34.58166311],[128.09630721,34.58141074],[128.09845775,34.58111987],[128.10060019,34.58079062],[128.10273351,34.58042316],[128.10485672,34.58001765],[128.10696883,34.57957429],[128.10906886,34.57909327],[128.11115581,34.57857483],[128.11322871,34.57801921],[128.1152866,34.57742667],[128.11732851,34.57679748],[128.11935349,34.57613194],[128.1213606,34.57543037],[128.12334888,34.57469308],[128.12531743,34.57392042],[128.12726531,34.57311276],[128.12919161,34.57227047],[128.13109545,34.57139394],[128.13297592,34.57048359],[128.13483215,34.56953984],[128.13666327,34.56856313],[128.13846843,34.56755392],[128.14024679,34.56651268],[128.14199751,34.56543989],[128.14371978,34.56433606],[128.14541279,34.56320171],[128.14707576,34.56203735],[128.1487079,34.56084355],[128.15030846,34.55962085],[128.1518767,34.55836983],[128.15341187,34.55709106],[128.15491327,34.55578516],[128.15638019,34.55445272],[128.15781196,34.55309438],[128.1592079,34.55171076],[128.16056736,34.55030251],[128.16188971,34.54887029],[128.16317434,34.54741476],[128.16442064,34.54593662],[128.16562804,34.54443654],[128.16679598,34.54291523],[128.1679239,34.5413734],[128.1690113,34.53981177],[128.17005766,34.53823106],[128.17106249,34.53663202],[128.17202533,34.5350154],[128.17294574,34.53338194],[128.17382328,34.53173241],[128.17465755,34.53006757],[128.17544816,34.52838822],[128.17619475,34.52669512],[128.17689697,34.52498907],[128.17755449,34.52327087],[128.17816701,34.52154132],[128.17873424,34.51980122],[128.17925594,34.51805138],[128.17973185,34.51629263],[128.18016175,34.51452578],[128.18054546,34.51275166],[128.18088278,34.5109711],[128.18117358,34.50918492],[128.18141771,34.50739395],[128.18161506,34.50559905],[128.18176555,34.50380103],[128.18186911,34.50200074],[128.18192569,34.50019901],[128.18193527,34.4983967],[128.18189785,34.49659463],[128.18181345,34.49479366],[128.18168211,34.49299461],[128.1815039,34.49119833],[128.1812789,34.48940565],[128.18100721,34.48761741],[128.18068898,34.48583444],[128.18032434,34.48405757],[128.17991348,34.48228764],[128.17945659,34.48052546],[128.17895388,34.47877186],[128.17840559,34.47702765],[128.17781198,34.47529365],[128.17717332,34.47357066],[128.17648993,34.47185949],[128.17576211,34.47016094],[128.17499021,34.46847578],[128.1741746,34.46680482],[128.17331565,34.46514882],[128.17241377,34.46350857],[128.17146938,34.46188481],[128.17048292,34.46027831],[128.16945486,34.45868982],[128.16838567,34.45712008],[128.16727585,34.45556981],[128.16612593,34.45403974],[128.16493645,34.45253058],[128.16370794,34.45104303],[128.162441,34.44957778],[128.16113621,34.44813553],[128.15979418,34.44671693],[128.15841554,34.44532265],[128.15700093,34.44395334],[128.15555101,34.44260963],[128.15406646,34.44129215],[128.15254797,34.44000151],[128.15099625,34.43873831],[128.14941201,34.43750315],[128.14779601,34.43629659],[128.14614899,34.43511919],[128.14447171,34.43397151],[128.14276497,34.43285408],[128.14102956,34.43176741],[128.13926627,34.43071202],[128.13747595,34.42968839],[128.13565941,34.428697],[128.1338175,34.42773831],[128.13195109,34.42681277],[128.13006104,34.4259208],[128.12814823,34.42506283],[128.12621354,34.42423924],[128.12425789,34.42345043],[128.12228218,34.42269676],[128.12028732,34.42197858],[128.11827426,34.42129623],[128.11624391,34.42065001],[128.11419724,34.42004024],[128.11213518,34.4194672],[128.1100587,34.41893114],[128.10796877,34.41843233],[128.10586635,34.41797099],[128.10375242,34.41754734],[128.10162797,34.41716157],[128.09949398,34.41681387],[128.09735145,34.41650439],[128.09520137,34.41623328],[128.09304474,34.41600067],[128.09088256,34.41580666],[128.08871584,34.41565134],[128.08654559,34.41553479],[128.08437281,34.41545706],[128.08219851,34.41541819],[128.08002371,34.41541819],[128.07784941,34.41545706],[128.07567663,34.41553479],[128.07350638,34.41565134],[128.07133966,34.41580666],[128.06917748,34.41600067],[128.06702085,34.41623328],[128.06487077,34.41650439],[128.06272824,34.41681387],[128.06059425,34.41716157],[128.0584698,34.41754734],[128.05635587,34.41797099],[128.05425345,34.41843233],[128.05216352,34.41893114],[128.05008704,34.4194672],[128.04802498,34.42004024],[128.04597831,34.42065001],[128.04394796,34.42129623],[128.0419349,34.42197858],[128.03994004,34.42269676],[128.03796433,34.42345043],[128.03600868,34.42423924],[128.034074,34.42506283],[128.03216118,34.4259208],[128.03027113,34.42681277],[128.02840472,34.42773831],[128.02656281,34.428697],[128.02474628,34.42968839],[128.02295595,34.43071202],[128.02119267,34.43176741],[128.01945725,34.43285408],[128.01775051,34.43397151],[128.01607324,34.43511919],[128.01442621,34.43629659],[128.01281021,34.43750315],[128.01122597,34.43873831],[128.00967425,34.44000151],[128.00815576,34.44129215],[128.00667121,34.44260963],[128.00522129,34.44395334],[128.00380668,34.44532265],[128.00242804,34.44671693],[128.00108601,34.44813553],[127.99978122,34.44957778],[127.99851428,34.45104303],[127.99728578,34.45253058],[127.99609629,34.45403974],[127.99494637,34.45556981],[127.99383655,34.45712008],[127.99276736,34.45868982],[127.9917393,34.46027831],[127.99075284,34.46188481],[127.98980845,34.46350857],[127.98890657,34.46514882],[127.98804762,34.46680482],[127.98723201,34.46847578],[127.98646011,34.47016094],[127.9857323,34.47185949],[127.9850489,34.47357066],[127.98441025,34.47529365],[127.98381663,34.47702765],[127.98326834,34.47877186],[127.98276563,34.48052546],[127.98230874,34.48228764],[127.98189788,34.48405757],[127.98153324,34.48583444],[127.98121501,34.48761741],[127.98094333,34.48940565],[127.98071832,34.49119833],[127.98054011,34.49299461],[127.98040877,34.49479366],[127.98032437,34.49659463],[127.98028695,34.4983967],[127.98029653,34.50019901],[127.98035311,34.50200074],[127.98045667,34.50380103],[127.98060716,34.50559905],[127.98080451,34.50739395],[127.98104864,34.50918492],[127.98133944,34.5109711],[127.98167676,34.51275166],[127.98206047,34.51452578],[127.98249037,34.51629263],[127.98296628,34.51805138],[127.98348798,34.51980122],[127.98405521,34.52154132],[127.98466774,34.52327087],[127.98532526,34.52498907],[127.98602747,34.52669512],[127.98677406,34.52838822],[127.98756467,34.53006757],[127.98839894,34.53173241],[127.98927648,34.53338194],[127.99019689,34.5350154],[127.99115973,34.53663202],[127.99216456,34.53823106],[127.99321092,34.53981177],[127.99429832,34.5413734],[127.99542625,34.54291523],[127.99659418,34.54443654],[127.99780158,34.54593662],[127.99904789,34.54741476],[128.00033251,34.54887029],[128.00165486,34.55030251],[128.00301433,34.55171076],[128.00441026,34.55309438],[128.00584203,34.55445272],[128.00730895,34.55578516],[128.00881035,34.55709106],[128.01034552,34.55836983],[128.01191376,34.55962085],[128.01351432,34.56084355],[128.01514647,34.56203735],[128.01680943,34.56320171],[128.01850245,34.56433606],[128.02022471,34.56543989],[128.02197543,34.56651268],[128.02375379,34.56755392],[128.02555895,34.56856313],[128.02739007,34.56953984],[128.0292463,34.57048359],[128.03112677,34.57139394],[128.03303061,34.57227047],[128.03495691,34.57311276],[128.03690479,34.57392042],[128.03887334,34.57469308],[128.04086163,34.57543037],[128.04286873,34.57613194],[128.04489371,34.57679748],[128.04693562,34.57742667],[128.04899351,34.57801921],[128.05106641,34.57857483],[128.05315337,34.57909327],[128.05525339,34.57957429],[128.0573655,34.58001765],[128.05948871,34.58042316],[128.06162203,34.58079062],[128.06376447,34.58111987],[128.06591501,34.58141074],[128.06807266,34.58166311],[128.07023641,34.58187685],[128.07240524,34.58205187],[128.07457815,34.58218807],[128.0767541,34.58228541],[128.0789321,34.58234383],[128.08111111,34.58236331]]]]},"geometry_name":"ag_geom","properties":{"zone_type":"비행제한구역","layer":"lt_c_aisresc","name":"R145","upper":"300 AMSL","lower":"SFC","color":"#f57c00","dist_km":78.01},"bbox":[127.98028695,34.41541819,128.18193527,34.58236331]},{"type":"Feature","id":"lt_c_aisresc.73","geometry":{"type":"MultiPolygon","coordinates":[[[[128.43333333,34.71677797],[128.4355139,34.71675367],[128.43769287,34.71668079],[128.43986867,34.71655939],[128.44203971,34.71638956],[128.44420439,34.7161714],[128.44636116,34.7159051],[128.44850843,34.71559083],[128.45064463,34.71522884],[128.45276823,34.71481938],[128.45487765,34.71436274],[128.45697137,34.71385928],[128.45904787,34.71330934],[128.46110562,34.71271334],[128.46314314,34.7120717],[128.46515893,34.7113849],[128.46715153,34.71065343],[128.46911948,34.70987783],[128.47106135,34.70905866],[128.47297573,34.70819652],[128.47486123,34.70729204],[128.47671646,34.70634587],[128.47854009,34.70535871],[128.48033078,34.70433128],[128.48208723,34.70326432],[128.48380815,34.70215861],[128.48549231,34.70101496],[128.48713847,34.6998342],[128.48874544,34.69861719],[128.49031204,34.69736482],[128.49183714,34.69607799],[128.49331962,34.69475766],[128.49475842,34.69340476],[128.49615249,34.69202031],[128.4975008,34.69060529],[128.49880239,34.68916074],[128.50005631,34.68768772],[128.50126164,34.6861873],[128.50241751,34.68466056],[128.50352309,34.68310862],[128.50457757,34.68153262],[128.50558018,34.67993369],[128.50653021,34.678313],[128.50742695,34.67667173],[128.50826977,34.67501108],[128.50905804,34.67333225],[128.50979121,34.67163647],[128.51046874,34.66992497],[128.51109014,34.66819899],[128.51165496,34.6664598],[128.5121628,34.66470865],[128.51261329,34.66294683],[128.5130061,34.6611756],[128.51334095,34.65939627],[128.51361761,34.65761012],[128.51383588,34.65581846],[128.51399559,34.65402258],[128.51409664,34.6522238],[128.51413896,34.65042342],[128.51412253,34.64862275],[128.51404735,34.6468231],[128.51391348,34.64502578],[128.51372104,34.64323209],[128.51347015,34.64144335],[128.51316101,34.63966084],[128.51279385,34.63788587],[128.51236893,34.63611973],[128.51188657,34.6343637],[128.51134713,34.63261905],[128.51075099,34.63088705],[128.51009859,34.62916897],[128.50939042,34.62746605],[128.50862699,34.62577952],[128.50780886,34.62411062],[128.50693662,34.62246056],[128.50601092,34.62083052],[128.50503242,34.61922171],[128.50400185,34.61763528],[128.50291995,34.6160724],[128.50178751,34.61453418],[128.50060536,34.61302176],[128.49937436,34.61153623],[128.4980954,34.61007867],[128.49676942,34.60865013],[128.49539738,34.60725166],[128.49398029,34.60588427],[128.49251916,34.60454895],[128.49101506,34.60324667],[128.48946909,34.60197838],[128.48788238,34.600745],[128.48625607,34.59954742],[128.48459134,34.59838651],[128.48288942,34.59726312],[128.48115153,34.59617805],[128.47937893,34.59513211],[128.47757292,34.59412604],[128.4757348,34.59316058],[128.47386592,34.59223643],[128.47196762,34.59135426],[128.47004129,34.5905147],[128.46808832,34.58971837],[128.46611014,34.58896585],[128.46410818,34.58825768],[128.46208389,34.58759438],[128.46003874,34.58697642],[128.45797421,34.58640425],[128.45589181,34.5858783],[128.45379304,34.58539894],[128.45167943,34.58496652],[128.44955251,34.58458135],[128.44741382,34.58424371],[128.44526492,34.58395385],[128.44310737,34.58371198],[128.44094272,34.58351828],[128.43877256,34.58337287],[128.43659845,34.58327588],[128.43442197,34.58322736],[128.4322447,34.58322736],[128.43006822,34.58327588],[128.42789411,34.58337287],[128.42572394,34.58351828],[128.4235593,34.58371198],[128.42140174,34.58395385],[128.41925284,34.58424371],[128.41711416,34.58458135],[128.41498724,34.58496652],[128.41287363,34.58539894],[128.41077486,34.5858783],[128.40869246,34.58640425],[128.40662793,34.58697642],[128.40458278,34.58759438],[128.40255849,34.58825768],[128.40055652,34.58896585],[128.39857834,34.58971837],[128.39662538,34.5905147],[128.39469905,34.59135426],[128.39280075,34.59223643],[128.39093186,34.59316058],[128.38909375,34.59412604],[128.38728774,34.59513211],[128.38551514,34.59617805],[128.38377725,34.59726312],[128.38207532,34.59838651],[128.3804106,34.59954742],[128.37878429,34.600745],[128.37719757,34.60197838],[128.3756516,34.60324667],[128.37414751,34.60454895],[128.37268638,34.60588427],[128.37126928,34.60725166],[128.36989724,34.60865013],[128.36857126,34.61007867],[128.3672923,34.61153623],[128.3660613,34.61302176],[128.36487915,34.61453418],[128.36374671,34.6160724],[128.36266481,34.61763528],[128.36163424,34.61922171],[128.36065575,34.62083052],[128.35973004,34.62246056],[128.35885781,34.62411062],[128.35803967,34.62577952],[128.35727624,34.62746605],[128.35656807,34.62916897],[128.35591568,34.63088705],[128.35531954,34.63261905],[128.35478009,34.6343637],[128.35429773,34.63611973],[128.35387282,34.63788587],[128.35350565,34.63966084],[128.35319651,34.64144335],[128.35294563,34.64323209],[128.35275318,34.64502578],[128.35261932,34.6468231],[128.35254414,34.64862275],[128.3525277,34.65042342],[128.35257002,34.6522238],[128.35267108,34.65402258],[128.35283079,34.65581846],[128.35304905,34.65761012],[128.35332571,34.65939627],[128.35366057,34.6611756],[128.35405338,34.66294683],[128.35450386,34.66470865],[128.3550117,34.6664598],[128.35557652,34.66819899],[128.35619792,34.66992497],[128.35687545,34.67163647],[128.35760862,34.67333225],[128.3583969,34.67501108],[128.35923971,34.67667173],[128.36013646,34.678313],[128.36108648,34.67993369],[128.3620891,34.68153262],[128.36314358,34.68310862],[128.36424915,34.68466056],[128.36540503,34.6861873],[128.36661036,34.68768772],[128.36786427,34.68916074],[128.36916586,34.69060529],[128.37051418,34.69202031],[128.37190824,34.69340476],[128.37334704,34.69475766],[128.37482953,34.69607799],[128.37635463,34.69736482],[128.37792123,34.69861719],[128.37952819,34.6998342],[128.38117435,34.70101496],[128.38285851,34.70215861],[128.38457944,34.70326432],[128.38633589,34.70433128],[128.38812658,34.70535871],[128.3899502,34.70634587],[128.39180544,34.70729204],[128.39369093,34.70819652],[128.39560531,34.70905866],[128.39754719,34.70987783],[128.39951514,34.71065343],[128.40150774,34.7113849],[128.40352353,34.7120717],[128.40556104,34.71271334],[128.4076188,34.71330934],[128.40969529,34.71385928],[128.41178901,34.71436274],[128.41389844,34.71481938],[128.41602203,34.71522884],[128.41815824,34.71559083],[128.42030551,34.7159051],[128.42246227,34.7161714],[128.42462696,34.71638956],[128.42679799,34.71655939],[128.42897379,34.71668079],[128.43115277,34.71675367],[128.43333333,34.71677797]]]]},"geometry_name":"ag_geom","properties":{"zone_type":"비행제한구역","layer":"lt_c_aisresc","name":"R144","upper":"300 AMSL","lower":"SFC","color":"#f57c00","dist_km":52.7},"bbox":[128.3525277,34.58322736,128.51413896,34.71677797]},{"type":"Feature","id":"lt_c_aisresc.74","geometry":{"type":"MultiPolygon","coordinates":[[[[129.28333333,35.11944444],[129.34444444,35.07361111],[129.23611111,34.97222222],[129.17361111,35.01944444],[129.28333333,35.11944444]]]]},"geometry_name":"ag_geom","properties":{"zone_type":"비행제한구역","layer":"lt_c_aisresc","name":"R143","upper":"300 AMSL","lower":"SFC","color":"#f57c00","dist_km":59.2},"bbox":[129.17361111,34.97222222,129.34444444,35.11944444]},{"type":"Feature","id":"lt_c_aisresc.76","geometry":{"type":"MultiPolygon","coordinates":[[[[125.91472222,34.48650272],[125.91689678,34.48647842],[125.91906975,34.48640554],[125.92123955,34.48628413],[125.9234046,34.48611429],[125.92556332,34.48589613],[125.92771414,34.48562982],[125.92985549,34.48531554],[125.93198581,34.48495354],[125.93410355,34.48454406],[125.93620716,34.48408741],[125.93829512,34.48358393],[125.94036589,34.48303398],[125.94241798,34.48243796],[125.94444988,34.4817963],[125.94646011,34.48110947],[125.94844722,34.48037798],[125.95040975,34.47960236],[125.95234628,34.47878316],[125.95425539,34.47792099],[125.95613569,34.47701648],[125.95798582,34.47607029],[125.95980443,34.4750831],[125.96159019,34.47405563],[125.9633418,34.47298864],[125.96505799,34.4718829],[125.96673752,34.47073921],[125.96837915,34.46955841],[125.96998169,34.46834136],[125.97154399,34.46708895],[125.9730649,34.46580208],[125.97454331,34.4644817],[125.97597815,34.46312876],[125.97736839,34.46174425],[125.978713,34.46032919],[125.98001101,34.4588846],[125.98126148,34.45741153],[125.98246351,34.45591105],[125.98361621,34.45438426],[125.98471876,34.45283227],[125.98577034,34.45125621],[125.98677021,34.44965722],[125.98771763,34.44803648],[125.98861192,34.44639516],[125.98945243,34.44473445],[125.99023855,34.44305556],[125.99096971,34.44135972],[125.99164539,34.43964815],[125.9922651,34.43792212],[125.99282838,34.43618286],[125.99333483,34.43443165],[125.99378409,34.43266976],[125.99417584,34.43089847],[125.99450979,34.42911907],[125.9947857,34.42733285],[125.99500338,34.42554112],[125.99516267,34.42374518],[125.99526346,34.42194633],[125.99530568,34.42014588],[125.9952893,34.41834515],[125.99521434,34.41654543],[125.99508086,34.41474804],[125.99488896,34.41295429],[125.99463878,34.41116547],[125.9943305,34.4093829],[125.99396436,34.40760786],[125.99354063,34.40584165],[125.99305961,34.40408555],[125.99252166,34.40234083],[125.99192717,34.40060876],[125.99127658,34.39889061],[125.99057037,34.39718762],[125.98980905,34.39550103],[125.98899318,34.39383206],[125.98812335,34.39218193],[125.9872002,34.39055183],[125.9862244,34.38894295],[125.98519667,34.38735646],[125.98411775,34.38579351],[125.98298844,34.38425523],[125.98180954,34.38274275],[125.98058193,34.38125715],[125.9793065,34.37979953],[125.97798417,34.37837093],[125.9766159,34.3769724],[125.9752027,34.37560495],[125.97374559,34.37426958],[125.97224563,34.37296724],[125.97070391,34.3716989],[125.96912156,34.37046546],[125.96749972,34.36926783],[125.96583957,34.36810687],[125.96414232,34.36698343],[125.9624092,34.36589832],[125.96064148,34.36485233],[125.95884042,34.36384622],[125.95700736,34.36288072],[125.9551436,34.36195653],[125.95325052,34.36107432],[125.95132947,34.36023472],[125.94938187,34.35943836],[125.94740912,34.35868581],[125.94541265,34.35797761],[125.94339391,34.35731427],[125.94135437,34.35669629],[125.93929551,34.3561241],[125.93721882,34.35559812],[125.93512581,34.35511874],[125.933018,34.3546863],[125.93089691,34.35430111],[125.92876409,34.35396346],[125.92662109,34.35367359],[125.92446945,34.35343171],[125.92231074,34.35323799],[125.92014653,34.35309258],[125.91797838,34.35299558],[125.91580787,34.35294706],[125.91363657,34.35294706],[125.91146606,34.35299558],[125.90929791,34.35309258],[125.9071337,34.35323799],[125.90497499,34.35343171],[125.90282336,34.35367359],[125.90068035,34.35396346],[125.89854753,34.35430111],[125.89642645,34.3546863],[125.89431863,34.35511874],[125.89222562,34.35559812],[125.89014893,34.3561241],[125.88809007,34.35669629],[125.88605053,34.35731427],[125.8840318,34.35797761],[125.88203533,34.35868581],[125.88006257,34.35943836],[125.87811497,34.36023472],[125.87619393,34.36107432],[125.87430084,34.36195653],[125.87243709,34.36288072],[125.87060402,34.36384622],[125.86880297,34.36485233],[125.86703524,34.36589832],[125.86530212,34.36698343],[125.86360487,34.36810687],[125.86194472,34.36926783],[125.86032288,34.37046546],[125.85874053,34.3716989],[125.85719881,34.37296724],[125.85569885,34.37426958],[125.85424174,34.37560495],[125.85282854,34.3769724],[125.85146028,34.37837093],[125.85013795,34.37979953],[125.84886251,34.38125715],[125.8476349,34.38274275],[125.84645601,34.38425523],[125.84532669,34.38579351],[125.84424777,34.38735646],[125.84322004,34.38894295],[125.84224424,34.39055183],[125.84132109,34.39218193],[125.84045127,34.39383206],[125.83963539,34.39550103],[125.83887407,34.39718762],[125.83816786,34.39889061],[125.83751727,34.40060876],[125.83692279,34.40234083],[125.83638484,34.40408555],[125.83590382,34.40584165],[125.83548008,34.40760786],[125.83511394,34.4093829],[125.83480567,34.41116547],[125.83455549,34.41295429],[125.83436358,34.41474804],[125.8342301,34.41654543],[125.83415514,34.41834515],[125.83413877,34.42014588],[125.83418099,34.42194633],[125.83428178,34.42374518],[125.83444107,34.42554112],[125.83465875,34.42733285],[125.83493466,34.42911907],[125.83526861,34.43089847],[125.83566035,34.43266976],[125.83610961,34.43443165],[125.83661607,34.43618286],[125.83717935,34.43792212],[125.83779905,34.43964815],[125.83847473,34.44135972],[125.8392059,34.44305556],[125.83999202,34.44473445],[125.84083253,34.44639516],[125.84172681,34.44803648],[125.84267423,34.44965722],[125.8436741,34.45125621],[125.84472569,34.45283227],[125.84582823,34.45438426],[125.84698094,34.45591105],[125.84818296,34.45741153],[125.84943343,34.4588846],[125.85073145,34.46032919],[125.85207606,34.46174425],[125.85346629,34.46312876],[125.85490114,34.4644817],[125.85637955,34.46580208],[125.85790046,34.46708895],[125.85946275,34.46834136],[125.86106529,34.46955841],[125.86270693,34.47073921],[125.86438645,34.4718829],[125.86610264,34.47298864],[125.86785426,34.47405563],[125.86964002,34.4750831],[125.87145862,34.47607029],[125.87330875,34.47701648],[125.87518905,34.47792099],[125.87709816,34.47878316],[125.87903469,34.47960236],[125.88099722,34.48037798],[125.88298433,34.48110947],[125.88499457,34.4817963],[125.88702647,34.48243796],[125.88907855,34.48303398],[125.89114933,34.48358393],[125.89323728,34.48408741],[125.89534089,34.48454406],[125.89745863,34.48495354],[125.89958895,34.48531554],[125.9017303,34.48562982],[125.90388112,34.48589613],[125.90603985,34.48611429],[125.9082049,34.48628413],[125.9103747,34.48640554],[125.91254767,34.48647842],[125.91472222,34.48650272]]]]},"geometry_name":"ag_geom","properties":{"zone_type":"비행제한구역","layer":"lt_c_aisresc","name":"R148B","upper":"300 AMSL","lower":"SFC","color":"#f57c00","dist_km":247.29},"bbox":[125.83413877,34.35294706,125.99530568,34.48650272]},{"type":"Feature","id":"lt_c_aisresc.75","geometry":{"type":"MultiPolygon","coordinates":[[[[126.86472222,34.1532025],[126.86689015,34.15318302],[126.86905707,34.1531246],[126.87122196,34.15302726],[126.87338381,34.15289104],[126.87554161,34.15271602],[126.87769435,34.15250227],[126.87984103,34.15224989],[126.88198064,34.151959],[126.88411218,34.15162973],[126.88623465,34.15126225],[126.88834707,34.15085672],[126.89044844,34.15041333],[126.89253779,34.14993229],[126.89461413,34.14941382],[126.89667649,34.14885817],[126.89872392,34.14826559],[126.90075545,34.14763637],[126.90277014,34.1469708],[126.90476704,34.14626918],[126.90674523,34.14553185],[126.90870377,34.14475915],[126.91064175,34.14395144],[126.91255827,34.1431091],[126.91445244,34.14223253],[126.91632335,34.14132212],[126.91817016,34.14037832],[126.91999198,34.13940155],[126.92178798,34.13839229],[126.9235573,34.13735098],[126.92529914,34.13627814],[126.92701266,34.13517424],[126.92869709,34.13403982],[126.93035161,34.1328754],[126.93197548,34.13168153],[126.93356793,34.13045876],[126.93512821,34.12920766],[126.9366556,34.12792882],[126.93814939,34.12662284],[126.93960887,34.12529033],[126.94103338,34.1239319],[126.94242225,34.1225482],[126.94377483,34.12113986],[126.94509048,34.11970755],[126.9463686,34.11825194],[126.9476086,34.11677371],[126.94880989,34.11527354],[126.94997192,34.11375213],[126.95109415,34.11221021],[126.95217605,34.11064848],[126.95321712,34.10906767],[126.95421688,34.10746853],[126.95517486,34.10585181],[126.95609062,34.10421824],[126.95696373,34.1025686],[126.9577938,34.10090366],[126.95858043,34.0992242],[126.95932325,34.09753099],[126.96002194,34.09582483],[126.96067615,34.09410652],[126.9612856,34.09237685],[126.96184999,34.09063664],[126.96236907,34.08888669],[126.9628426,34.08712782],[126.96327035,34.08536085],[126.96365214,34.08358661],[126.96398779,34.08180593],[126.96427715,34.08001963],[126.96452007,34.07822854],[126.96471646,34.07643351],[126.96486622,34.07463537],[126.96496929,34.07283495],[126.96502562,34.0710331],[126.96503518,34.06923066],[126.96499799,34.06742847],[126.96491405,34.06562737],[126.96478341,34.06382819],[126.96460613,34.06203178],[126.9643823,34.06023897],[126.96411203,34.0584506],[126.96379544,34.0566675],[126.96343269,34.05489051],[126.96302394,34.05312044],[126.9625694,34.05135814],[126.96206927,34.04960441],[126.96152379,34.04786007],[126.96093321,34.04612594],[126.96029783,34.04440282],[126.95961792,34.04269152],[126.95889382,34.04099284],[126.95812587,34.03930756],[126.95731441,34.03763647],[126.95645984,34.03598034],[126.95556256,34.03433996],[126.95462298,34.03271608],[126.95364154,34.03110946],[126.95261871,34.02952084],[126.95155496,34.02795098],[126.95045079,34.02640059],[126.94930671,34.0248704],[126.94812327,34.02336112],[126.94690101,34.02187345],[126.9456405,34.02040809],[126.94434234,34.01896572],[126.94300712,34.01754701],[126.94163548,34.01615262],[126.94022805,34.01478319],[126.93878548,34.01343937],[126.93730846,34.01212179],[126.93579767,34.01083104],[126.93425381,34.00956775],[126.93267761,34.00833248],[126.9310698,34.00712582],[126.92943112,34.00594833],[126.92776234,34.00480055],[126.92606425,34.00368303],[126.92433762,34.00259627],[126.92258327,34.00154079],[126.92080201,34.00051708],[126.91899467,33.99952561],[126.91716209,33.99856684],[126.91530512,33.99764122],[126.91342463,33.99674917],[126.9115215,33.99589113],[126.90959661,33.99506747],[126.90765085,33.9942786],[126.90568513,33.99352486],[126.90370037,33.99280662],[126.90169749,33.99212421],[126.89967741,33.99147794],[126.89764109,33.99086812],[126.89558946,33.99029502],[126.89352348,33.98975892],[126.89144411,33.98926007],[126.88935232,33.98879869],[126.88724908,33.988375],[126.88513537,33.9879892],[126.88301217,33.98764147],[126.88088047,33.98733196],[126.87874126,33.98706083],[126.87659553,33.9868282],[126.87444428,33.98663417],[126.87228851,33.98647884],[126.87012923,33.98636228],[126.86796743,33.98628454],[126.86580413,33.98624567],[126.86364032,33.98624567],[126.86147701,33.98628454],[126.85931521,33.98636228],[126.85715593,33.98647884],[126.85500016,33.98663417],[126.85284892,33.9868282],[126.85070319,33.98706083],[126.84856397,33.98733196],[126.84643227,33.98764147],[126.84430907,33.9879892],[126.84219536,33.988375],[126.84009212,33.98879869],[126.83800033,33.98926007],[126.83592097,33.98975892],[126.83385499,33.99029502],[126.83180336,33.99086812],[126.82976703,33.99147794],[126.82774696,33.99212421],[126.82574407,33.99280662],[126.82375931,33.99352486],[126.82179359,33.9942786],[126.81984784,33.99506747],[126.81792294,33.99589113],[126.81601981,33.99674917],[126.81413932,33.99764122],[126.81228236,33.99856684],[126.81044978,33.99952561],[126.80864244,34.00051708],[126.80686117,34.00154079],[126.80510682,34.00259627],[126.8033802,34.00368303],[126.8016821,34.00480055],[126.80001332,34.00594833],[126.79837465,34.00712582],[126.79676683,34.00833248],[126.79519063,34.00956775],[126.79364677,34.01083104],[126.79213598,34.01212179],[126.79065896,34.01343937],[126.7892164,34.01478319],[126.78780896,34.01615262],[126.78643732,34.01754701],[126.78510211,34.01896572],[126.78380394,34.02040809],[126.78254343,34.02187345],[126.78132117,34.02336112],[126.78013773,34.0248704],[126.77899365,34.02640059],[126.77788948,34.02795098],[126.77682573,34.02952084],[126.7758029,34.03110946],[126.77482147,34.03271608],[126.77388188,34.03433996],[126.7729846,34.03598034],[126.77213003,34.03763647],[126.77131858,34.03930756],[126.77055062,34.04099284],[126.76982652,34.04269152],[126.76914662,34.04440282],[126.76851123,34.04612594],[126.76792066,34.04786007],[126.76737518,34.04960441],[126.76687505,34.05135814],[126.7664205,34.05312044],[126.76601175,34.05489051],[126.765649,34.0566675],[126.76533241,34.0584506],[126.76506214,34.06023897],[126.76483831,34.06203178],[126.76466103,34.06382819],[126.76453039,34.06562737],[126.76444646,34.06742847],[126.76440926,34.06923066],[126.76441883,34.0710331],[126.76447516,34.07283495],[126.76457822,34.07463537],[126.76472798,34.07643351],[126.76492437,34.07822854],[126.7651673,34.08001963],[126.76545665,34.08180593],[126.7657923,34.08358661],[126.76617409,34.08536085],[126.76660185,34.08712782],[126.76707538,34.08888669],[126.76759446,34.09063664],[126.76815885,34.09237685],[126.76876829,34.09410652],[126.76942251,34.09582483],[126.77012119,34.09753099],[126.77086402,34.0992242],[126.77165064,34.10090366],[126.77248071,34.1025686],[126.77335382,34.10421824],[126.77426959,34.10585181],[126.77522757,34.10746853],[126.77622733,34.10906767],[126.7772684,34.11064848],[126.7783503,34.11221021],[126.77947252,34.11375213],[126.78063455,34.11527354],[126.78183584,34.11677371],[126.78307584,34.11825194],[126.78435396,34.11970755],[126.78566962,34.12113986],[126.78702219,34.1225482],[126.78841106,34.1239319],[126.78983557,34.12529033],[126.79129506,34.12662284],[126.79278885,34.12792882],[126.79431624,34.12920766],[126.79587652,34.13045876],[126.79746896,34.13168153],[126.79909283,34.1328754],[126.80074736,34.13403982],[126.80243178,34.13517424],[126.80414531,34.13627814],[126.80588714,34.13735098],[126.80765647,34.13839229],[126.80945246,34.13940155],[126.81127429,34.14037832],[126.81312109,34.14132212],[126.81499201,34.14223253],[126.81688617,34.1431091],[126.81880269,34.14395144],[126.82074067,34.14475915],[126.82269921,34.14553185],[126.8246774,34.14626918],[126.8266743,34.1469708],[126.82868899,34.14763637],[126.83072052,34.14826559],[126.83276795,34.14885817],[126.83483032,34.14941382],[126.83690666,34.14993229],[126.838996,34.15041333],[126.84109737,34.15085672],[126.84320979,34.15126225],[126.84533226,34.15162973],[126.8474638,34.151959],[126.84960341,34.15224989],[126.85175009,34.15250227],[126.85390283,34.15271602],[126.85606063,34.15289104],[126.85822248,34.15302726],[126.86038737,34.1531246],[126.86255429,34.15318302],[126.86472222,34.1532025]]]]},"geometry_name":"ag_geom","properties":{"zone_type":"비행제한구역","layer":"lt_c_aisresc","name":"R146","upper":"300 AMSL","lower":"SFC","color":"#f57c00","dist_km":188.1},"bbox":[126.76440926,33.98624567,126.96503518,34.1532025]},{"type":"Feature","id":"lt_c_aisresc.77","geometry":{"type":"MultiPolygon","coordinates":[[[[126.22333333,34.80118001],[126.2255101,34.80114135],[126.22768284,34.80102543],[126.2298475,34.80083248],[126.23200009,34.80056286],[126.2341366,34.80021705],[126.23625308,34.7997957],[126.2383456,34.7992996],[126.24041028,34.79872967],[126.24244329,34.79808695],[126.24444087,34.79737265],[126.2463993,34.79658808],[126.24831497,34.7957347],[126.25018431,34.7948141],[126.25200387,34.79382798],[126.25377027,34.79277817],[126.25548025,34.79166662],[126.25713062,34.79049538],[126.25871834,34.78926663],[126.26024046,34.78798265],[126.26169417,34.78664581],[126.26307677,34.78525859],[126.26438571,34.78382357],[126.26561856,34.78234341],[126.26677305,34.78082084],[126.26784703,34.7792587],[126.26883852,34.77765986],[126.2697457,34.77602731],[126.27056688,34.77436406],[126.27130054,34.77267319],[126.27194534,34.77095783],[126.27250008,34.76922117],[126.27296374,34.76746643],[126.27333548,34.76569684],[126.2736146,34.7639157],[126.27380059,34.76212629],[126.27389313,34.76033194],[126.27389203,34.75853596],[126.27379732,34.75674168],[126.27360916,34.75495243],[126.27332793,34.75317151],[126.27295413,34.75140222],[126.27248848,34.74964785],[126.27193183,34.74791163],[126.27128523,34.74619678],[126.27054987,34.74450648],[126.26972713,34.74284385],[126.26881853,34.74121197],[126.26782576,34.73961386],[126.26675065,34.73805248],[126.26559521,34.73653072],[126.26436158,34.73505138],[126.26305203,34.73361722],[126.26166901,34.73223088],[126.26021507,34.73089493],[126.2586929,34.72961184],[126.25710532,34.72838398],[126.25545527,34.72721362],[126.25374582,34.72610293],[126.25198011,34.72505397],[126.25016142,34.72406866],[126.24829312,34.72314885],[126.24637865,34.72229622],[126.24442157,34.72151235],[126.24242549,34.7207987],[126.24039411,34.72015658],[126.23833118,34.71958717],[126.23624052,34.71909155],[126.23412599,34.71867061],[126.2319915,34.71832514],[126.22984101,34.71805577],[126.22767848,34.71786301],[126.22550792,34.71774721],[126.22333333,34.71770859],[126.22115875,34.71774721],[126.21898819,34.71786301],[126.21682566,34.71805577],[126.21467517,34.71832514],[126.21254068,34.71867061],[126.21042615,34.71909155],[126.20833549,34.71958717],[126.20627256,34.72015658],[126.20424117,34.7207987],[126.20224509,34.72151235],[126.20028801,34.72229622],[126.19837355,34.72314885],[126.19650525,34.72406866],[126.19468656,34.72505397],[126.19292085,34.72610293],[126.19121139,34.72721362],[126.18956135,34.72838398],[126.18797377,34.72961184],[126.1864516,34.73089493],[126.18499766,34.73223088],[126.18361463,34.73361722],[126.18230509,34.73505138],[126.18107145,34.73653072],[126.17991601,34.73805248],[126.17884091,34.73961386],[126.17784813,34.74121197],[126.17693953,34.74284385],[126.17611679,34.74450648],[126.17538144,34.74619678],[126.17473483,34.74791163],[126.17417819,34.74964785],[126.17371253,34.75140222],[126.17333874,34.75317151],[126.1730575,34.75495243],[126.17286935,34.75674168],[126.17277463,34.75853596],[126.17277354,34.76033194],[126.17286607,34.76212629],[126.17305207,34.7639157],[126.17333119,34.76569684],[126.17370292,34.76746643],[126.17416659,34.76922117],[126.17472133,34.77095783],[126.17536613,34.77267319],[126.17609979,34.77436406],[126.17692097,34.77602731],[126.17782814,34.77765986],[126.17881963,34.7792587],[126.17989362,34.78082084],[126.1810481,34.78234341],[126.18228095,34.78382357],[126.18358989,34.78525859],[126.1849725,34.78664581],[126.18642621,34.78798265],[126.18794833,34.78926663],[126.18953605,34.79049538],[126.19118642,34.79166662],[126.19289639,34.79277817],[126.19466279,34.79382798],[126.19648235,34.7948141],[126.1983517,34.7957347],[126.20026736,34.79658808],[126.2022258,34.79737265],[126.20422337,34.79808695],[126.20625638,34.79872967],[126.20832106,34.7992996],[126.21041358,34.7997957],[126.21253006,34.80021705],[126.21466658,34.80056286],[126.21681916,34.80083248],[126.21898383,34.80102543],[126.22115656,34.80114135],[126.22333333,34.80118001]]]]},"geometry_name":"ag_geom","properties":{"zone_type":"비행제한구역","layer":"lt_c_aisresc","name":"R148A","upper":"300 AMSL","lower":"SFC","color":"#f57c00","dist_km":212.57},"bbox":[126.17277354,34.71770859,126.27389313,34.80118001]},{"type":"Feature","id":"lt_c_aisresc.78","geometry":{"type":"MultiPolygon","coordinates":[[[[129.83333333,36.41678234],[129.83556246,36.41676287],[129.83779055,36.41670446],[129.84001655,36.41660715],[129.84223942,36.41647097],[129.84445813,36.416296],[129.84667164,36.41608231],[129.84887891,36.41583],[129.85107891,36.4155392],[129.85327061,36.41521003],[129.85545299,36.41484265],[129.85762502,36.41443724],[129.85978569,36.41399398],[129.86193399,36.41351308],[129.86406892,36.41299476],[129.86618948,36.41243927],[129.86829467,36.41184687],[129.87038352,36.41121784],[129.87245504,36.41055246],[129.87450827,36.40985105],[129.87654225,36.40911394],[129.87855602,36.40834146],[129.88054865,36.407534],[129.88251921,36.40669191],[129.88446678,36.4058156],[129.88639044,36.40490547],[129.8882893,36.40396195],[129.89016247,36.40298548],[129.89200907,36.40197652],[129.89382825,36.40093553],[129.89561916,36.39986301],[129.89738095,36.39875946],[129.89911281,36.39762539],[129.90081393,36.39646133],[129.90248352,36.39526783],[129.90412079,36.39404544],[129.90572499,36.39279473],[129.90729536,36.3915163],[129.90883117,36.39021073],[129.91033171,36.38887863],[129.91179628,36.38752064],[129.9132242,36.38613738],[129.91461479,36.38472949],[129.91596742,36.38329765],[129.91728145,36.38184251],[129.91855628,36.38036475],[129.9197913,36.37886508],[129.92098595,36.37734417],[129.92213966,36.37580276],[129.92325191,36.37424154],[129.92432218,36.37266127],[129.92534996,36.37106266],[129.92633478,36.36944648],[129.92727619,36.36781347],[129.92817375,36.36616439],[129.92902704,36.36450002],[129.92983566,36.36282113],[129.93059924,36.36112851],[129.93131744,36.35942294],[129.9319899,36.35770523],[129.93261634,36.35597617],[129.93319645,36.35423657],[129.93372996,36.35248724],[129.93421665,36.35072899],[129.93465626,36.34896266],[129.93504862,36.34718906],[129.93539353,36.34540901],[129.93569084,36.34362336],[129.93594042,36.34183293],[129.93614214,36.34003855],[129.93629593,36.33824107],[129.93640171,36.33644132],[129.93645943,36.33464015],[129.93646908,36.33283838],[129.93643064,36.33103687],[129.93634415,36.32923644],[129.93620965,36.32743795],[129.93602719,36.32564222],[129.93579688,36.3238501],[129.93551882,36.32206242],[129.93519314,36.32028001],[129.93482,36.31850371],[129.93439957,36.31673434],[129.93393206,36.31497272],[129.93341768,36.31321968],[129.93285669,36.31147603],[129.93224933,36.30974259],[129.93159591,36.30802017],[129.93089672,36.30630955],[129.93015209,36.30461155],[129.92936238,36.30292695],[129.92852796,36.30125654],[129.92764921,36.2996011],[129.92672655,36.29796138],[129.92576041,36.29633817],[129.92475125,36.29473221],[129.92369953,36.29314426],[129.92260574,36.29157504],[129.92147041,36.2900253],[129.92029406,36.28849575],[129.91907723,36.28698711],[129.91782051,36.28550007],[129.91652447,36.28403533],[129.91518972,36.28259358],[129.91381688,36.28117547],[129.9124066,36.27978167],[129.91095954,36.27841284],[129.90947636,36.2770696],[129.90795776,36.27575258],[129.90640445,36.2744624],[129.90481715,36.27319965],[129.90319661,36.27196493],[129.90154357,36.27075879],[129.8998588,36.26958182],[129.89814311,36.26843455],[129.89639727,36.26731752],[129.89462211,36.26623124],[129.89281845,36.26517623],[129.89098713,36.26415297],[129.889129,36.26316194],[129.88724493,36.2622036],[129.8853358,36.26127839],[129.8834025,36.26038675],[129.88144591,36.25952909],[129.87946696,36.25870581],[129.87746657,36.25791729],[129.87544566,36.25716389],[129.87340518,36.25644598],[129.87134607,36.25576387],[129.86926929,36.2551179],[129.86717581,36.25450835],[129.8650666,36.25393552],[129.86294264,36.25339966],[129.86080492,36.25290104],[129.85865443,36.25243987],[129.85649217,36.25201637],[129.85431915,36.25163075],[129.85213638,36.25128318],[129.84994487,36.25097381],[129.84774565,36.2507028],[129.84553972,36.25047028],[129.84332812,36.25027634],[129.84111188,36.25012108],[129.83889202,36.25000458],[129.83666958,36.24992687],[129.83444559,36.24988801],[129.83222108,36.24988801],[129.82999709,36.24992687],[129.82777465,36.25000458],[129.82555479,36.25012108],[129.82333854,36.25027634],[129.82112695,36.25047028],[129.81892102,36.2507028],[129.81672179,36.25097381],[129.81453028,36.25128318],[129.81234751,36.25163075],[129.81017449,36.25201637],[129.80801224,36.25243987],[129.80586175,36.25290104],[129.80372403,36.25339966],[129.80160007,36.25393552],[129.79949086,36.25450835],[129.79739738,36.2551179],[129.7953206,36.25576387],[129.79326149,36.25644598],[129.79122101,36.25716389],[129.7892001,36.25791729],[129.7871997,36.25870581],[129.78522075,36.25952909],[129.78326417,36.26038675],[129.78133086,36.26127839],[129.77942173,36.2622036],[129.77753766,36.26316194],[129.77567954,36.26415297],[129.77384822,36.26517623],[129.77204456,36.26623124],[129.7702694,36.26731752],[129.76852356,36.26843455],[129.76680786,36.26958182],[129.7651231,36.27075879],[129.76347006,36.27196493],[129.76184951,36.27319965],[129.76026222,36.2744624],[129.7587089,36.27575258],[129.75719031,36.2770696],[129.75570713,36.27841284],[129.75426006,36.27978167],[129.75284978,36.28117547],[129.75147695,36.28259358],[129.7501422,36.28403533],[129.74884616,36.28550007],[129.74758943,36.28698711],[129.74637261,36.28849575],[129.74519626,36.2900253],[129.74406092,36.29157504],[129.74296714,36.29314426],[129.74191542,36.29473221],[129.74090625,36.29633817],[129.73994011,36.29796138],[129.73901745,36.2996011],[129.73813871,36.30125654],[129.73730428,36.30292695],[129.73651457,36.30461155],[129.73576995,36.30630955],[129.73507076,36.30802017],[129.73441733,36.30974259],[129.73380998,36.31147603],[129.73324898,36.31321968],[129.73273461,36.31497272],[129.7322671,36.31673434],[129.73184667,36.31850371],[129.73147353,36.32028001],[129.73114785,36.32206242],[129.73086979,36.3238501],[129.73063947,36.32564222],[129.73045702,36.32743795],[129.73032251,36.32923644],[129.73023602,36.33103687],[129.73019759,36.33283838],[129.73020723,36.33464015],[129.73026496,36.33644132],[129.73037073,36.33824107],[129.73052452,36.34003855],[129.73072625,36.34183293],[129.73097582,36.34362336],[129.73127313,36.34540901],[129.73161805,36.34718906],[129.7320104,36.34896266],[129.73245002,36.35072899],[129.7329367,36.35248724],[129.73347022,36.35423657],[129.73405033,36.35597617],[129.73467676,36.35770523],[129.73534923,36.35942294],[129.73606742,36.36112851],[129.73683101,36.36282113],[129.73763963,36.36450002],[129.73849292,36.36616439],[129.73939047,36.36781347],[129.74033188,36.36944648],[129.74131671,36.37106266],[129.74234449,36.37266127],[129.74341475,36.37424154],[129.744527,36.37580276],[129.74568072,36.37734417],[129.74687537,36.37886508],[129.74811039,36.38036475],[129.74938521,36.38184251],[129.75069924,36.38329765],[129.75205187,36.38472949],[129.75344247,36.38613738],[129.75487038,36.38752064],[129.75633495,36.38887863],[129.75783549,36.39021073],[129.75937131,36.3915163],[129.76094168,36.39279473],[129.76254587,36.39404544],[129.76418315,36.39526783],[129.76585273,36.39646133],[129.76755385,36.39762539],[129.76928571,36.39875946],[129.77104751,36.39986301],[129.77283841,36.40093553],[129.77465759,36.40197652],[129.7765042,36.40298548],[129.77837737,36.40396195],[129.78027623,36.40490547],[129.78219989,36.4058156],[129.78414745,36.40669191],[129.78611801,36.407534],[129.78811064,36.40834146],[129.79012442,36.40911394],[129.7921584,36.40985105],[129.79421163,36.41055246],[129.79628315,36.41121784],[129.79837199,36.41184687],[129.80047719,36.41243927],[129.80259774,36.41299476],[129.80473267,36.41351308],[129.80688098,36.41399398],[129.80904165,36.41443724],[129.81121368,36.41484265],[129.81339606,36.41521003],[129.81558776,36.4155392],[129.81778776,36.41583],[129.81999503,36.41608231],[129.82220853,36.416296],[129.82442724,36.41647097],[129.82665012,36.41660715],[129.82887612,36.41670446],[129.83110421,36.41676287],[129.83333333,36.41678234]]]]},"geometry_name":"ag_geom","properties":{"zone_type":"비행제한구역","layer":"lt_c_aisresc","name":"R142B","upper":"300 AMSL","lower":"SFC","color":"#f57c00","dist_km":163.89},"bbox":[129.73019759,36.24988801,129.93646908,36.41678234]},{"type":"Feature","id":"lt_c_aisresc.86","geometry":{"type":"MultiPolygon","coordinates":[[[[127.22972222,34.86613025],[127.2318865,34.86599328],[127.23400003,34.86558557],[127.23601325,34.8649167],[127.23787895,34.86400233],[127.23955341,34.86286392],[127.24099736,34.86152816],[127.24217696,34.86002635],[127.24306458,34.85839371],[127.24363942,34.85666852],[127.24388802,34.85489122],[127.24380459,34.85310346],[127.24339109,34.85134715],[127.24265724,34.84966345],[127.24162026,34.84809183],[127.24030446,34.84666911],[127.23874069,34.84542862],[127.23696561,34.84439945],[127.2350208,34.8436057],[127.23295186,34.84306597],[127.23080724,34.8427929],[127.2286372,34.8427929],[127.22649259,34.84306597],[127.22442364,34.8436057],[127.22247884,34.84439945],[127.22070375,34.84542862],[127.21913999,34.84666911],[127.21782419,34.84809183],[127.2167872,34.84966345],[127.21605336,34.85134715],[127.21563986,34.85310346],[127.21555642,34.85489122],[127.21580503,34.85666852],[127.21637986,34.85839371],[127.21726748,34.86002635],[127.21844708,34.86152816],[127.21989103,34.86286392],[127.22156549,34.86400233],[127.2234312,34.8649167],[127.22544442,34.86558557],[127.22755794,34.86599328],[127.22972222,34.86613025]]]]},"geometry_name":"ag_geom","properties":{"zone_type":"비행제한구역","layer":"lt_c_aisresc","name":"R158","upper":"6 400 AMSL","lower":"SFC","color":"#f57c00","dist_km":124.55},"bbox":[127.21555642,34.8427929,127.24388802,34.86613025]},{"type":"Feature","id":"lt_c_aisresc.79","geometry":{"type":"MultiPolygon","coordinates":[[[[129.75,36.16678584],[129.75222203,36.16676636],[129.75444302,36.16670796],[129.75666193,36.16661064],[129.75887772,36.16647446],[129.76108937,36.16629948],[129.76329582,36.16608578],[129.76549606,36.16583347],[129.76768906,36.16554265],[129.76987378,36.16521347],[129.7720492,36.16484608],[129.77421432,36.16444066],[129.77636811,36.16399738],[129.77850957,36.16351647],[129.78063771,36.16299813],[129.78275151,36.16244263],[129.78485,36.16185021],[129.7869322,36.16122115],[129.78899713,36.16055575],[129.79104382,36.15985432],[129.79307133,36.15911718],[129.79507869,36.15834468],[129.79706499,36.15753719],[129.79902928,36.15669508],[129.80097064,36.15581873],[129.80288819,36.15490857],[129.80478101,36.15396502],[129.80664822,36.15298852],[129.80848895,36.15197952],[129.81030235,36.1509385],[129.81208756,36.14986595],[129.81384376,36.14876236],[129.81557011,36.14762825],[129.81726583,36.14646415],[129.81893011,36.1452706],[129.82056218,36.14404817],[129.82216128,36.14279742],[129.82372666,36.14151894],[129.8252576,36.14021332],[129.82675338,36.13888118],[129.8282133,36.13752314],[129.82963669,36.13613983],[129.83102287,36.1347319],[129.83237121,36.1333],[129.83368108,36.13184481],[129.83495186,36.130367],[129.83618297,36.12886727],[129.83737383,36.12734631],[129.83852389,36.12580483],[129.83963262,36.12424357],[129.8406995,36.12266323],[129.84172403,36.12106457],[129.84270574,36.11944832],[129.84364417,36.11781525],[129.84453889,36.11616611],[129.84538949,36.11450167],[129.84619556,36.11282272],[129.84695673,36.11113003],[129.84767266,36.1094244],[129.84834301,36.10770662],[129.84896748,36.10597749],[129.84954576,36.10423782],[129.8500776,36.10248842],[129.85056276,36.10073011],[129.851001,36.0989637],[129.85139213,36.09719003],[129.85173597,36.09540991],[129.85203236,36.09362419],[129.85228116,36.09183368],[129.85248227,36.09003924],[129.85263559,36.08824168],[129.85274105,36.08644186],[129.85279861,36.08464061],[129.85280825,36.08283877],[129.85276996,36.08103717],[129.85268376,36.07923667],[129.85254971,36.0774381],[129.85236785,36.0756423],[129.85213829,36.0738501],[129.85186113,36.07206234],[129.85153651,36.07027986],[129.85116457,36.06850348],[129.8507455,36.06673403],[129.85027949,36.06497234],[129.84976677,36.06321922],[129.84920758,36.0614755],[129.84860217,36.05974198],[129.84795084,36.05801947],[129.84725388,36.05630878],[129.84651164,36.05461071],[129.84572445,36.05292603],[129.8448927,36.05125554],[129.84401675,36.04960002],[129.84309704,36.04796024],[129.84213398,36.04633695],[129.84112803,36.04473092],[129.84007966,36.04314289],[129.83898936,36.0415736],[129.83785764,36.04002378],[129.83668503,36.03849416],[129.83547208,36.03698545],[129.83421936,36.03549834],[129.83292744,36.03403353],[129.83159694,36.03259171],[129.83022847,36.03117353],[129.82882267,36.02977967],[129.8273802,36.02841077],[129.82590173,36.02706747],[129.82438796,36.02575039],[129.82283958,36.02446014],[129.82125732,36.02319733],[129.81964192,36.02196254],[129.81799413,36.02075635],[129.81631471,36.01957932],[129.81460446,36.01843199],[129.81286416,36.01731491],[129.81109463,36.01622858],[129.80929669,36.01517351],[129.80747118,36.0141502],[129.80561895,36.01315912],[129.80374085,36.01220073],[129.80183777,36.01127548],[129.79991059,36.01038379],[129.79796021,36.00952609],[129.79598754,36.00870277],[129.79399348,36.0079142],[129.79197897,36.00716077],[129.78994495,36.00644282],[129.78789237,36.00576068],[129.78582217,36.00511467],[129.78373532,36.0045051],[129.78163279,36.00393223],[129.77951555,36.00339635],[129.7773846,36.0028977],[129.77524093,36.00243651],[129.77308552,36.00201299],[129.77091938,36.00162735],[129.76874352,36.00127976],[129.76655895,36.00097038],[129.76436669,36.00069935],[129.76216774,36.00046682],[129.75996315,36.00027287],[129.75775392,36.0001176],[129.75554109,36.00000109],[129.75332568,35.99992338],[129.75110873,35.99988452],[129.74889127,35.99988452],[129.74667432,35.99992338],[129.74445891,36.00000109],[129.74224608,36.0001176],[129.74003685,36.00027287],[129.73783226,36.00046682],[129.73563331,36.00069935],[129.73344105,36.00097038],[129.73125648,36.00127976],[129.72908062,36.00162735],[129.72691448,36.00201299],[129.72475907,36.00243651],[129.72261539,36.0028977],[129.72048444,36.00339635],[129.71836721,36.00393223],[129.71626468,36.0045051],[129.71417783,36.00511467],[129.71210763,36.00576068],[129.71005505,36.00644282],[129.70802103,36.00716077],[129.70600652,36.0079142],[129.70401246,36.00870277],[129.70203979,36.00952609],[129.7000894,36.01038379],[129.69816223,36.01127548],[129.69625915,36.01220073],[129.69438105,36.01315912],[129.69252882,36.0141502],[129.69070331,36.01517351],[129.68890537,36.01622858],[129.68713584,36.01731491],[129.68539554,36.01843199],[129.68368528,36.01957932],[129.68200587,36.02075635],[129.68035808,36.02196254],[129.67874268,36.02319733],[129.67716042,36.02446014],[129.67561204,36.02575039],[129.67409826,36.02706747],[129.6726198,36.02841077],[129.67117733,36.02977967],[129.66977153,36.03117353],[129.66840306,36.03259171],[129.66707256,36.03403353],[129.66578064,36.03549834],[129.66452792,36.03698545],[129.66331496,36.03849416],[129.66214236,36.04002378],[129.66101064,36.0415736],[129.65992034,36.04314289],[129.65887197,36.04473092],[129.65786602,36.04633695],[129.65690296,36.04796024],[129.65598325,36.04960002],[129.6551073,36.05125554],[129.65427554,36.05292603],[129.65348836,36.05461071],[129.65274611,36.05630878],[129.65204916,36.05801947],[129.65139783,36.05974198],[129.65079242,36.0614755],[129.65023323,36.06321922],[129.6497205,36.06497234],[129.6492545,36.06673403],[129.64883543,36.06850348],[129.64846349,36.07027986],[129.64813887,36.07206234],[129.64786171,36.0738501],[129.64763215,36.0756423],[129.64745029,36.0774381],[129.64731624,36.07923667],[129.64723004,36.08103717],[129.64719175,36.08283877],[129.64720139,36.08464061],[129.64725895,36.08644186],[129.64736441,36.08824168],[129.64751773,36.09003924],[129.64771884,36.09183368],[129.64796764,36.09362419],[129.64826403,36.09540991],[129.64860787,36.09719003],[129.648999,36.0989637],[129.64943724,36.10073011],[129.64992239,36.10248842],[129.65045424,36.10423782],[129.65103252,36.10597749],[129.65165699,36.10770662],[129.65232734,36.1094244],[129.65304326,36.11113003],[129.65380444,36.11282272],[129.65461051,36.11450167],[129.65546111,36.11616611],[129.65635583,36.11781525],[129.65729426,36.11944832],[129.65827597,36.12106457],[129.6593005,36.12266323],[129.66036738,36.12424357],[129.66147611,36.12580483],[129.66262617,36.12734631],[129.66381703,36.12886727],[129.66504814,36.130367],[129.66631892,36.13184481],[129.66762879,36.1333],[129.66897713,36.1347319],[129.67036331,36.13613983],[129.6717867,36.13752314],[129.67324662,36.13888118],[129.6747424,36.14021332],[129.67627334,36.14151894],[129.67783872,36.14279742],[129.67943782,36.14404817],[129.68106989,36.1452706],[129.68273417,36.14646415],[129.68442989,36.14762825],[129.68615624,36.14876236],[129.68791244,36.14986595],[129.68969765,36.1509385],[129.69151105,36.15197952],[129.69335178,36.15298852],[129.69521899,36.15396502],[129.69711181,36.15490857],[129.69902936,36.15581873],[129.70097072,36.15669508],[129.70293501,36.15753719],[129.70492131,36.15834468],[129.70692867,36.15911718],[129.70895618,36.15985432],[129.71100287,36.16055575],[129.7130678,36.16122115],[129.71515,36.16185021],[129.71724849,36.16244263],[129.71936229,36.16299813],[129.72149042,36.16351647],[129.72363189,36.16399738],[129.72578568,36.16444066],[129.7279508,36.16484608],[129.73012622,36.16521347],[129.73231094,36.16554265],[129.73450394,36.16583347],[129.73670418,36.16608578],[129.73891063,36.16629948],[129.74112228,36.16647446],[129.74333807,36.16661064],[129.74555698,36.16670796],[129.74777797,36.16676636],[129.75,36.16678584]]]]},"geometry_name":"ag_geom","properties":{"zone_type":"비행제한구역","layer":"lt_c_aisresc","name":"R142C","upper":"300 AMSL","lower":"SFC","color":"#f57c00","dist_km":138.78},"bbox":[129.64719175,35.99988452,129.85280825,36.16678584]},{"type":"Feature","id":"lt_c_aisresc.80","geometry":{"type":"MultiPolygon","coordinates":[[[[128.85,38.21673877],[128.85228087,38.21671448],[128.85456007,38.21664164],[128.85683595,38.2165203],[128.85910685,38.21635054],[128.8613711,38.21613249],[128.86362707,38.21586632],[128.8658731,38.2155522],[128.86810756,38.21519038],[128.87032881,38.21478111],[128.87253524,38.2143247],[128.87472525,38.21382148],[128.87689722,38.21327181],[128.87904959,38.21267609],[128.88118078,38.21203477],[128.88328924,38.2113483],[128.88537343,38.21061718],[128.88743184,38.20984196],[128.88946296,38.20902319],[128.89146532,38.20816148],[128.89343745,38.20725744],[128.89537793,38.20631175],[128.89728533,38.20532508],[128.89915827,38.20429815],[128.90099538,38.20323173],[128.90279534,38.20212657],[128.90455682,38.2009835],[128.90627855,38.19980333],[128.90795927,38.19858694],[128.90959776,38.1973352],[128.91119283,38.19604904],[128.91274332,38.19472937],[128.91424811,38.19337718],[128.91570609,38.19199344],[128.91711622,38.19057916],[128.91847746,38.18913536],[128.91978882,38.18766312],[128.92104936,38.18616348],[128.92225817,38.18463755],[128.92341435,38.18308644],[128.92451708,38.18151127],[128.92556556,38.1799132],[128.92655902,38.17829339],[128.92749674,38.17665301],[128.92837806,38.17499326],[128.92920232,38.17331536],[128.92996893,38.17162051],[128.93067735,38.16990995],[128.93132705,38.16818494],[128.93191758,38.16644671],[128.93244849,38.16469655],[128.93291942,38.16293572],[128.93333003,38.1611655],[128.93368001,38.15938718],[128.93396912,38.15760205],[128.93419715,38.15581142],[128.93436395,38.15401658],[128.93446939,38.15221885],[128.93451341,38.15041952],[128.93449596,38.14861991],[128.93441709,38.14682132],[128.93427684,38.14502507],[128.93407531,38.14323246],[128.93381267,38.14144478],[128.93348911,38.13966335],[128.93310487,38.13788946],[128.93266022,38.13612439],[128.9321555,38.13436943],[128.93159109,38.13262585],[128.93096738,38.13089492],[128.93028485,38.1291779],[128.92954399,38.12747604],[128.92874534,38.12579057],[128.92788949,38.12412271],[128.92697706,38.12247369],[128.92600872,38.12084469],[128.92498518,38.1192369],[128.92390718,38.11765148],[128.92277552,38.1160896],[128.921591,38.11455237],[128.92035451,38.11304093],[128.91906693,38.11155636],[128.91772921,38.11009975],[128.91634233,38.10867214],[128.91490728,38.10727459],[128.91342512,38.1059081],[128.91189693,38.10457366],[128.9103238,38.10327224],[128.9087069,38.10200479],[128.9070474,38.10077223],[128.90534649,38.09957545],[128.90360543,38.09841532],[128.90182546,38.09729268],[128.9000079,38.09620835],[128.89815405,38.09516311],[128.89626526,38.09415773],[128.89434291,38.09319292],[128.89238839,38.0922694],[128.89040312,38.09138783],[128.88838854,38.09054884],[128.88634612,38.08975306],[128.88427733,38.08900106],[128.88218368,38.08829337],[128.88006669,38.08763052],[128.87792788,38.08701299],[128.87576883,38.08644122],[128.87359108,38.08591563],[128.87139623,38.0854366],[128.86918585,38.08500448],[128.86696157,38.08461958],[128.86472498,38.08428218],[128.86247772,38.08399252],[128.8602214,38.08375081],[128.85795768,38.08355724],[128.85568818,38.08341194],[128.85341456,38.08331501],[128.85113846,38.08326653],[128.84886154,38.08326653],[128.84658544,38.08331501],[128.84431182,38.08341194],[128.84204232,38.08355724],[128.8397786,38.08375081],[128.83752228,38.08399252],[128.83527502,38.08428218],[128.83303843,38.08461958],[128.83081414,38.08500448],[128.82860377,38.0854366],[128.82640892,38.08591563],[128.82423117,38.08644122],[128.82207211,38.08701299],[128.81993331,38.08763052],[128.81781632,38.08829337],[128.81572267,38.08900106],[128.81365388,38.08975306],[128.81161146,38.09054884],[128.80959688,38.09138783],[128.80761161,38.0922694],[128.80565709,38.09319292],[128.80373474,38.09415773],[128.80184595,38.09516311],[128.7999921,38.09620835],[128.79817453,38.09729268],[128.79639457,38.09841532],[128.79465351,38.09957545],[128.7929526,38.10077223],[128.7912931,38.10200479],[128.78967619,38.10327224],[128.78810307,38.10457366],[128.78657488,38.1059081],[128.78509272,38.10727459],[128.78365767,38.10867214],[128.78227078,38.11009975],[128.78093307,38.11155636],[128.77964549,38.11304093],[128.778409,38.11455237],[128.77722448,38.1160896],[128.77609281,38.11765148],[128.77501482,38.1192369],[128.77399127,38.12084469],[128.77302294,38.12247369],[128.77211051,38.12412271],[128.77125466,38.12579057],[128.77045601,38.12747604],[128.76971515,38.1291779],[128.76903262,38.13089492],[128.76840891,38.13262585],[128.7678445,38.13436943],[128.76733978,38.13612439],[128.76689513,38.13788946],[128.76651089,38.13966335],[128.76618733,38.14144478],[128.76592469,38.14323246],[128.76572316,38.14502507],[128.76558291,38.14682132],[128.76550403,38.14861991],[128.76548659,38.15041952],[128.76553061,38.15221885],[128.76563605,38.15401658],[128.76580285,38.15581142],[128.76603088,38.15760205],[128.76631999,38.15938718],[128.76666997,38.1611655],[128.76708058,38.16293572],[128.76755151,38.16469655],[128.76808242,38.16644671],[128.76867295,38.16818494],[128.76932265,38.16990995],[128.77003106,38.17162051],[128.77079768,38.17331536],[128.77162194,38.17499326],[128.77250326,38.17665301],[128.77344098,38.17829339],[128.77443444,38.1799132],[128.77548292,38.18151127],[128.77658565,38.18308644],[128.77774183,38.18463755],[128.77895063,38.18616348],[128.78021118,38.18766312],[128.78152254,38.18913536],[128.78288378,38.19057916],[128.78429391,38.19199344],[128.78575189,38.19337718],[128.78725667,38.19472937],[128.78880717,38.19604904],[128.79040224,38.1973352],[128.79204073,38.19858694],[128.79372145,38.19980333],[128.79544318,38.2009835],[128.79720466,38.20212657],[128.79900461,38.20323173],[128.80084173,38.20429815],[128.80271467,38.20532508],[128.80462207,38.20631175],[128.80656255,38.20725744],[128.80853468,38.20816148],[128.81053704,38.20902319],[128.81256816,38.20984196],[128.81462657,38.21061718],[128.81671076,38.2113483],[128.81881922,38.21203477],[128.82095041,38.21267609],[128.82310278,38.21327181],[128.82527475,38.21382148],[128.82746476,38.2143247],[128.82967119,38.21478111],[128.83189244,38.21519038],[128.8341269,38.2155522],[128.83637293,38.21586632],[128.83862889,38.21613249],[128.84089315,38.21635054],[128.84316405,38.2165203],[128.84543993,38.21664164],[128.84771913,38.21671448],[128.85,38.21673877]]]]},"geometry_name":"ag_geom","properties":{"zone_type":"비행제한구역","layer":"lt_c_aisresc","name":"R140","upper":"300 AMSL","lower":"SFC","color":"#f57c00","dist_km":324.16},"bbox":[128.76548659,38.08326653,128.93451341,38.21673877]},{"type":"Feature","id":"lt_c_aisresc.81","geometry":{"type":"MultiPolygon","coordinates":[[[[131.2,37.66805556],[131.41666667,37.66805556],[131.41666667,37.50138889],[131.2,37.50138889],[131.2,37.66805556]]]]},"geometry_name":"ag_geom","properties":{"zone_type":"비행제한구역","layer":"lt_c_aisresc","name":"R141","upper":"300 AMSL","lower":"SFC","color":"#f57c00","dist_km":353.11},"bbox":[131.2,37.50138889,131.41666667,37.66805556]},{"type":"Feature","id":"lt_c_aisresc.82","geometry":{"type":"MultiPolygon","coordinates":[[[[126.31388889,35.83333333],[126.33333333,35.83333333],[126.33333333,35.75],[126.25,35.75],[126.31388889,35.83333333]]]]},"geometry_name":"ag_geom","properties":{"zone_type":"비행제한구역","layer":"lt_c_aisresc","name":"R151A","upper":"100 AMSL","lower":"SFC","color":"#f57c00","dist_km":211.72},"bbox":[126.25,35.75,126.33333333,35.83333333]},{"type":"Feature","id":"lt_c_aisresc.83","geometry":{"type":"MultiPolygon","coordinates":[[[[128.22583333,36.07031381],[128.22803329,36.07025],[128.23022203,36.0700589],[128.23238838,36.06974148],[128.2345213,36.06929936],[128.2366099,36.0687348],[128.23864355,36.06805067],[128.24061185,36.06725047],[128.24250479,36.06633828],[128.24431271,36.06531874],[128.24602638,36.06419706],[128.24763709,36.06297895],[128.24913661,36.06167064],[128.25051731,36.06027878],[128.25177216,36.05881049],[128.25289476,36.05727323],[128.25387939,36.05567485],[128.25472106,36.05402351],[128.25541547,36.0523276],[128.2559591,36.05059579],[128.25634918,36.0488369],[128.25658374,36.04705989],[128.25666159,36.04527381],[128.25658235,36.04348778],[128.25634643,36.04171089],[128.25595504,36.03995219],[128.25541019,36.03822064],[128.25471467,36.03652508],[128.25387202,36.03487412],[128.25288655,36.03327619],[128.25176328,36.03173943],[128.25050795,36.03027165],[128.24912695,36.02888034],[128.24762733,36.02757258],[128.24601672,36.02635504],[128.24430334,36.0252339],[128.24249591,36.02421489],[128.24060364,36.02330318],[128.23863617,36.02250343],[128.23660351,36.02181969],[128.23451602,36.02125547],[128.23238432,36.02081362],[128.23021928,36.02049639],[128.2280319,36.02030541],[128.22583333,36.02024164],[128.22363476,36.02030541],[128.22144739,36.02049639],[128.21928234,36.02081362],[128.21715065,36.02125547],[128.21506315,36.02181969],[128.2130305,36.02250343],[128.21106302,36.02330318],[128.20917075,36.02421489],[128.20736332,36.0252339],[128.20564994,36.02635504],[128.20403934,36.02757258],[128.20253972,36.02888034],[128.20115872,36.03027165],[128.19990339,36.03173943],[128.19878012,36.03327619],[128.19779465,36.03487412],[128.196952,36.03652508],[128.19625647,36.03822064],[128.19571162,36.03995219],[128.19532023,36.04171089],[128.19508431,36.04348778],[128.19500507,36.04527381],[128.19508292,36.04705989],[128.19531748,36.0488369],[128.19570757,36.05059579],[128.19625119,36.0523276],[128.19694561,36.05402351],[128.19778727,36.05567485],[128.19877191,36.05727323],[128.19989451,36.05881049],[128.20114935,36.06027878],[128.20253006,36.06167064],[128.20402958,36.06297895],[128.20564028,36.06419706],[128.20735396,36.06531874],[128.20916188,36.06633828],[128.21105481,36.06725047],[128.21302312,36.06805067],[128.21505676,36.0687348],[128.21714537,36.06929936],[128.21927829,36.06974148],[128.22144464,36.0700589],[128.22363337,36.07025],[128.22583333,36.07031381]]]]},"geometry_name":"ag_geom","properties":{"zone_type":"비행제한구역","layer":"lt_c_aisresc","name":"R155A","upper":"9 500 AMSL","lower":"SFC","color":"#f57c00","dist_km":97.93},"bbox":[128.19500507,36.02024164,128.25666159,36.07031381]},{"type":"Feature","id":"lt_c_aisresc.84","geometry":{"type":"MultiPolygon","coordinates":[[[[129,38.23333333],[129.76666667,38.23333333],[129.76666667,37.8],[129.63333333,37.8],[129.31666667,38.16666667],[129,38.16666667],[129,38.23333333]]]]},"geometry_name":"ag_geom","properties":{"zone_type":"비행제한구역","layer":"lt_c_aisresc","name":"R156","upper":"3 500 AMSL","lower":"SFC","color":"#f57c00","dist_km":307.64},"bbox":[129,37.8,129.76666667,38.23333333]},{"type":"Feature","id":"lt_c_aisresc.85","geometry":{"type":"MultiPolygon","coordinates":[[[[129.15083333,35.21224069],[129.15300676,35.21210373],[129.15512922,35.21169605],[129.15715094,35.21102721],[129.15902453,35.2101129],[129.16070606,35.20897455],[129.16215611,35.20763886],[129.16334069,35.20613713],[129.16423206,35.20450459],[129.16480932,35.2027795],[129.16505897,35.20100229],[129.16497518,35.19921464],[129.16455993,35.19745843],[129.16382298,35.19577483],[129.16278161,35.19420329],[129.16146026,35.19278065],[129.15988988,35.19154024],[129.1581073,35.19051113],[129.15615429,35.18971743],[129.1540766,35.18917773],[129.15192293,35.18890468],[129.14974373,35.18890468],[129.14759006,35.18917773],[129.14551238,35.18971743],[129.14355936,35.19051113],[129.14177678,35.19154024],[129.14020641,35.19278065],[129.13888505,35.19420329],[129.13784369,35.19577483],[129.13710674,35.19745843],[129.13669149,35.19921464],[129.1366077,35.20100229],[129.13685735,35.2027795],[129.13743461,35.20450459],[129.13832597,35.20613713],[129.13951056,35.20763886],[129.14096061,35.20897455],[129.14264213,35.2101129],[129.14451572,35.21102721],[129.14653745,35.21169605],[129.14865991,35.21210373],[129.15083333,35.21224069]]]]},"geometry_name":"ag_geom","properties":{"zone_type":"비행제한구역","layer":"lt_c_aisresc","name":"R157","upper":"6 000 AMSL","lower":"SFC","color":"#f57c00","dist_km":53.07},"bbox":[129.1366077,35.18890468,129.16505897,35.21224069]},{"type":"Feature","id":"lt_c_aisctrc.1","geometry":{"type":"MultiPolygon","coordinates":[[[[129.52019186,35.99935028],[129.52117636,35.98773478],[129.52016186,35.97612078],[129.51716986,35.96473478],[129.51225836,35.95379778],[129.50552436,35.94352278],[129.49709936,35.93410878],[129.48714686,35.92573978],[129.47586136,35.91857728],[129.46346236,35.91276078],[129.45018986,35.90840378],[129.43630286,35.90558978],[129.42206986,35.90437378],[129.40776736,35.90477978],[129.39367286,35.90679978],[129.38006036,35.91039378],[129.36719336,35.91549328],[129.35532186,35.92199828],[129.34467736,35.92978328],[129.33546586,35.93869628],[129.32786786,35.94856478],[129.32203086,35.95919678],[129.31806936,35.97038528],[129.31606086,35.98191328],[129.31604586,35.99355628],[129.31802536,36.00508778],[129.32196136,36.01628278],[129.32777786,36.02692378],[129.33536286,36.03680328],[129.34456886,36.04572828],[129.35521686,36.05352478],[129.36709936,36.06004128],[129.37998486,36.06514978],[129.39362236,36.06875128],[129.40774486,36.07077528],[129.42207736,36.07118178],[129.43633986,36.06996378],[129.45025386,36.06714428],[129.46354736,36.06277828],[129.47596186,36.05695178],[129.48725436,36.04977778],[129.49720586,36.04139628],[129.50562186,36.03197128],[129.51233886,36.02168578],[129.51722736,36.01074128],[129.52019186,35.99935028]]]]},"geometry_name":"ag_geom","properties":{"zone_type":"관제권","layer":"lt_c_aisctrc","name":"POHANG TCA AREA A","upper":null,"lower":null,"color":"#c2185b","dist_km":110.09},"bbox":[129.31604586,35.90437378,129.52117636,36.07118178]},{"type":"Feature","id":"lt_c_aisctrc.2","geometry":{"type":"MultiPolygon","coordinates":[[[[126.908849,35.1379205],[126.9098235,35.126303],[126.9088205,35.1146875],[126.9058605,35.1033],[126.9010015,35.092361],[126.8943395,35.0820845],[126.886004,35.072669],[126.876158,35.0642985],[126.8649925,35.057135],[126.8527245,35.0513175],[126.8395935,35.0469595],[126.8258535,35.044145],[126.8117715,35.042929],[126.797621,35.043335],[126.783676,35.045355],[126.770208,35.04895],[126.7574775,35.0540505],[126.7457325,35.0605565],[126.735201,35.0683425],[126.726088,35.077257],[126.7185705,35.087127],[126.712796,35.097761],[126.708877,35.1089515],[126.7068905,35.120481],[126.7068765,35.1321255],[126.708835,35.1436585],[126.7127295,35.1548555],[126.7184845,35.1654975],[126.7259895,35.175378],[126.7350975,35.184304],[126.745632,35.192102],[126.757388,35.198619],[126.770136,35.2037285],[126.7836275,35.20733],[126.7975995,35.2093545],[126.811779,35.209761],[126.825889,35.2085425],[126.8396545,35.205723],[126.8528065,35.2013565],[126.8650885,35.195529],[126.876261,35.188354],[126.886106,35.179972],[126.8944325,35.1705455],[126.9010785,35.160259],[126.905915,35.149313],[126.908849,35.1379205]]]]},"geometry_name":"ag_geom","properties":{"zone_type":"관제권","layer":"lt_c_aisctrc","name":"GWANGJU TCA AREA A","upper":null,"lower":null,"color":"#c2185b","dist_km":149.7},"bbox":[126.7068765,35.042929,126.9098235,35.209761]},{"type":"Feature","id":"lt_c_aisctrc.3","geometry":{"type":"MultiPolygon","coordinates":[[[[127.1326375,37.102138],[127.1336355,37.0905245],[127.132606,37.078913],[127.1295705,37.067529],[127.1245885,37.0565945],[127.1177575,37.0463215],[127.1092115,37.0369095],[127.099117,37.028542],[127.0876705,37.0213815],[127.075094,37.0155665],[127.0616325,37.01121],[127.047547,37.0083965],[127.0331115,37.007181],[127.018605,37.007587],[127.0043095,37.009606],[126.9905025,37.0132],[126.977452,37.018298],[126.965411,37.0248015],[126.954614,37.0325845],[126.945271,37.041496],[126.937564,37.051362],[126.931643,37.061992],[126.9276245,37.0731785],[126.9255865,37.0847045],[126.925571,37.096345],[126.927578,37.1078745],[126.9315695,37.119068],[126.937469,37.129707],[126.9451625,37.1395845],[126.9545,37.148508],[126.9653005,37.1563035],[126.97324447,37.16059823],[126.981718,37.158397],[126.996041,37.1563775],[127.010576,37.155972],[127.02504,37.1571875],[127.039153,37.1600005],[127.052641,37.164357],[127.06346238,37.16935046],[127.075184,37.165556],[127.0877765,37.15973],[127.0992305,37.152557],[127.109324,37.144177],[127.1178605,37.1347535],[127.1246735,37.12447],[127.129631,37.113527],[127.1326375,37.102138]]]]},"geometry_name":"ag_geom","properties":{"zone_type":"관제권","layer":"lt_c_aisctrc","name":"OSAN CTLZ","upper":null,"lower":null,"color":"#c2185b","dist_km":244.46},"bbox":[126.925571,37.007181,127.1336355,37.16935046]},{"type":"Feature","id":"lt_c_aisctrc.4","geometry":{"type":"MultiPolygon","coordinates":[[[[126.717392,35.915283],[126.7183755,35.9036675],[126.7173625,35.8920535],[126.7143735,35.880667],[126.7094675,35.86973],[126.7027405,35.8594545],[126.694324,35.850041],[126.6843825,35.8416715],[126.673109,35.834509],[126.660723,35.8286925],[126.6474645,35.824335],[126.633592,35.821521],[126.619374,35.8203055],[126.6050865,35.8207115],[126.591007,35.822731],[126.577409,35.8263255],[126.5645555,35.831425],[126.5526965,35.83793],[126.542063,35.845715],[126.532862,35.854628],[126.5252715,35.864497],[126.519441,35.875129],[126.5154835,35.886318],[126.5134775,35.897846],[126.5134625,35.909489],[126.51544,35.9210205],[126.5193715,35.932216],[126.5251825,35.942857],[126.5327595,35.9527365],[126.5419555,35.9616615],[126.552592,35.9694585],[126.564462,35.975975],[126.577334,35.9810835],[126.5909565,35.984685],[126.6050645,35.986709],[126.6193815,35.9871155],[126.633629,35.9858975],[126.647528,35.983078],[126.6608075,35.978712],[126.673209,35.972885],[126.6844895,35.965711],[126.69443,35.9573295],[126.7028375,35.9479045],[126.7095475,35.937619],[126.7144305,35.926674],[126.717392,35.915283]]]]},"geometry_name":"ag_geom","properties":{"zone_type":"관제권","layer":"lt_c_aisctrc","name":"GUNSAN TCA AREA A","upper":null,"lower":null,"color":"#c2185b","dist_km":184.49},"bbox":[126.5134625,35.8203055,126.7183755,35.9871155]},{"type":"Feature","id":"lt_c_aisctrc.5","geometry":{"type":"MultiPolygon","coordinates":[[[[128.7947045,35.1562535],[128.7956795,35.1446365],[128.794676,35.133021],[128.7917155,35.121633],[128.7868555,35.1106945],[128.780192,35.100418],[128.7718545,35.0910025],[128.762006,35.082632],[128.750838,35.0754685],[128.738568,35.069651],[128.725434,35.065293],[128.711691,35.0624785],[128.6976055,35.0612625],[128.683452,35.0616685],[128.669504,35.063689],[128.6560325,35.067284],[128.6432995,35.072384],[128.6315515,35.07889],[128.621018,35.086676],[128.6119025,35.0955905],[128.604384,35.1054605],[128.598608,35.116094],[128.594688,35.1272845],[128.5927015,35.1388145],[128.592687,35.150459],[128.594646,35.161992],[128.5985415,35.1731885],[128.604298,35.183831],[128.611804,35.1937115],[128.620914,35.2026375],[128.631451,35.210435],[128.6432095,35.216952],[128.6559605,35.2220615],[128.669455,35.225663],[128.6834305,35.2276875],[128.697613,35.228094],[128.7117265,35.2268755],[128.725495,35.224056],[128.7386495,35.2196895],[128.7509345,35.213862],[128.7621095,35.2066875],[128.771957,35.198305],[128.7802855,35.1888785],[128.786933,35.178592],[128.7917705,35.167646],[128.7947045,35.1562535]]]]},"geometry_name":"ag_geom","properties":{"zone_type":"관제권","layer":"lt_c_aisctrc","name":"JINHAE CTLZ","upper":null,"lower":null,"color":"#c2185b","dist_km":4.17},"bbox":[128.592687,35.0612625,128.7956795,35.228094]},{"type":"Feature","id":"lt_c_aisctrc.6","geometry":{"type":"MultiPolygon","coordinates":[[[[127.2158455,36.28097],[127.216833,36.269355],[127.215815,36.257742],[127.212812,36.2463565],[127.207883,36.23542],[127.201125,36.225145],[127.1926695,36.215732],[127.1826815,36.207363],[127.1713555,36.2002015],[127.158912,36.1943855],[127.1455925,36.190028],[127.1316555,36.1872145],[127.117372,36.1859985],[127.1030185,36.1864045],[127.088874,36.188424],[127.0752125,36.1920185],[127.0622995,36.1971175],[127.050386,36.203622],[127.039703,36.2114065],[127.030459,36.220319],[127.0228335,36.230187],[127.0169755,36.2408185],[127.0129995,36.2520065],[127.010984,36.263534],[127.0109685,36.2751765],[127.012955,36.2867075],[127.016905,36.297902],[127.0227425,36.3085425],[127.0303545,36.3184215],[127.0395935,36.327346],[127.0502795,36.3351425],[127.0622045,36.3416585],[127.0751365,36.346767],[127.0888225,36.3503685],[127.1029955,36.352392],[127.1173795,36.352799],[127.131693,36.3515805],[127.145657,36.348761],[127.1589985,36.3443955],[127.1714575,36.338569],[127.1827905,36.3313955],[127.1927775,36.3230145],[127.2012235,36.3135895],[127.2079645,36.303305],[127.21287,36.2923605],[127.2158455,36.28097]]]]},"geometry_name":"ag_geom","properties":{"zone_type":"관제권","layer":"lt_c_aisctrc","name":"NONSAN CTLZ","upper":null,"lower":null,"color":"#c2185b","dist_km":169.12},"bbox":[127.0109685,36.1859985,127.216833,36.352799]},{"type":"Feature","id":"lt_c_aisctrc.7","geometry":{"type":"MultiPolygon","coordinates":[[[[127.1364155,36.972144],[127.1374115,36.9605305],[127.136384,36.9489185],[127.1333535,36.9375345],[127.12838,36.9265995],[127.121561,36.916326],[127.11303,36.9069145],[127.1029525,36.8985465],[127.091525,36.8913855],[127.07897,36.8855705],[127.0655315,36.881214],[127.05147,36.8784005],[127.0370585,36.877185],[127.022577,36.877591],[127.008306,36.87961],[126.994522,36.883204],[126.9814935,36.888302],[126.9694735,36.894806],[126.958695,36.902589],[126.9493675,36.9115005],[126.9416735,36.9213675],[126.935763,36.9319975],[126.931751,36.943184],[126.929717,36.9547105],[126.9297015,36.9663515],[126.931705,36.977881],[126.93569,36.9890745],[126.9415795,36.9997135],[126.94926,37.0095915],[126.9585815,37.0185155],[126.9693635,37.026311],[126.9813955,37.0328265],[126.9944435,37.0379345],[127.0082525,37.0415355],[127.0225535,37.043559],[127.0370665,37.043966],[127.051509,37.0427475],[127.065598,37.0399285],[127.0790595,37.0355635],[127.0916305,37.0297375],[127.103065,37.022564],[127.1131415,37.014184],[127.121663,37.00476],[127.1284645,36.9944765],[127.133414,36.9835335],[127.1364155,36.972144]]]]},"geometry_name":"ag_geom","properties":{"zone_type":"관제권","layer":"lt_c_aisctrc","name":"PYEONGTAEK CTLZ","upper":null,"lower":null,"color":"#c2185b","dist_km":232.27},"bbox":[126.9297015,36.877185,127.1374115,37.043966]},{"type":"Feature","id":"lt_c_aisctrc.8","geometry":{"type":"MultiPolygon","coordinates":[[[[128.17073403,35.10018661],[128.17170803,35.08856961],[128.17070553,35.07695361],[128.16774653,35.06556611],[128.16289003,35.05462711],[128.15623053,35.04435011],[128.14789903,35.03493511],[128.13805653,35.02656411],[128.12689603,35.01940061],[128.11463353,35.01358361],[128.10150803,35.00922511],[128.08777403,35.00641061],[128.07369803,35.00519461],[128.05955353,35.00560061],[128.04561453,35.00762111],[128.03215203,35.01121611],[128.01942703,35.01631611],[128.00768703,35.02282261],[127.99716003,35.03060861],[127.98805103,35.03952311],[127.98053703,35.04939311],[127.97476503,35.06002711],[127.97084753,35.07121761],[127.96886203,35.08274711],[127.96884753,35.09439211],[127.97080553,35.10592511],[127.97469853,35.11712161],[127.98045103,35.12776411],[127.98795253,35.13764461],[127.99705653,35.14657061],[128.00758653,35.15436861],[128.01933753,35.16088561],[128.03208003,35.16599511],[128.04556603,35.16959661],[128.05953203,35.17162111],[128.07370553,35.17202761],[128.08780953,35.17080911],[128.10156903,35.16798961],[128.11471553,35.16362311],[128.12699203,35.15779561],[128.13815953,35.15062061],[128.14800053,35.14223811],[128.15632353,35.13281211],[128.16296703,35.12252561],[128.16780153,35.11157911],[128.17073403,35.10018661]]]]},"geometry_name":"ag_geom","properties":{"zone_type":"관제권","layer":"lt_c_aisctrc","name":"SACHEON TCA AREA A","upper":null,"lower":null,"color":"#c2185b","dist_km":35.96},"bbox":[127.96884753,35.00519461,128.17170803,35.17202761]},{"type":"Feature","id":"lt_c_aisctrc.9","geometry":{"type":"MultiPolygon","coordinates":[[[[127.6023465,36.5795795],[127.603338,36.567965],[127.602316,36.5563525],[127.599301,36.5449675],[127.594353,36.534032],[127.587569,36.5237575],[127.579081,36.514345],[127.5690545,36.5059765],[127.5576855,36.498815],[127.545194,36.4929995],[127.5318235,36.4886425],[127.5178335,36.485829],[127.503495,36.4846135],[127.489087,36.4850195],[127.474888,36.487039],[127.4611745,36.490633],[127.448212,36.4957315],[127.436253,36.502236],[127.425529,36.5100195],[127.4162495,36.518932],[127.4085945,36.528799],[127.402714,36.53943],[127.3987225,36.5506175],[127.396699,36.5621445],[127.3966835,36.5737865],[127.3986775,36.5853165],[127.4026425,36.596511],[127.408502,36.6071505],[127.4161435,36.617029],[127.425418,36.6259535],[127.436145,36.6337495],[127.4481155,36.6402655],[127.45231099,36.64191659],[127.46773998,36.63687437],[127.48134376,36.63418257],[127.49364034,36.63306206],[127.50807206,36.6332473],[127.52132499,36.63486951],[127.53420775,36.63785656],[127.546813,36.64228936],[127.5577885,36.637176],[127.5691655,36.6300025],[127.5791905,36.621622],[127.587669,36.6121975],[127.5944355,36.6019135],[127.59936,36.5909695],[127.6023465,36.5795795]]]]},"geometry_name":"ag_geom","properties":{"zone_type":"관제권","layer":"lt_c_aisctrc","name":"SEONGMU CTLZ","upper":null,"lower":null,"color":"#c2185b","dist_km":172.43},"bbox":[127.3966835,36.4846135,127.603338,36.64228936]},{"type":"Feature","id":"lt_c_aisctrc.10","geometry":{"type":"MultiPolygon","coordinates":[[[[127.21768592,37.45740033],[127.21868842,37.44578783],[127.21765392,37.43417683],[127.21460392,37.42279333],[127.20959842,37.41185933],[127.20273542,37.40158733],[127.19414892,37.39217583],[127.18400692,37.38380933],[127.17250642,37.37664883],[127.15987092,37.37083433],[127.14634642,37.36647833],[127.13219492,37.36366533],[127.11769142,37.36244983],[127.10311692,37.36285533],[127.08875442,37.36487483],[127.07488292,37.36846783],[127.06177092,37.37356583],[127.04967342,37.38006883],[127.03882542,37.38785133],[127.02943842,37.39676183],[127.02169492,37.40662783],[127.01574642,37.41725683],[127.01170842,37.42844283],[127.00966092,37.43996783],[127.00964492,37.45160783],[127.01166092,37.46313633],[127.01567142,37.47432933],[127.02159892,37.48496783],[127.02932792,37.49484483],[127.03870942,37.50376783],[127.04956042,37.51156333],[127.06166992,37.51807833],[127.07480192,37.52318583],[127.08869992,37.52678683],[127.10309292,37.52881033],[127.11769942,37.52921683],[127.13223492,37.52799883],[127.14641492,37.52517983],[127.15996292,37.52081483],[127.17261442,37.51498933],[127.18412242,37.50781683],[127.19426342,37.49943683],[127.20283992,37.49001383],[127.20968492,37.47973083],[127.21466542,37.46878883],[127.21768592,37.45740033]]]]},"geometry_name":"ag_geom","properties":{"zone_type":"관제권","layer":"lt_c_aisctrc","name":"SEOUL CTLZ","upper":null,"lower":null,"color":"#c2185b","dist_km":274.78},"bbox":[127.00964492,37.36244983,127.21868842,37.52921683]},{"type":"Feature","id":"lt_c_aisctrc.11","geometry":{"type":"MultiPolygon","coordinates":[[[[128.7735525,38.072905],[128.774563,38.0612935],[128.7735195,38.049684],[128.770444,38.038302],[128.7653965,38.027369],[128.758476,38.017098],[128.749818,38.007688],[128.7395915,37.999322],[128.7279955,37.992163],[128.715255,37.986349],[128.701618,37.9819935],[128.687349,37.9791805],[128.672725,37.9779655],[128.65803,37.978371],[128.643548,37.98039],[128.629561,37.983983],[128.6163405,37.98908],[128.6041425,37.9955825],[128.5932045,38.003364],[128.5837395,38.0122735],[128.575931,38.022138],[128.5699325,38.032766],[128.565861,38.0439505],[128.563796,38.0554745],[128.5637795,38.0671135],[128.565812,38.0786405],[128.5698555,38.089832],[128.575832,38.1004695],[128.5836255,38.110346],[128.593085,38.1192685],[128.6040265,38.127063],[128.6162365,38.1335775],[128.629478,38.1386845],[128.643492,38.142285],[128.658005,38.1443085],[128.6727335,38.144715],[128.68739,38.143497],[128.7016885,38.1406785],[128.7153495,38.136314],[128.7281065,38.1304885],[128.739711,38.1233165],[128.749936,38.114938],[128.7585835,38.1055155],[128.7654855,38.0952335],[128.7705075,38.0842925],[128.7735525,38.072905]]]]},"geometry_name":"ag_geom","properties":{"zone_type":"관제권","layer":"lt_c_aisctrc","name":"YANGYANG CTLZ","upper":null,"lower":null,"color":"#c2185b","dist_km":311.54},"bbox":[128.5637795,37.9779655,128.774563,38.144715]},{"type":"Feature","id":"lt_c_aisctrc.12","geometry":{"type":"MultiPolygon","coordinates":[[[[127.1102975,37.250926],[127.1112975,37.239313],[127.110266,37.2277015],[127.107224,37.216318],[127.1022325,37.2053835],[127.095388,37.195111],[127.0868255,37.1856995],[127.076711,37.177332],[127.065242,37.1701715],[127.052641,37.164357],[127.039153,37.1600005],[127.02504,37.1571875],[127.010576,37.155972],[126.996041,37.1563775],[126.981718,37.158397],[126.9678835,37.1619905],[126.9548075,37.1670885],[126.942743,37.173592],[126.931925,37.1813745],[126.9225635,37.1902855],[126.9148415,37.2001515],[126.908909,37.210781],[126.904882,37.2219675],[126.9028405,37.233493],[126.9028245,37.2451335],[126.9048355,37.2566625],[126.908835,37.2678555],[126.914746,37.2784945],[126.922454,37.288372],[126.93181,37.297295],[126.9426315,37.3050905],[126.954708,37.311606],[126.967804,37.3167135],[126.981664,37.3203145],[126.996017,37.322338],[127.010584,37.322745],[127.0250795,37.3215265],[127.0392205,37.3187075],[127.0527315,37.3143425],[127.0653485,37.308517],[127.0768255,37.301344],[127.0869385,37.292964],[127.0954915,37.2835405],[127.102318,37.2732575],[127.107285,37.262315],[127.1102975,37.250926]]]]},"geometry_name":"ag_geom","properties":{"zone_type":"관제권","layer":"lt_c_aisctrc","name":"SUWON CTLZ","upper":null,"lower":null,"color":"#c2185b","dist_km":259.56},"bbox":[126.9028245,37.155972,127.1112975,37.322745]},{"type":"Feature","id":"lt_c_aisctrc.13","geometry":{"type":"MultiPolygon","coordinates":[[[[128.06419826,37.4499228],[128.06520077,37.43831027],[128.06416626,37.42669925],[128.06111673,37.41531573],[128.0561112,37.40438172],[128.04924915,37.3941092],[128.0406636,37.38469818],[128.03052253,37.37633167],[128.01902296,37.36917116],[128.00638888,37.36335665],[127.99286529,37.35900065],[127.9787152,37.35618765],[127.96421311,37.35497215],[127.94964002,37.35537765],[127.93527894,37.35739716],[127.92140835,37.36099017],[127.90829778,37.36608818],[127.8962012,37.3725912],[127.88535464,37.38037371],[127.87596859,37.38928423],[127.86822554,37.39915025],[127.86227751,37.40977927],[127.85823999,37.42096529],[127.85619298,37.43249031],[127.85617648,37.44413034],[127.8581925,37.45565936],[127.86220253,37.46685187],[127.86812957,37.47749039],[127.87585812,37.48736741],[127.88523868,37.49629092],[127.89608875,37.50408593],[127.90819683,37.51060094],[127.92132741,37.51570845],[127.9352245,37.51930945],[127.94961559,37.52133295],[127.96422118,37.52173945],[127.97875527,37.52052144],[127.99293385,37.51770243],[128.00648043,37.51333742],[128.01913101,37.50751191],[128.03063808,37.50033939],[128.04077814,37.49195988],[128.04935369,37.48253636],[128.05619772,37.47225334],[128.06117825,37.46131132],[128.06419826,37.4499228]]]]},"geometry_name":"ag_geom","properties":{"zone_type":"관제권","layer":"lt_c_aisctrc","name":"WONJU TCA AREA A","upper":null,"lower":null,"color":"#c2185b","dist_km":247.72},"bbox":[127.85617648,37.35497215,128.06520077,37.52173945]},{"type":"Feature","id":"lt_c_aisctrc.14","geometry":{"type":"MultiPolygon","coordinates":[[[[127.5754145,37.212354],[127.576414,37.200741],[127.575383,37.1891295],[127.572343,37.177746],[127.5673535,37.1668115],[127.560513,37.1565385],[127.5519545,37.147127],[127.541845,37.1387595],[127.530382,37.131599],[127.5177875,37.125784],[127.5043065,37.121428],[127.4902005,37.1186145],[127.4757435,37.117399],[127.4612165,37.117805],[127.4469,37.119824],[127.433073,37.1234175],[127.4200035,37.1285155],[127.4079455,37.135019],[127.397133,37.142802],[127.387776,37.151713],[127.380058,37.1615795],[127.3741285,37.172209],[127.3701035,37.183395],[127.368063,37.194921],[127.368047,37.2065615],[127.370057,37.2180905],[127.3740545,37.2292835],[127.3799625,37.2399225],[127.387667,37.2498],[127.397018,37.2587235],[127.407834,37.266519],[127.4199045,37.273034],[127.4329935,37.278142],[127.4468465,37.281743],[127.4611925,37.2837665],[127.4757515,37.284173],[127.49024,37.282955],[127.504374,37.280136],[127.517878,37.275771],[127.5304885,37.269945],[127.5419595,37.2627725],[127.5520675,37.2543925],[127.560616,37.244969],[127.567439,37.2346855],[127.5724035,37.223743],[127.5754145,37.212354]]]]},"geometry_name":"ag_geom","properties":{"zone_type":"관제권","layer":"lt_c_aisctrc","name":"ICHEON CTLZ","upper":null,"lower":null,"color":"#c2185b","dist_km":236.11},"bbox":[127.368047,37.117399,127.576414,37.284173]},{"type":"Feature","id":"lt_c_aisctrc.15","geometry":{"type":"MultiPolygon","coordinates":[[[[126.8115415,33.4098735],[126.812497,33.398253],[126.8115155,33.386634],[126.808616,33.375243],[126.8038565,33.364301],[126.79733,33.354021],[126.7891635,33.3446025],[126.7795165,33.3362295],[126.7685765,33.3290635],[126.756557,33.323244],[126.743691,33.3188845],[126.7302285,33.316069],[126.716431,33.3148525],[126.702566,33.315259],[126.6889025,33.3172795],[126.675706,33.320876],[126.663233,33.3259775],[126.6517255,33.332486],[126.641407,33.3402745],[126.6324785,33.349192],[126.625114,33.3590655],[126.619457,33.369702],[126.615618,33.380896],[126.6136725,33.392429],[126.6136595,33.404077],[126.6155795,33.415613],[126.6193955,33.426813],[126.625035,33.437458],[126.632388,33.447341],[126.641312,33.456269],[126.651633,33.4640685],[126.6631505,33.470587],[126.67564,33.4756975],[126.688858,33.4793005],[126.702546,33.481325],[126.7164375,33.481732],[126.730261,33.480513],[126.743747,33.4776925],[126.756632,33.4733255],[126.768665,33.4674965],[126.779611,33.46032],[126.789257,33.4519355],[126.7974155,33.442507],[126.803927,33.432218],[126.8086665,33.421269],[126.8115415,33.4098735]]]]},"geometry_name":"ag_geom","properties":{"zone_type":"관제권","layer":"lt_c_aisctrc","name":"JEONGSEOK CTLZ","upper":null,"lower":null,"color":"#c2185b","dist_km":250.5},"bbox":[126.6136595,33.3148525,126.812497,33.481732]},{"type":"Feature","id":"lt_c_aisctrc.16","geometry":{"type":"MultiPolygon","coordinates":[[[[129.0489535,37.7654065],[129.04996,37.7537945],[129.048921,37.7421845],[129.045858,37.730802],[129.040832,37.7198685],[129.0339405,37.7095965],[129.0253185,37.700186],[129.0151345,37.6918195],[129.0035865,37.68466],[128.990899,37.6788455],[128.9773185,37.67449],[128.9631085,37.671677],[128.948545,37.6704615],[128.9339105,37.6708675],[128.919489,37.6728865],[128.90556,37.6764795],[128.892394,37.681577],[128.8802465,37.6880795],[128.869354,37.6958615],[128.859928,37.704772],[128.8521525,37.714637],[128.846179,37.7252655],[128.842124,37.7364505],[128.840068,37.747975],[128.840052,37.7596145],[128.842076,37.7711425],[128.846103,37.7823345],[128.8520545,37.7929725],[128.859816,37.8028495],[128.869236,37.811772],[128.880132,37.819567],[128.8922915,37.826082],[128.905478,37.8311895],[128.9194335,37.83479],[128.933886,37.8368135],[128.9485535,37.83722],[128.963149,37.836002],[128.9773875,37.833183],[128.990992,37.8288185],[129.003696,37.822993],[129.015252,37.8158205],[129.0254345,37.8074415],[129.0340465,37.7980185],[129.0409195,37.787736],[129.0459205,37.7767945],[129.0489535,37.7654065]]]]},"geometry_name":"ag_geom","properties":{"zone_type":"관제권","layer":"lt_c_aisctrc","name":"GANGNEUNG TCA AREA A","upper":null,"lower":null,"color":"#c2185b","dist_km":279.31},"bbox":[128.840052,37.6704615,129.04996,37.83722]},{"type":"Feature","id":"lt_c_aisctrc.17","geometry":{"type":"MultiPolygon","coordinates":[[[[126.38605883,34.90796382],[126.38168392,34.90792495],[126.37731105,34.90804154],[126.37294834,34.90831338],[126.3686039,34.90873996],[126.36428581,34.90932049],[126.3600021,34.91005389],[126.35576072,34.91093879],[126.35156958,34.91197355],[126.346962,34.9133065],[126.3453945,34.9138025],[126.3433695,34.914485],[126.3413625,34.915203],[126.339375,34.9159565],[126.337408,34.916745],[126.3354615,34.917569],[126.3335375,34.9184265],[126.331636,34.9193185],[126.3297585,34.920244],[126.327906,34.9212025],[126.3260785,34.922194],[126.3242775,34.9232175],[126.322504,34.9242725],[126.320758,34.9253595],[126.319041,34.9264765],[126.317354,34.927624],[126.315697,34.9288015],[126.3140715,34.930008],[126.312478,34.931243],[126.310917,34.932506],[126.3093895,34.9337965],[126.307896,34.935114],[126.3064375,34.9364575],[126.3050145,34.9378265],[126.3036275,34.939221],[126.3022775,34.9406395],[126.300965,34.9420815],[126.2996905,34.9435465],[126.2984545,34.945034],[126.297258,34.946543],[126.296101,34.948073],[126.2949845,34.949623],[126.293909,34.9511925],[126.292875,34.952781],[126.2918825,34.9543875],[126.2909325,34.956011],[126.2900255,34.957651],[126.289161,34.959307],[126.2883405,34.9609775],[126.287564,34.9626625],[126.286832,34.964361],[126.2861445,34.966072],[126.285502,34.967795],[126.284905,34.969529],[126.284353,34.971273],[126.2838475,34.9730265],[126.283388,34.9747885],[126.2829745,34.976558],[126.2826075,34.978335],[126.2822875,34.9801175],[126.282014,34.981906],[126.281788,34.9836985],[126.2816085,34.9854945],[126.2814765,34.9872935],[126.2813915,34.989094],[126.2813535,34.990896],[126.2813635,34.9926985],[126.28142,34.9945],[126.2815245,34.9963],[126.2816755,34.998098],[126.281874,34.9998925],[126.2821195,35.0016835],[126.282412,35.0034695],[126.2827515,35.00525],[126.2831375,35.007024],[126.28357,35.0087905],[126.2840485,35.010549],[126.2845735,35.012299],[126.285144,35.014039],[126.28576,35.0157685],[126.2864215,35.0174865],[126.287128,35.0191925],[126.287879,35.0208855],[126.288674,35.0225645],[126.2895135,35.024229],[126.290396,35.0258785],[126.291322,35.027512],[126.2922905,35.0291285],[126.293301,35.0307275],[126.294354,35.032308],[126.2954475,35.0338695],[126.296582,35.035411],[126.297757,35.0369325],[126.2989715,35.0384325],[126.3002255,35.0399105],[126.3015175,35.041366],[126.302848,35.042798],[126.3042155,35.044206],[126.3056195,35.0455895],[126.30706,35.046948],[126.3085355,35.04828],[126.310046,35.049586],[126.31159,35.0508645],[126.313168,35.0521155],[126.314778,35.0533385],[126.31642,35.054532],[126.3180925,35.0556965],[126.3197955,35.0568305],[126.3215285,35.0579345],[126.3232895,35.059007],[126.3250785,35.060048],[126.3268945,35.0610575],[126.3287365,35.062034],[126.3306035,35.0629775],[126.3324955,35.063888],[126.3344105,35.0647645],[126.3363485,35.0656065],[126.338308,35.0664145],[126.340288,35.067187],[126.342288,35.067924],[126.3443075,35.0686255],[126.3458545,35.069131],[126.34839826,35.06992022],[126.3525537,35.07106831],[126.35889039,35.07251103],[126.36532756,35.07361318],[126.37183814,35.07437011],[126.37839475,35.07477865],[126.3849698,35.07483707],[126.39153563,35.07454512],[126.39806461,35.07390404],[126.40452928,35.07291652],[126.41090245,35.07158671],[126.41508713,35.07051272],[126.418992,35.0693585],[126.4212485,35.0686255],[126.423268,35.067924],[126.425268,35.067187],[126.427248,35.0664145],[126.4292075,35.0656065],[126.4311455,35.0647645],[126.4330605,35.063888],[126.4349525,35.0629775],[126.4368195,35.062034],[126.4386615,35.0610575],[126.4404775,35.060048],[126.4422665,35.059007],[126.4440275,35.0579345],[126.4457605,35.0568305],[126.4474635,35.0556965],[126.449136,35.054532],[126.450778,35.0533385],[126.452388,35.0521155],[126.453966,35.0508645],[126.45551,35.049586],[126.4570205,35.04828],[126.458496,35.046948],[126.4599365,35.0455895],[126.4613405,35.044206],[126.462708,35.042798],[126.4640385,35.041366],[126.4653305,35.0399105],[126.4665845,35.0384325],[126.467799,35.0369325],[126.468974,35.035411],[126.4701085,35.0338695],[126.471202,35.032308],[126.472255,35.0307275],[126.4732655,35.0291285],[126.474234,35.027512],[126.47516,35.0258785],[126.4760425,35.024229],[126.476882,35.0225645],[126.477677,35.0208855],[126.478428,35.0191925],[126.4791345,35.0174865],[126.479796,35.0157685],[126.480412,35.014039],[126.4809825,35.012299],[126.4815075,35.010549],[126.481986,35.0087905],[126.4824185,35.007024],[126.4828045,35.00525],[126.483144,35.0034695],[126.4834365,35.0016835],[126.483682,34.9998925],[126.4838805,34.998098],[126.4840315,34.9963],[126.484136,34.9945],[126.4841925,34.9926985],[126.4842025,34.990896],[126.4841645,34.989094],[126.4840795,34.9872935],[126.4839475,34.9854945],[126.483768,34.9836985],[126.483542,34.981906],[126.4832685,34.9801175],[126.4829485,34.978335],[126.4825815,34.976558],[126.482168,34.9747885],[126.4817085,34.9730265],[126.481203,34.971273],[126.480651,34.969529],[126.480054,34.967795],[126.4794115,34.966072],[126.478724,34.964361],[126.477992,34.9626625],[126.4772155,34.9609775],[126.476395,34.959307],[126.4755305,34.957651],[126.4746235,34.956011],[126.4736735,34.9543875],[126.472681,34.952781],[126.471647,34.9511925],[126.4705715,34.949623],[126.469455,34.948073],[126.468298,34.946543],[126.4671015,34.945034],[126.4658655,34.9435465],[126.464591,34.9420815],[126.4632785,34.9406395],[126.4619285,34.939221],[126.4605415,34.9378265],[126.4591185,34.9364575],[126.45766,34.935114],[126.4561665,34.9337965],[126.454639,34.932506],[126.453078,34.931243],[126.4514845,34.930008],[126.449859,34.9288015],[126.448202,34.927624],[126.446515,34.9264765],[126.444798,34.9253595],[126.443052,34.9242725],[126.4412785,34.9232175],[126.4394775,34.922194],[126.43765,34.9212025],[126.4357975,34.920244],[126.43392,34.9193185],[126.4320185,34.9184265],[126.4300945,34.917569],[126.428148,34.916745],[126.426181,34.9159565],[126.4241935,34.915203],[126.4221865,34.914485],[126.419824,34.9136955],[126.41811911,34.91315626],[126.41606028,34.91254654],[126.41398598,34.91197355],[126.41189717,34.91143755],[126.40767993,34.9104775],[126.4034164,34.90966816],[126.39911449,34.90901104],[126.39478222,34.90850737],[126.39042764,34.90815808],[126.38605883,34.90796382]]]]},"geometry_name":"ag_geom","properties":{"zone_type":"관제권","layer":"lt_c_aisctrc","name":"MUAN CTLZ","upper":null,"lower":null,"color":"#c2185b","dist_km":189.43},"bbox":[126.2813535,34.90792495,126.4842025,35.07483707]},{"type":"Feature","id":"lt_c_aisctrc.18","geometry":{"type":"MultiPolygon","coordinates":[[[[126.4811805,34.770422],[126.4821505,34.7588045],[126.4811525,34.747188],[126.4782055,34.7357995],[126.473369,34.72486],[126.4667365,34.7145825],[126.458438,34.705167],[126.4486355,34.6967955],[126.43752,34.6896315],[126.425307,34.683814],[126.412234,34.6794555],[126.398555,34.676641],[126.3845355,34.6754245],[126.3704475,34.6758305],[126.356565,34.677851],[126.3431565,34.681446],[126.3304825,34.6865465],[126.3187895,34.6930535],[126.308305,34.70084],[126.2992325,34.709755],[126.291749,34.719626],[126.286,34.73026],[126.282099,34.7414515],[126.2801215,34.752982],[126.280107,34.764627],[126.2820575,34.776161],[126.2859345,34.787358],[126.2916645,34.798001],[126.2991355,34.807882],[126.308203,34.8168085],[126.318691,34.8246065],[126.3303945,34.831124],[126.3430855,34.8362335],[126.356517,34.8398355],[126.3704265,34.84186],[126.3845425,34.8422665],[126.39859,34.841048],[126.412294,34.838228],[126.425387,34.833862],[126.4376145,34.828034],[126.448737,34.820859],[126.4585385,34.812476],[126.466828,34.803049],[126.4734445,34.792762],[126.4782595,34.7818155],[126.4811805,34.770422]]]]},"geometry_name":"ag_geom","properties":{"zone_type":"관제권","layer":"lt_c_aisctrc","name":"MOKPO CTLZ","upper":null,"lower":null,"color":"#c2185b","dist_km":194.0},"bbox":[126.280107,34.6754245,126.4821505,34.8422665]},{"type":"Feature","id":"lt_c_aisctrc.19","geometry":{"type":"MultiPolygon","coordinates":[[[[129.46054758,36.69350926],[129.45831087,36.69354812],[129.45607573,36.69362581],[129.45384319,36.69374231],[129.45161428,36.69389755],[129.44939004,36.69409147],[129.44717151,36.69432398],[129.44495971,36.69459496],[129.44275567,36.6949043],[129.44056043,36.69525184],[129.43837499,36.69563743],[129.43620037,36.69606088],[129.43403759,36.69652201],[129.43188765,36.69702059],[129.42975155,36.6975564],[129.42763028,36.69812918],[129.42552483,36.69873867],[129.42343617,36.69938459],[129.42136529,36.70006663],[129.41931313,36.70078448],[129.41728066,36.7015378],[129.41526883,36.70232625],[129.41327856,36.70314946],[129.41131078,36.70400705],[129.40936641,36.70489861],[129.40744635,36.70582373],[129.4055515,36.70678199],[129.40368274,36.70777293],[129.40184094,36.7087961],[129.40002695,36.70985102],[129.39824162,36.7109372],[129.39648579,36.71205413],[129.39476026,36.7132013],[129.39306585,36.71437817],[129.39140334,36.7155842],[129.38977351,36.71681882],[129.38817711,36.71808145],[129.38661489,36.71937153],[129.38508759,36.72068843],[129.3835959,36.72203155],[129.38214053,36.72340027],[129.38072216,36.72479394],[129.37934145,36.72621193],[129.37799904,36.72765356],[129.37669556,36.72911818],[129.37543162,36.73060509],[129.3742078,36.73211361],[129.37302469,36.73364303],[129.37188283,36.73519264],[129.37078275,36.73676173],[129.36972498,36.73834955],[129.36871001,36.73995538],[129.36773831,36.74157846],[129.36681033,36.74321803],[129.36592652,36.74487334],[129.36508728,36.74654362],[129.36429302,36.74822808],[129.3635441,36.74992595],[129.36284087,36.75163642],[129.36218367,36.75335871],[129.3615728,36.75509202],[129.36100855,36.75683553],[129.36049119,36.75858843],[129.36002097,36.76034991],[129.35959809,36.76211914],[129.35922278,36.76389531],[129.35889519,36.76567758],[129.3586155,36.76746512],[129.35838383,36.7692571],[129.35820029,36.77105269],[129.35806497,36.77285105],[129.35797795,36.77465134],[129.35793925,36.77645272],[129.35794892,36.77825435],[129.35800693,36.7800554],[129.35811328,36.78185501],[129.35826791,36.78365236],[129.35847075,36.78544661],[129.35872172,36.78723691],[129.3590207,36.78902243],[129.35936755,36.79080235],[129.35976212,36.79257582],[129.36020422,36.79434203],[129.36069366,36.79610015],[129.3612302,36.79784936],[129.3618136,36.79958884],[129.36244359,36.80131778],[129.36311988,36.80303537],[129.36384216,36.80474082],[129.36461009,36.80643333],[129.36542332,36.8081121],[129.36628147,36.80977636],[129.36718415,36.81142532],[129.36813093,36.81305822],[129.36912137,36.8146743],[129.37015502,36.8162728],[129.3712314,36.81785297],[129.37235001,36.81941408],[129.37351032,36.8209554],[129.3747118,36.8224762],[129.37595388,36.82397578],[129.377236,36.82545344],[129.37855756,36.82690849],[129.37991793,36.82834024],[129.38131649,36.82974803],[129.38275258,36.83113121],[129.38422554,36.83248911],[129.38573468,36.83382112],[129.38727929,36.83512661],[129.38885866,36.83640497],[129.39047206,36.8376556],[129.39211872,36.83887791],[129.39379788,36.84007134],[129.39550875,36.84123533],[129.39725055,36.84236933],[129.39902245,36.84347282],[129.40082364,36.84454527],[129.40265326,36.84558619],[129.40451046,36.84659509],[129.40639439,36.8475715],[129.40830415,36.84851497],[129.41023885,36.84942504],[129.4121976,36.8503013],[129.41417948,36.85114334],[129.41618356,36.85195076],[129.4182089,36.85272318],[129.42025457,36.85346025],[129.42231959,36.85416162],[129.42440302,36.85482696],[129.42650386,36.85545596],[129.42862116,36.85604833],[129.4307539,36.85660378],[129.4329011,36.85712207],[129.43506175,36.85760294],[129.43723484,36.85804618],[129.43941936,36.85845157],[129.44161428,36.85881892],[129.44381858,36.85914807],[129.44603123,36.85943886],[129.44825119,36.85969115],[129.45047742,36.85990483],[129.45270889,36.86007979],[129.45494455,36.86021596],[129.45718334,36.86031327],[129.45942424,36.86037167],[129.46166619,36.86039114],[129.46390813,36.86037167],[129.46614903,36.86031327],[129.46838783,36.86021596],[129.47062348,36.86007979],[129.47285495,36.85990483],[129.47508118,36.85969115],[129.47730114,36.85943886],[129.47951379,36.85914807],[129.48171809,36.85881892],[129.48391301,36.85845157],[129.48609753,36.85804618],[129.48827062,36.85760294],[129.49043127,36.85712207],[129.49257847,36.85660378],[129.49471122,36.85604833],[129.49682851,36.85545596],[129.49892935,36.85482696],[129.50101278,36.85416162],[129.5030778,36.85346025],[129.50512347,36.85272318],[129.50714881,36.85195076],[129.50915289,36.85114334],[129.51113477,36.8503013],[129.51309352,36.84942504],[129.51502822,36.84851497],[129.51693798,36.8475715],[129.51882191,36.84659509],[129.52067911,36.84558619],[129.52250873,36.84454527],[129.52430992,36.84347282],[129.52608182,36.84236933],[129.52782362,36.84123533],[129.52953449,36.84007134],[129.53121365,36.83887791],[129.53286032,36.8376556],[129.53447371,36.83640497],[129.53605308,36.83512661],[129.53759769,36.83382112],[129.53910683,36.83248911],[129.54057979,36.83113121],[129.54201589,36.82974803],[129.54341444,36.82834024],[129.54477482,36.82690849],[129.54609637,36.82545344],[129.54737849,36.82397578],[129.54862057,36.8224762],[129.54982205,36.8209554],[129.55098236,36.81941408],[129.55210097,36.81785297],[129.55317735,36.8162728],[129.554211,36.8146743],[129.55520144,36.81305822],[129.55614822,36.81142532],[129.5570509,36.80977636],[129.55790905,36.8081121],[129.55872228,36.80643333],[129.55949021,36.80474082],[129.56021249,36.80303537],[129.56088878,36.80131778],[129.56151877,36.79958884],[129.56210217,36.79784936],[129.56263872,36.79610015],[129.56312815,36.79434203],[129.56357025,36.79257582],[129.56396482,36.79080235],[129.56431167,36.78902243],[129.56461065,36.78723691],[129.56486162,36.78544661],[129.56506446,36.78365236],[129.56521909,36.78185501],[129.56532544,36.7800554],[129.56538345,36.77825435],[129.56539312,36.77645272],[129.56535442,36.77465134],[129.5652674,36.77285105],[129.56513208,36.77105269],[129.56494855,36.7692571],[129.56471687,36.76746512],[129.56443718,36.76567758],[129.5641096,36.76389531],[129.56373428,36.76211914],[129.56331141,36.76034991],[129.56284118,36.75858843],[129.56232382,36.75683553],[129.56175957,36.75509202],[129.56114871,36.75335871],[129.5604915,36.75163642],[129.55978827,36.74992595],[129.55903935,36.74822808],[129.55824509,36.74654362],[129.55740585,36.74487334],[129.55652204,36.74321803],[129.55559406,36.74157846],[129.55462236,36.73995538],[129.55360739,36.73834955],[129.55254962,36.73676173],[129.55144954,36.73519264],[129.55030768,36.73364303],[129.54912457,36.73211361],[129.54790076,36.73060509],[129.54663681,36.72911818],[129.54533333,36.72765356],[129.54399092,36.72621193],[129.54261021,36.72479394],[129.54119184,36.72340027],[129.53973647,36.72203155],[129.53824478,36.72068843],[129.53671748,36.71937153],[129.53515526,36.71808145],[129.53355887,36.71681882],[129.53192903,36.7155842],[129.53026652,36.71437817],[129.52857211,36.7132013],[129.52684658,36.71205413],[129.52509075,36.7109372],[129.52330542,36.70985102],[129.52149143,36.7087961],[129.51964963,36.70777293],[129.51778087,36.70678199],[129.51588602,36.70582373],[129.51396596,36.70489861],[129.51202159,36.70400705],[129.51005382,36.70314946],[129.50806355,36.70232625],[129.50605171,36.7015378],[129.50401924,36.70078448],[129.50196709,36.70006663],[129.4998962,36.69938459],[129.49780755,36.69873867],[129.49570209,36.69812918],[129.49358082,36.6975564],[129.49144472,36.69702059],[129.48929478,36.69652201],[129.487132,36.69606088],[129.48495738,36.69563743],[129.48277194,36.69525184],[129.4805767,36.6949043],[129.47837266,36.69459496],[129.47616086,36.69432398],[129.47394233,36.69409147],[129.47171809,36.69389755],[129.46948918,36.69374231],[129.46725664,36.69362581],[129.4650215,36.69354812],[129.4627848,36.69350926],[129.46054758,36.69350926]]]]},"geometry_name":"ag_geom","properties":{"zone_type":"관제권","layer":"lt_c_aisctrc","name":"ULJIN CTLZ","upper":null,"lower":null,"color":"#c2185b","dist_km":186.6},"bbox":[129.35793925,36.69350926,129.56539312,36.86039114]},{"type":"Feature","id":"lt_c_aisctrc.20","geometry":{"type":"MultiPolygon","coordinates":[[[[126.43916781,37.54593375],[126.44143012,37.54591428],[126.44369138,37.54585588],[126.44595051,37.54575858],[126.44820648,37.54562242],[126.45045822,37.54544747],[126.45270468,37.54523381],[126.45494481,37.54498154],[126.45717756,37.54469078],[126.45940188,37.54436166],[126.46161674,37.54399434],[126.4638211,37.54358899],[126.46601393,37.54314579],[126.46819421,37.54266496],[126.47036091,37.54214672],[126.47251302,37.54159132],[126.47464954,37.540999],[126.47676946,37.54037006],[126.4788718,37.53970478],[126.48095558,37.53900348],[126.48301981,37.53826648],[126.48506354,37.53749412],[126.48708581,37.53668678],[126.48908567,37.53584482],[126.4910622,37.53496864],[126.49301446,37.53405865],[126.49494154,37.53311527],[126.49684256,37.53213895],[126.49871661,37.53113014],[126.50056282,37.53008932],[126.50238034,37.52901697],[126.50416831,37.52791358],[126.50592589,37.52677969],[126.50765228,37.52561581],[126.50934666,37.5244225],[126.51100824,37.5232003],[126.51263625,37.52194979],[126.51422992,37.52067156],[126.51578853,37.5193662],[126.51731133,37.51803432],[126.51879762,37.51667654],[126.52024671,37.51529351],[126.52165792,37.51388585],[126.5230306,37.51245424],[126.52436411,37.51099934],[126.52565782,37.50952183],[126.52691113,37.5080224],[126.52812347,37.50650175],[126.52929426,37.50496059],[126.53042297,37.50339964],[126.53150906,37.50181963],[126.53255204,37.5002213],[126.53355142,37.49860539],[126.53450674,37.49697266],[126.53541755,37.49532387],[126.53628343,37.49365979],[126.53710398,37.49198119],[126.53787882,37.49028887],[126.53860759,37.4885836],[126.53928996,37.48686619],[126.5399256,37.48513743],[126.54051424,37.48339814],[126.54105558,37.48164913],[126.54154939,37.4798912],[126.54199544,37.47812519],[126.54239353,37.47635191],[126.54274346,37.4745722],[126.54304509,37.47278687],[126.54329827,37.47099677],[126.54350289,37.46920273],[126.54365886,37.46740559],[126.54376611,37.46560618],[126.54382459,37.46380534],[126.54383428,37.46200392],[126.54379517,37.46020275],[126.5437073,37.45840267],[126.5435707,37.45660452],[126.54338543,37.45480915],[126.5431516,37.45301737],[126.54286932,37.45123004],[126.54253871,37.44944799],[126.54215993,37.44767204],[126.54173317,37.44590302],[126.54125863,37.44414175],[126.54073653,37.44238906],[126.54016712,37.44064577],[126.53955067,37.43891268],[126.53888746,37.4371906],[126.53817781,37.43548034],[126.53742206,37.43378269],[126.53662055,37.43209844],[126.53577367,37.43042837],[126.53488181,37.42877327],[126.53394539,37.4271339],[126.53296485,37.42551103],[126.53194064,37.42390541],[126.53087326,37.42231779],[126.52976319,37.42074891],[126.52861095,37.41919949],[126.5274171,37.41767027],[126.52618217,37.41616195],[126.52490676,37.41467524],[126.52359145,37.41321081],[126.52223686,37.41176937],[126.52084363,37.41035157],[126.5194124,37.40895808],[126.51794384,37.40758955],[126.51643864,37.40624661],[126.51489749,37.40492988],[126.51332112,37.40363998],[126.51171027,37.40237751],[126.51006567,37.40114306],[126.50838811,37.3999372],[126.50667836,37.39876049],[126.50493721,37.39761348],[126.50316549,37.3964967],[126.50136401,37.39541067],[126.49953361,37.39435589],[126.49767514,37.39333287],[126.49578948,37.39234206],[126.49387749,37.39138394],[126.49194007,37.39045894],[126.48997812,37.38956751],[126.48799256,37.38871004],[126.48598429,37.38788695],[126.48395427,37.38709861],[126.48190343,37.38634539],[126.47983273,37.38562764],[126.47774313,37.38494569],[126.4756356,37.38429987],[126.47351113,37.38369046],[126.47137069,37.38311776],[126.46921529,37.38258203],[126.46704593,37.38208352],[126.46486361,37.38162246],[126.46266935,37.38119907],[126.46046417,37.38081353],[126.4582491,37.38046604],[126.45602516,37.38015675],[126.45379338,37.37988581],[126.45155481,37.37965333],[126.44931049,37.37945944],[126.44706145,37.37930422],[126.44480874,37.37918774],[126.44255342,37.37911006],[126.44029652,37.37907121],[126.43803909,37.37907121],[126.43578219,37.37911006],[126.43352687,37.37918774],[126.43127416,37.37930422],[126.42902512,37.37945944],[126.4267808,37.37965333],[126.42454223,37.37988581],[126.42231045,37.38015675],[126.42008651,37.38046604],[126.41787144,37.38081353],[126.41566626,37.38119907],[126.413472,37.38162246],[126.41128968,37.38208352],[126.40912032,37.38258203],[126.40696492,37.38311776],[126.40482448,37.38369046],[126.40270001,37.38429987],[126.40059248,37.38494569],[126.39850288,37.38562764],[126.39643218,37.38634539],[126.39438134,37.38709861],[126.39235132,37.38788695],[126.39034306,37.38871004],[126.38835749,37.38956751],[126.38639554,37.39045894],[126.38445812,37.39138394],[126.38254613,37.39234206],[126.38066047,37.39333287],[126.378802,37.39435589],[126.3769716,37.39541067],[126.37517012,37.3964967],[126.3733984,37.39761348],[126.37165725,37.39876049],[126.3699475,37.3999372],[126.36826994,37.40114306],[126.36662534,37.40237751],[126.36501449,37.40363998],[126.36343812,37.40492988],[126.36189698,37.40624661],[126.36039177,37.40758955],[126.35892321,37.40895808],[126.35749198,37.41035157],[126.35609875,37.41176937],[126.35474416,37.41321081],[126.35342885,37.41467524],[126.35215344,37.41616195],[126.35091851,37.41767027],[126.34972466,37.41919949],[126.34857242,37.42074891],[126.34746235,37.42231779],[126.34639497,37.42390541],[126.34537076,37.42551103],[126.34439022,37.4271339],[126.3434538,37.42877327],[126.34256194,37.43042837],[126.34171506,37.43209844],[126.34091355,37.43378269],[126.3401578,37.43548034],[126.33944815,37.4371906],[126.33878495,37.43891268],[126.33816849,37.44064577],[126.33759908,37.44238906],[126.33707698,37.44414175],[126.33660244,37.44590302],[126.33617568,37.44767204],[126.3357969,37.44944799],[126.33546629,37.45123004],[126.33518401,37.45301737],[126.33495018,37.45480915],[126.33476491,37.45660452],[126.33462831,37.45840267],[126.33454044,37.46020275],[126.33450133,37.46200392],[126.33451102,37.46380534],[126.3345695,37.46560618],[126.33467675,37.46740559],[126.33483272,37.46920273],[126.33503734,37.47099677],[126.33529052,37.47278687],[126.33559215,37.4745722],[126.33594208,37.47635191],[126.33634017,37.47812519],[126.33678622,37.4798912],[126.33728003,37.48164913],[126.33782138,37.48339814],[126.33841001,37.48513743],[126.33904565,37.48686619],[126.33972802,37.4885836],[126.34045679,37.49028887],[126.34123163,37.49198119],[126.34205218,37.49365979],[126.34291806,37.49532387],[126.34382887,37.49697266],[126.34478419,37.49860539],[126.34578357,37.5002213],[126.34682655,37.50181963],[126.34791264,37.50339964],[126.34904135,37.50496059],[126.35021214,37.50650175],[126.35142448,37.5080224],[126.35267779,37.50952183],[126.3539715,37.51099934],[126.35530501,37.51245424],[126.35667769,37.51388585],[126.3580889,37.51529351],[126.35953799,37.51667654],[126.36102428,37.51803432],[126.36254708,37.5193662],[126.36410569,37.52067156],[126.36569937,37.52194979],[126.36732737,37.5232003],[126.36898895,37.5244225],[126.37068333,37.52561581],[126.37240972,37.52677969],[126.3741673,37.52791358],[126.37595527,37.52901697],[126.37777279,37.53008932],[126.379619,37.53113014],[126.38149305,37.53213895],[126.38339407,37.53311527],[126.38532115,37.53405865],[126.38727342,37.53496864],[126.38924994,37.53584482],[126.3912498,37.53668678],[126.39327207,37.53749412],[126.3953158,37.53826648],[126.39738003,37.53900348],[126.39946381,37.53970478],[126.40156615,37.54037006],[126.40368607,37.540999],[126.40582259,37.54159132],[126.4079747,37.54214672],[126.4101414,37.54266496],[126.41232168,37.54314579],[126.41451451,37.54358899],[126.41671887,37.54399434],[126.41893373,37.54436166],[126.42115806,37.54469078],[126.4233908,37.54498154],[126.42563093,37.54523381],[126.42787739,37.54544747],[126.43012913,37.54562242],[126.4323851,37.54575858],[126.43464424,37.54585588],[126.43690549,37.54591428],[126.43916781,37.54593375]]]]},"geometry_name":"ag_geom","properties":{"zone_type":"관제권","layer":"lt_c_aisctrc","name":"INCHEON","upper":null,"lower":null,"color":"#c2185b","dist_km":309.24},"bbox":[126.33450133,37.37907121,126.54383428,37.54593375]},{"type":"Feature","id":"lt_c_aisctrc.21","geometry":{"type":"MultiPolygon","coordinates":[[[[126.79789168,37.64037499],[126.80015669,37.64034878],[126.80242045,37.64028366],[126.80468192,37.64017963],[126.80694002,37.64003677],[126.80919371,37.63985513],[126.81144193,37.63963479],[126.81368362,37.63937586],[126.81591775,37.63907847],[126.81814326,37.63874274],[126.82035912,37.63836884],[126.82256429,37.63795695],[126.82475773,37.63750724],[126.82693843,37.63701995],[126.82910535,37.63649528],[126.8312575,37.6359335],[126.83339386,37.63533485],[126.83551343,37.63469963],[126.83761523,37.63402812],[126.83969827,37.63332065],[126.84176158,37.63257754],[126.84380418,37.63179913],[126.84582514,37.63098581],[126.8478235,37.63013793],[126.84979834,37.62925591],[126.85174872,37.62834015],[126.85367374,37.62739109],[126.8555725,37.62640915],[126.85744411,37.62539481],[126.8592877,37.62434855],[126.8611024,37.62327083],[126.86288738,37.62216218],[126.8646418,37.62102311],[126.86636483,37.61985415],[126.86805568,37.61865584],[126.86971356,37.61742876],[126.87133769,37.61617346],[126.87292731,37.61489055],[126.8744817,37.61358061],[126.87600011,37.61224426],[126.87748184,37.61088212],[126.87892621,37.60949484],[126.88033254,37.60808305],[126.88170018,37.60664742],[126.88302848,37.60518862],[126.88431684,37.60370733],[126.88556464,37.60220424],[126.88677132,37.60068005],[126.88793631,37.59913548],[126.88905907,37.59757125],[126.89013907,37.59598808],[126.89117582,37.59438672],[126.89216884,37.59276791],[126.89311766,37.59113241],[126.89402184,37.58948099],[126.89488096,37.58781441],[126.89569464,37.58613345],[126.89646248,37.5844389],[126.89718414,37.58273154],[126.89785927,37.58101218],[126.89848758,37.57928162],[126.89906877,37.57754066],[126.89960257,37.57579011],[126.90008873,37.5740308],[126.90052703,37.57226354],[126.90091728,37.57048916],[126.90125929,37.56870849],[126.90155291,37.56692235],[126.901798,37.56513158],[126.90199445,37.56333702],[126.90214217,37.56153949],[126.9022411,37.55973985],[126.9022912,37.55793892],[126.90229245,37.55613756],[126.90224484,37.55433659],[126.90214841,37.55253686],[126.90200321,37.5507392],[126.90180929,37.54894446],[126.90156677,37.54715347],[126.90127575,37.54536706],[126.90093637,37.54358607],[126.9005488,37.54181133],[126.90011322,37.54004366],[126.89962984,37.53828389],[126.89909888,37.53653284],[126.89852059,37.53479133],[126.89789525,37.53306015],[126.89722316,37.53134013],[126.89650462,37.52963206],[126.89573998,37.52793674],[126.89492959,37.52625495],[126.89407384,37.52458748],[126.89317313,37.52293511],[126.89222787,37.52129861],[126.89123852,37.51967873],[126.89020553,37.51807624],[126.8891294,37.51649187],[126.88801061,37.51492636],[126.88684971,37.51338046],[126.88564722,37.51185486],[126.88440371,37.51035029],[126.88311977,37.50886743],[126.88179598,37.507407],[126.88043298,37.50596965],[126.87903139,37.50455607],[126.87759188,37.50316691],[126.87611511,37.50180281],[126.87460177,37.50046441],[126.87305256,37.49915233],[126.87146822,37.49786719],[126.86984947,37.49660957],[126.86819708,37.49538007],[126.86651181,37.49417926],[126.86479445,37.4930077],[126.8630458,37.49186592],[126.86126667,37.49075447],[126.85945789,37.48967385],[126.85762031,37.48862458],[126.85575477,37.48760713],[126.85386216,37.48662198],[126.85194334,37.4856696],[126.84999921,37.48475041],[126.84803068,37.48386486],[126.84603866,37.48301335],[126.84402408,37.48219627],[126.84198788,37.48141401],[126.839931,37.48066693],[126.83785439,37.47995538],[126.83575904,37.47927969],[126.8336459,37.47864017],[126.83151596,37.47803711],[126.82937022,37.47747081],[126.82720967,37.47694152],[126.82503531,37.47644949],[126.82284815,37.47599495],[126.82064922,37.47557811],[126.81843953,37.47519916],[126.81622011,37.47485828],[126.81399199,37.47455562],[126.81175621,37.47429133],[126.8095138,37.47406554],[126.80726581,37.47387834],[126.80501329,37.47372982],[126.80275727,37.47362005],[126.80049881,37.47354909],[126.79823895,37.47351696],[126.79597876,37.47352368],[126.79371927,37.47356925],[126.79146153,37.47365364],[126.78920661,37.47377682],[126.78695553,37.47393873],[126.78470936,37.4741393],[126.78246912,37.47437842],[126.78023588,37.474656],[126.77801065,37.4749719],[126.77579448,37.47532597],[126.77358839,37.47571805],[126.77139342,37.47614796],[126.76921058,37.47661549],[126.76704088,37.47712044],[126.76488534,37.47766257],[126.76274495,37.47824161],[126.76062072,37.47885731],[126.75851362,37.47950938],[126.75642464,37.48019752],[126.75435475,37.4809214],[126.75230492,37.48168069],[126.75027609,37.48247504],[126.74826921,37.48330407],[126.74628521,37.48416741],[126.74432502,37.48506465],[126.74238955,37.48599537],[126.7404797,37.48695914],[126.73859635,37.48795551],[126.73674039,37.48898402],[126.73491267,37.4900442],[126.73311406,37.49113554],[126.73134538,37.49225754],[126.72960747,37.49340969],[126.72790112,37.49459143],[126.72622713,37.49580223],[126.7245863,37.49704152],[126.72297937,37.49830873],[126.7214071,37.49960326],[126.71987023,37.50092451],[126.71836946,37.50227187],[126.7169055,37.50364472],[126.71547903,37.5050424],[126.71409072,37.50646428],[126.71274122,37.50790969],[126.71143115,37.50937796],[126.71016113,37.51086841],[126.70893175,37.51238033],[126.70774358,37.51391304],[126.70659719,37.51546581],[126.7054931,37.51703792],[126.70443183,37.51862864],[126.70341389,37.52023724],[126.70243974,37.52186295],[126.70150985,37.52350503],[126.70062465,37.52516271],[126.69978455,37.52683522],[126.69898995,37.52852178],[126.69824121,37.5302216],[126.69753871,37.5319339],[126.69688275,37.53365787],[126.69627366,37.53539271],[126.69571172,37.53713762],[126.69519719,37.53889178],[126.69473032,37.54065437],[126.69431133,37.54242458],[126.69394041,37.54420158],[126.69361775,37.54598453],[126.69334349,37.54777262],[126.69311778,37.549565],[126.6929407,37.55136085],[126.69281237,37.55315932],[126.69273282,37.55495957],[126.69270212,37.55676077],[126.69272026,37.55856208],[126.69278726,37.56036266],[126.69290308,37.56216166],[126.69306767,37.56395826],[126.69328096,37.5657516],[126.69354285,37.56754086],[126.69385323,37.56932521],[126.69421194,37.5711038],[126.69461884,37.57287581],[126.69507373,37.57464041],[126.6955764,37.57639678],[126.69612662,37.5781441],[126.69672414,37.57988155],[126.69736868,37.58160833],[126.69805995,37.58332363],[126.69879762,37.58502665],[126.69958136,37.58671658],[126.70041081,37.58839266],[126.70128556,37.59005408],[126.70220524,37.59170008],[126.7031694,37.59332989],[126.7041776,37.59494275],[126.70522937,37.5965379],[126.70632422,37.5981146],[126.70746165,37.59967211],[126.70864112,37.60120971],[126.70986209,37.60272668],[126.71112399,37.60422231],[126.71242624,37.6056959],[126.71376822,37.60714676],[126.71514932,37.60857421],[126.71656888,37.6099776],[126.71802625,37.61135625],[126.71952076,37.61270954],[126.72105169,37.61403682],[126.72261835,37.61533748],[126.72422,37.61661091],[126.72585589,37.61785651],[126.72752526,37.6190737],[126.72922734,37.62026191],[126.73096132,37.6214206],[126.7327264,37.6225492],[126.73452176,37.62364721],[126.73634655,37.6247141],[126.73819994,37.62574938],[126.74008104,37.62675256],[126.74198898,37.62772317],[126.74392288,37.62866076],[126.74588182,37.6295649],[126.7478649,37.63043515],[126.74987119,37.63127112],[126.75189974,37.6320724],[126.75394962,37.63283864],[126.75601986,37.63356946],[126.7581095,37.63426452],[126.76021756,37.63492351],[126.76234305,37.63554611],[126.76448499,37.63613204],[126.76664236,37.63668101],[126.76881417,37.63719277],[126.77099939,37.63766709],[126.77319701,37.63810373],[126.77540599,37.6385025],[126.7776253,37.63886322],[126.77985391,37.6391857],[126.78209078,37.6394698],[126.78433485,37.63971539],[126.78658508,37.63992235],[126.78884041,37.64009059],[126.7910998,37.64022002],[126.79336218,37.64031059],[126.79562649,37.64036225],[126.79789168,37.64037499]]]]},"geometry_name":"ag_geom","properties":{"zone_type":"관제권","layer":"lt_c_aisctrc","name":"GIMPO","upper":null,"lower":null,"color":"#c2185b","dist_km":299.65},"bbox":[126.69270212,37.47351696,126.90229245,37.64037499]},{"type":"Feature","id":"lt_c_aisctrc.22","geometry":{"type":"MultiPolygon","coordinates":[[[[126.49269949,33.59568503],[126.49485056,33.59566457],[126.49700059,33.59560521],[126.49914859,33.59550698],[126.50129355,33.59536991],[126.50343447,33.59519409],[126.50557033,33.59497958],[126.50770016,33.59472649],[126.50982294,33.59443494],[126.51193768,33.59410506],[126.51404341,33.59373701],[126.51613913,33.59333096],[126.51822386,33.5928871],[126.52029663,33.59240564],[126.52235646,33.5918868],[126.52440241,33.59133083],[126.52643351,33.59073798],[126.5284488,33.59010854],[126.53044736,33.58944279],[126.53242824,33.58874105],[126.53439051,33.58800365],[126.53633327,33.58723093],[126.53825561,33.58642325],[126.54015662,33.585581],[126.54203542,33.58470456],[126.54389113,33.58379434],[126.54572289,33.58285077],[126.54752983,33.58187429],[126.54931112,33.58086536],[126.55106593,33.57982446],[126.55279342,33.57875205],[126.55449281,33.57764866],[126.55616329,33.57651478],[126.55780409,33.57535096],[126.55941444,33.57415774],[126.56099358,33.57293567],[126.56254079,33.57168533],[126.56405535,33.57040729],[126.56553653,33.56910217],[126.56698366,33.56777056],[126.56839607,33.56641309],[126.56977308,33.5650304],[126.57111407,33.56362312],[126.5724184,33.56219193],[126.57368548,33.56073747],[126.5749147,33.55926045],[126.5761055,33.55776154],[126.57725733,33.55624144],[126.57836965,33.55470087],[126.57944193,33.55314054],[126.58047369,33.55156119],[126.58146445,33.54996355],[126.58241374,33.54834836],[126.58332112,33.54671638],[126.58418617,33.54506838],[126.5850085,33.54340512],[126.58578771,33.54172738],[126.58652346,33.54003594],[126.58721539,33.53833159],[126.5878632,33.53661513],[126.58846657,33.53488735],[126.58902523,33.53314907],[126.58953893,33.53140109],[126.59000742,33.52964424],[126.59043049,33.52787932],[126.59080796,33.52610717],[126.59113963,33.5243286],[126.59142536,33.52254446],[126.59166503,33.52075557],[126.59185852,33.51896276],[126.59200575,33.51716688],[126.59210665,33.51536875],[126.59216117,33.51356923],[126.5921693,33.51176913],[126.59213104,33.50996932],[126.59204639,33.50817062],[126.59191542,33.50637387],[126.59173818,33.50457992],[126.59151475,33.50278959],[126.59124526,33.50100372],[126.59092981,33.49922314],[126.59056857,33.49744869],[126.5901617,33.49568119],[126.5897094,33.49392146],[126.58921188,33.49217032],[126.58866938,33.49042859],[126.58808215,33.48869709],[126.58745047,33.4869766],[126.58677463,33.48526795],[126.58605496,33.48357192],[126.58529179,33.4818893],[126.58448547,33.48022088],[126.5836364,33.47856743],[126.58274496,33.47692973],[126.58181157,33.47530853],[126.58083667,33.47370459],[126.57982072,33.47211865],[126.57876419,33.47055146],[126.57766758,33.46900375],[126.5765314,33.46747623],[126.57535617,33.46596961],[126.57414246,33.46448461],[126.57289081,33.46302189],[126.57160183,33.46158216],[126.57027612,33.46016607],[126.56891428,33.45877429],[126.56751696,33.45740747],[126.56608481,33.45606623],[126.56461849,33.45475121],[126.5631187,33.45346301],[126.56158612,33.45220223],[126.56002148,33.45096947],[126.5584255,33.44976529],[126.55679892,33.44859025],[126.55514252,33.4474449],[126.55345704,33.44632978],[126.55174329,33.44524539],[126.55000206,33.44419226],[126.54823415,33.44317085],[126.5464404,33.44218165],[126.54462164,33.44122513],[126.54277871,33.44030172],[126.54091248,33.43941185],[126.5390238,33.43855594],[126.53711356,33.43773438],[126.53518265,33.43694756],[126.53323197,33.43619584],[126.53126242,33.43547957],[126.52927492,33.43479909],[126.52727039,33.43415471],[126.52524976,33.43354672],[126.52321399,33.43297542],[126.521164,33.43244107],[126.51910076,33.43194391],[126.51702523,33.43148419],[126.51493836,33.4310621],[126.51284113,33.43067784],[126.51073451,33.43033161],[126.50861949,33.43002355],[126.50649704,33.42975381],[126.50436816,33.42952252],[126.50223382,33.42932977],[126.50009503,33.42917567],[126.49795278,33.42906028],[126.49580806,33.42898366],[126.49366187,33.42894585],[126.4915152,33.42894685],[126.48936907,33.42898667],[126.48722445,33.42906529],[126.48508235,33.42918268],[126.48294377,33.42933878],[126.48080969,33.42953352],[126.47868111,33.4297668],[126.47655902,33.43003852],[126.47444441,33.43034855],[126.47233826,33.43069676],[126.47024154,33.43108297],[126.46815523,33.431507],[126.4660803,33.43196867],[126.46401772,33.43246775],[126.46196845,33.43300402],[126.45993343,33.43357722],[126.45791362,33.43418709],[126.45590995,33.43483334],[126.45392335,33.43551568],[126.45195475,33.43623379],[126.45000506,33.43698733],[126.4480752,33.43777595],[126.44616605,33.43859929],[126.44427851,33.43945697],[126.44241346,33.44034858],[126.44057176,33.44127371],[126.43875427,33.44223193],[126.43696183,33.4432228],[126.43519528,33.44424586],[126.43345545,33.44530062],[126.43174314,33.44638661],[126.43005915,33.44750331],[126.42840426,33.4486502],[126.42677925,33.44982675],[126.42518487,33.45103242],[126.42362186,33.45226665],[126.42209096,33.45352885],[126.42059288,33.45481845],[126.41912831,33.45613485],[126.41769794,33.45747742],[126.41630243,33.45884555],[126.41494245,33.4602386],[126.41361861,33.46165592],[126.41233155,33.46309686],[126.41108185,33.46456074],[126.40987011,33.46604688],[126.40869689,33.46755459],[126.40756273,33.46908317],[126.40646817,33.47063191],[126.40541373,33.47220008],[126.40439989,33.47378697],[126.40342712,33.47539182],[126.40249589,33.47701389],[126.40160663,33.47865242],[126.40075975,33.48030666],[126.39995565,33.48197584],[126.39919472,33.48365917],[126.3984773,33.48535587],[126.39780374,33.48706515],[126.39717434,33.48878622],[126.39658942,33.49051828],[126.39604923,33.49226051],[126.39555404,33.49401211],[126.39510408,33.49577226],[126.39469957,33.49754014],[126.39434069,33.49931493],[126.39402761,33.5010958],[126.39376049,33.50288192],[126.39353944,33.50467246],[126.39336459,33.50646658],[126.39323601,33.50826345],[126.39315376,33.51006223],[126.39311789,33.51186208],[126.39312841,33.51366216],[126.39318533,33.51546163],[126.39328862,33.51725966],[126.39343824,33.51905541],[126.39363412,33.52084803],[126.39387617,33.5226367],[126.39416428,33.52442058],[126.39449832,33.52619883],[126.39487814,33.52797063],[126.39530356,33.52973515],[126.39577439,33.53149157],[126.39629042,33.53323907],[126.3968514,33.53497682],[126.39745707,33.53670403],[126.39810716,33.53841989],[126.39880136,33.54012359],[126.39953936,33.54181435],[126.40032081,33.54349136],[126.40114535,33.54515385],[126.4020126,33.54680104],[126.40292216,33.54843217],[126.4038736,33.55004647],[126.40486648,33.55164318],[126.40590035,33.55322157],[126.40697471,33.5547809],[126.40808908,33.55632043],[126.40924293,33.55783945],[126.41043573,33.55933725],[126.41166692,33.56081313],[126.41293594,33.56226639],[126.41424218,33.56369637],[126.41558504,33.5651024],[126.4169639,33.5664838],[126.41837811,33.56783995],[126.41982702,33.56917021],[126.42130995,33.57047395],[126.4228262,33.57175057],[126.42437508,33.57299946],[126.42595585,33.57422006],[126.42756779,33.57541178],[126.42921014,33.57657406],[126.43088213,33.57770638],[126.43258299,33.57880818],[126.43431192,33.57987897],[126.43606811,33.58091824],[126.43785074,33.58192551],[126.43965899,33.5829003],[126.441492,33.58384215],[126.44334893,33.58475064],[126.4452289,33.58562532],[126.44713103,33.5864658],[126.44905444,33.58727169],[126.45099823,33.58804259],[126.4529615,33.58877816],[126.45494331,33.58947805],[126.45694275,33.59014193],[126.45895889,33.59076949],[126.46099077,33.59136044],[126.46303746,33.5919145],[126.46509799,33.59243142],[126.4671714,33.59291094],[126.46925672,33.59335286],[126.47135298,33.59375695],[126.47345919,33.59412303],[126.47557438,33.59445093],[126.47769755,33.5947405],[126.47982771,33.5949916],[126.48196386,33.59520411],[126.48410501,33.59537794],[126.48625015,33.595513],[126.48839827,33.59560923],[126.49054839,33.59566658],[126.49269949,33.59568503]]]]},"geometry_name":"ag_geom","properties":{"zone_type":"관제권","layer":"lt_c_aisctrc","name":"JEJU","upper":null,"lower":null,"color":"#c2185b","dist_km":254.8},"bbox":[126.39311789,33.42894585,126.5921693,33.59568503]},{"type":"Feature","id":"lt_c_aisctrc.23","geometry":{"type":"MultiPolygon","coordinates":[[[[128.94070528,35.26397617],[128.94290062,35.26390973],[128.94509369,35.26380439],[128.94728348,35.2636602],[128.94946894,35.26347723],[128.95164907,35.26325556],[128.95382284,35.26299529],[128.95598924,35.26269655],[128.95814725,35.26235948],[128.96029586,35.26198424],[128.96243408,35.26157099],[128.96456089,35.26111994],[128.9666753,35.26063128],[128.96877634,35.26010527],[128.97086301,35.25954213],[128.97293433,35.25894214],[128.97498935,35.25830557],[128.97702709,35.25763272],[128.97904662,35.2569239],[128.98104698,35.25617945],[128.98302723,35.25539972],[128.98498646,35.25458506],[128.98692376,35.25373587],[128.9888382,35.25285253],[128.9907289,35.25193547],[128.99259498,35.2509851],[128.99443556,35.25000188],[128.99624979,35.24898626],[128.99803682,35.24793871],[128.99979581,35.24685974],[129.00152594,35.24574984],[129.00322642,35.24460953],[129.00489643,35.24343934],[129.00653521,35.24223982],[129.00814199,35.24101154],[129.00971601,35.23975506],[129.01125656,35.23847097],[129.0127629,35.23715988],[129.01423434,35.23582239],[129.01567019,35.23445913],[129.01706977,35.23307073],[129.01843245,35.23165786],[129.01975759,35.23022116],[129.02104456,35.2287613],[129.02229277,35.22727898],[129.02350164,35.22577487],[129.02467061,35.22424969],[129.02579913,35.22270415],[129.02688668,35.22113896],[129.02793275,35.21955487],[129.02893686,35.2179526],[129.02989854,35.2163329],[129.03081734,35.21469654],[129.03169285,35.21304428],[129.03252464,35.21137688],[129.03331235,35.20969513],[129.03405559,35.20799981],[129.03475404,35.20629171],[129.03540736,35.20457164],[129.03601525,35.20284038],[129.03657744,35.20109875],[129.03709366,35.19934757],[129.03756368,35.19758765],[129.03798728,35.1958198],[129.03836426,35.19404487],[129.03869446,35.19226366],[129.03897772,35.19047702],[129.03921391,35.18868578],[129.03940293,35.18689077],[129.0395447,35.18509282],[129.03963914,35.18329279],[129.03968622,35.18149151],[129.03968592,35.17968981],[129.03963824,35.17788854],[129.03954321,35.17608853],[129.03940088,35.17429063],[129.03921132,35.17249567],[129.03897461,35.1707045],[129.03869087,35.16891794],[129.03836024,35.16713682],[129.03798287,35.16536199],[129.03755895,35.16359425],[129.03708867,35.16183445],[129.03657226,35.16008339],[129.03600995,35.1583419],[129.03540202,35.15661078],[129.03474876,35.15489084],[129.03405045,35.15318288],[129.03330745,35.1514877],[129.03252009,35.14980609],[129.03168875,35.14813882],[129.03081381,35.14648669],[129.02989568,35.14485044],[129.0289348,35.14323086],[129.02793162,35.14162868],[129.0268866,35.14004466],[129.02580023,35.13847953],[129.02467303,35.13693402],[129.02350551,35.13540886],[129.02229823,35.13390474],[129.02105174,35.13242238],[129.01976664,35.13096246],[129.01844352,35.12952565],[129.01708299,35.12811264],[129.0156857,35.12672407],[129.0142523,35.12536059],[129.01278345,35.12402284],[129.01127983,35.12271144],[129.00974216,35.12142699],[129.00817115,35.1201701],[129.00656753,35.11894135],[129.00493204,35.11774131],[129.00326545,35.11657054],[129.00156854,35.11542958],[128.99984209,35.11431897],[128.99808692,35.11323921],[128.99630383,35.11219082],[128.99449366,35.11117428],[128.99265725,35.11019006],[128.99079545,35.10923862],[128.98890913,35.10832041],[128.98699918,35.10743584],[128.98506647,35.10658534],[128.98311191,35.10576929],[128.9811364,35.10498807],[128.97914087,35.10424206],[128.97712625,35.10353158],[128.97509346,35.10285698],[128.97304346,35.10221858],[128.9709772,35.10161665],[128.96889563,35.10105149],[128.96679974,35.10052336],[128.96469048,35.1000325],[128.96256885,35.09957914],[128.96043583,35.09916349],[128.9582924,35.09878575],[128.95613957,35.09844609],[128.95397834,35.09814467],[128.95180971,35.09788162],[128.94963468,35.09765708],[128.94745428,35.09747114],[128.94526951,35.09732389],[128.94308138,35.0972154],[128.94089092,35.09714572],[128.93869914,35.09711488],[128.93650707,35.0971229],[128.93431571,35.09716977],[128.93212609,35.09725547],[128.92993923,35.09737997],[128.92775614,35.09754319],[128.92557783,35.09774508],[128.92340532,35.09798553],[128.92123962,35.09826443],[128.91908174,35.09858165],[128.91693267,35.09893705],[128.91479342,35.09933046],[128.91266497,35.09976169],[128.91054833,35.10023055],[128.90844447,35.10073683],[128.90635437,35.10128027],[128.90427901,35.10186064],[128.90221934,35.10247765],[128.90017633,35.10313104],[128.89815093,35.10382048],[128.89614407,35.10454566],[128.8941567,35.10530625],[128.89218972,35.10610189],[128.89024407,35.1069322],[128.88832065,35.10779682],[128.88642034,35.10869532],[128.88454404,35.1096273],[128.88269262,35.11059232],[128.88086694,35.11158993],[128.87906784,35.11261968],[128.87729617,35.11368107],[128.87555276,35.11477362],[128.8738384,35.11589682],[128.87215391,35.11705015],[128.87050007,35.11823306],[128.86887764,35.11944502],[128.86728739,35.12068545],[128.86573005,35.12195379],[128.86420635,35.12324943],[128.862717,35.12457179],[128.8612627,35.12592023],[128.85984412,35.12729414],[128.85846192,35.12869288],[128.85711676,35.13011579],[128.85580926,35.13156221],[128.85454002,35.13303148],[128.85330965,35.1345229],[128.85211871,35.13603579],[128.85096777,35.13756943],[128.84985735,35.13912312],[128.84878799,35.14069613],[128.84776018,35.14228774],[128.8467744,35.14389719],[128.84583111,35.14552374],[128.84493076,35.14716664],[128.84407376,35.14882511],[128.84326053,35.15049839],[128.84249143,35.15218569],[128.84176683,35.15388624],[128.84108708,35.15559924],[128.84045249,35.15732389],[128.83986335,35.15905939],[128.83931996,35.16080492],[128.83882255,35.16255969],[128.83837138,35.16432286],[128.83796665,35.16609362],[128.83760855,35.16787115],[128.83729725,35.16965461],[128.83703291,35.17144317],[128.83681565,35.17323601],[128.83664556,35.17503228],[128.83652274,35.17683115],[128.83644725,35.17863178],[128.83641913,35.18043332],[128.83643838,35.18223495],[128.83650501,35.18403582],[128.83661898,35.18583509],[128.83678026,35.18763192],[128.83698876,35.18942548],[128.83724439,35.19121492],[128.83754703,35.19299942],[128.83789656,35.19477813],[128.8382928,35.19655024],[128.83873558,35.19831492],[128.83922469,35.20007133],[128.83975991,35.20181867],[128.84034099,35.20355611],[128.84096767,35.20528285],[128.84163965,35.20699808],[128.84235662,35.208701],[128.84311825,35.21039081],[128.8439242,35.21206673],[128.84477407,35.21372798],[128.8456675,35.21537377],[128.84660404,35.21700334],[128.84758329,35.21861594],[128.84860477,35.2202108],[128.84966801,35.22178718],[128.85077253,35.22334434],[128.85191781,35.22488157],[128.85310331,35.22639814],[128.85432848,35.22789334],[128.85559276,35.22936647],[128.85689555,35.23081685],[128.85823625,35.2322438],[128.85961424,35.23364665],[128.86102887,35.23502475],[128.86247948,35.23637745],[128.8639654,35.23770412],[128.86548594,35.23900415],[128.86704039,35.24027691],[128.86862802,35.24152183],[128.87024809,35.24273831],[128.87189985,35.24392579],[128.87358253,35.24508371],[128.87529534,35.24621154],[128.87703748,35.24730874],[128.87880814,35.24837481],[128.88060649,35.24940923],[128.8824317,35.25041154],[128.8842829,35.25138126],[128.88615925,35.25231794],[128.88805985,35.25322114],[128.88998383,35.25409044],[128.89193028,35.25492542],[128.8938983,35.25572571],[128.89588696,35.25649093],[128.89789534,35.25722072],[128.8999225,35.25791473],[128.90196749,35.25857265],[128.90402935,35.25919416],[128.90610712,35.25977898],[128.90819984,35.26032683],[128.91030651,35.26083746],[128.91242616,35.26131062],[128.9145578,35.2617461],[128.91670042,35.26214369],[128.91885303,35.2625032],[128.92101463,35.26282447],[128.92318419,35.26310735],[128.92536071,35.26335171],[128.92754316,35.26355742],[128.92973053,35.2637244],[128.9319218,35.26385257],[128.93411593,35.26394186],[128.93631191,35.26399224],[128.9385087,35.26400368],[128.94070528,35.26397617]]]]},"geometry_name":"ag_geom","properties":{"zone_type":"관제권","layer":"lt_c_aisctrc","name":"GIMHAE","upper":null,"lower":null,"color":"#c2185b","dist_km":25.71},"bbox":[128.83641913,35.09711488,129.03968622,35.26400368]},{"type":"Feature","id":"lt_c_aisctrc.24","geometry":{"type":"MultiPolygon","coordinates":[[[[127.50031303,36.79983762],[127.50255306,36.79979822],[127.5047915,36.7997199],[127.50702731,36.79960268],[127.50925945,36.79944663],[127.51148687,36.79925181],[127.51370852,36.79901833],[127.51592338,36.79874628],[127.51813039,36.79843581],[127.52032854,36.79808704],[127.52251679,36.79770014],[127.52469411,36.7972753],[127.5268595,36.79681272],[127.52901194,36.7963126],[127.53115042,36.79577519],[127.53327395,36.79520073],[127.53538152,36.7945895],[127.53747216,36.79394178],[127.53954488,36.79325787],[127.54159873,36.79253809],[127.54363273,36.79178278],[127.54564594,36.79099229],[127.54763743,36.790167],[127.54960624,36.78930728],[127.55155148,36.78841354],[127.55347222,36.7874862],[127.55536758,36.7865257],[127.55723667,36.78553247],[127.5590786,36.78450698],[127.56089254,36.78344972],[127.56267762,36.78236118],[127.56443302,36.78124186],[127.56615791,36.7800923],[127.56785149,36.77891302],[127.56951297,36.77770458],[127.57114158,36.77646754],[127.57273656,36.77520248],[127.57429716,36.77391],[127.57582265,36.77259069],[127.57731233,36.77124518],[127.5787655,36.76987409],[127.58018148,36.76847805],[127.58155962,36.76705774],[127.58289927,36.7656138],[127.58419981,36.76414691],[127.58546063,36.76265776],[127.58668115,36.76114704],[127.5878608,36.75961546],[127.58899903,36.75806373],[127.59009532,36.75649259],[127.59114914,36.75490275],[127.59216003,36.75329497],[127.59312749,36.75166999],[127.59405109,36.75002858],[127.5949304,36.74837149],[127.59576501,36.74669951],[127.59655453,36.74501341],[127.5972986,36.74331398],[127.59799688,36.74160202],[127.59864903,36.73987832],[127.59925477,36.73814368],[127.5998138,36.73639892],[127.60032588,36.73464486],[127.60079077,36.7328823],[127.60120825,36.73111207],[127.60157813,36.72933499],[127.60190024,36.72755191],[127.60217444,36.72576364],[127.60240061,36.72397102],[127.60257863,36.72217489],[127.60270843,36.72037608],[127.60278996,36.71857544],[127.60282317,36.7167738],[127.60280806,36.714972],[127.60274464,36.71317088],[127.60263293,36.71137129],[127.60247301,36.70957406],[127.60226493,36.70778003],[127.60200881,36.70599003],[127.60170477,36.7042049],[127.60135294,36.70242547],[127.60095351,36.70065257],[127.60050665,36.69888703],[127.60001258,36.69712967],[127.59947154,36.6953813],[127.59888378,36.69364275],[127.59824957,36.69191482],[127.59756921,36.69019831],[127.59684303,36.68849403],[127.59607136,36.68680277],[127.59525457,36.68512531],[127.59439305,36.68346244],[127.59348718,36.68181494],[127.59253741,36.68018356],[127.59154417,36.67856907],[127.59050793,36.67697222],[127.58942917,36.67539376],[127.58830841,36.67383441],[127.58714615,36.67229491],[127.58594296,36.67077596],[127.58469938,36.66927828],[127.58341601,36.66780257],[127.58209343,36.66634951],[127.58073227,36.66491977],[127.57933316,36.66351403],[127.57789676,36.66213293],[127.57642374,36.66077712],[127.57491477,36.65944723],[127.57337058,36.65814388],[127.57179187,36.65686767],[127.57017938,36.65561919],[127.56853387,36.65439904],[127.5668561,36.65320777],[127.56514686,36.65204594],[127.56340693,36.65091409],[127.56163713,36.64981274],[127.55983828,36.64874242],[127.55801123,36.64770361],[127.55615682,36.64669679],[127.55427592,36.64572245],[127.55236939,36.64478102],[127.55043813,36.64387295],[127.54848304,36.64299866],[127.54650502,36.64215856],[127.54450501,36.64135303],[127.54248392,36.64058245],[127.54044269,36.63984718],[127.53838228,36.63914756],[127.53630364,36.63848392],[127.53420775,36.63785656],[127.53209556,36.63726578],[127.52996808,36.63671185],[127.52782629,36.63619503],[127.52567117,36.63571555],[127.52350374,36.63527364],[127.52132499,36.63486951],[127.51913595,36.63450334],[127.51693764,36.63417531],[127.51473106,36.63388557],[127.51251725,36.63363424],[127.51029724,36.63342145],[127.50807206,36.6332473],[127.50584274,36.63311187],[127.50361031,36.63301522],[127.50137582,36.63295739],[127.49914031,36.63293842],[127.49690481,36.6329583],[127.49467035,36.63301704],[127.49243799,36.6331146],[127.49020875,36.63325094],[127.48798368,36.633426],[127.4857638,36.6336397],[127.48355015,36.63389192],[127.48134376,36.63418257],[127.47914564,36.6345115],[127.47695684,36.63487856],[127.47477835,36.63528357],[127.47261119,36.63572636],[127.47045638,36.63620672],[127.4683149,36.63672441],[127.46618777,36.63727921],[127.46407596,36.63787086],[127.46198046,36.63849907],[127.45990224,36.63916356],[127.45784227,36.63986402],[127.4558015,36.64060012],[127.45378089,36.64137152],[127.45178138,36.64217786],[127.44980389,36.64301877],[127.44784935,36.64389386],[127.44591866,36.64480271],[127.44401273,36.64574492],[127.44213243,36.64672003],[127.44027865,36.6477276],[127.43845225,36.64876715],[127.43665408,36.64983821],[127.43488497,36.65094028],[127.43314576,36.65207284],[127.43143724,36.65323536],[127.42976022,36.65442732],[127.42811547,36.65564814],[127.42650377,36.65689727],[127.42492586,36.65817412],[127.42338248,36.6594781],[127.42187436,36.66080861],[127.42040218,36.66216502],[127.41896665,36.6635467],[127.41756843,36.66495302],[127.41620816,36.66638331],[127.4148865,36.66783691],[127.41360405,36.66931314],[127.41236141,36.67081132],[127.41115917,36.67233076],[127.40999788,36.67387074],[127.4088781,36.67543054],[127.40780033,36.67700944],[127.4067651,36.67860671],[127.40577287,36.68022161],[127.40482412,36.68185337],[127.40391929,36.68350124],[127.40305881,36.68516446],[127.40224307,36.68684225],[127.40147247,36.68853382],[127.40074736,36.6902384],[127.40006808,36.69195518],[127.39943496,36.69368338],[127.39884828,36.69542217],[127.39830834,36.69717075],[127.39781538,36.69892832],[127.39736963,36.70069404],[127.39697131,36.7024671],[127.3966206,36.70424667],[127.39631768,36.70603192],[127.39606269,36.70782202],[127.39585574,36.70961614],[127.39569694,36.71141344],[127.39558637,36.71321307],[127.39552408,36.71501421],[127.3955101,36.71681601],[127.39554444,36.71861764],[127.3956271,36.72041825],[127.39575803,36.722217],[127.39593718,36.72401306],[127.39616447,36.72580559],[127.3964398,36.72759374],[127.39676303,36.7293767],[127.39713403,36.73115362],[127.39755262,36.73292368],[127.39801861,36.73468604],[127.3985318,36.7364399],[127.39909193,36.73818443],[127.39969876,36.73991882],[127.40035199,36.74164226],[127.40105134,36.74335394],[127.40179648,36.74505306],[127.40258707,36.74673884],[127.40342273,36.74841048],[127.40430308,36.7500672],[127.40522771,36.75170824],[127.4061962,36.75333282],[127.40720809,36.75494019],[127.40826292,36.7565296],[127.40936019,36.7581003],[127.4104994,36.75965156],[127.41168001,36.76118266],[127.41290148,36.76269288],[127.41416324,36.76418152],[127.4154647,36.76564787],[127.41680526,36.76709127],[127.41818429,36.76851102],[127.41960115,36.76990648],[127.42105518,36.77127698],[127.42254571,36.77262189],[127.42407203,36.77394057],[127.42563344,36.77523242],[127.42722921,36.77649683],[127.4288586,36.7777332],[127.43052084,36.77894097],[127.43221517,36.78011955],[127.43394078,36.78126842],[127.43569688,36.78238702],[127.43748265,36.78347483],[127.43929725,36.78453136],[127.44113983,36.78555609],[127.44300954,36.78654856],[127.4449055,36.7875083],[127.44682683,36.78843485],[127.44877262,36.7893278],[127.45074198,36.79018671],[127.45273398,36.7910112],[127.45474769,36.79180086],[127.45678217,36.79255535],[127.45883647,36.79327429],[127.46090962,36.79395736],[127.46300067,36.79460423],[127.46510863,36.7952146],[127.46723251,36.79578819],[127.46937133,36.79632474],[127.47152408,36.79682397],[127.47368976,36.79728568],[127.47586736,36.79770963],[127.47805585,36.79809564],[127.48025422,36.79844351],[127.48246143,36.79875309],[127.48467645,36.79902424],[127.48689825,36.79925682],[127.48912579,36.79945072],[127.49135803,36.79960587],[127.49359391,36.79972217],[127.49583241,36.79979959],[127.49807246,36.79983808],[127.50031303,36.79983762]]]]},"geometry_name":"ag_geom","properties":{"zone_type":"관제권","layer":"lt_c_aisctrc","name":"CHEONGJU","upper":null,"lower":null,"color":"#c2185b","dist_km":186.68},"bbox":[127.3955101,36.63293842,127.60282317,36.79983808]},{"type":"Feature","id":"lt_c_aisctrc.25","geometry":{"type":"MultiPolygon","coordinates":[[[[128.67162117,38.14477511],[128.67390018,38.14471376],[128.67617696,38.14461351],[128.67845047,38.14447443],[128.68071963,38.14429657],[128.6829834,38.14408002],[128.68524069,38.14382488],[128.68749047,38.14353126],[128.68973168,38.14319932],[128.69196327,38.1428292],[128.6941842,38.14242107],[128.69639343,38.14197512],[128.69858992,38.14149157],[128.70077265,38.14097064],[128.7029406,38.14041257],[128.70509276,38.13981763],[128.70722811,38.13918609],[128.70934567,38.13851825],[128.71144444,38.13781442],[128.71352343,38.13707493],[128.71558168,38.13630012],[128.71761823,38.13549036],[128.71963213,38.13464603],[128.72162243,38.13376752],[128.7235882,38.13285524],[128.72552853,38.13190961],[128.72744252,38.1309311],[128.72932925,38.12992013],[128.73118787,38.1288772],[128.73301749,38.12780278],[128.73481726,38.12669739],[128.73658635,38.12556153],[128.73832393,38.12439574],[128.74002918,38.12320056],[128.74170132,38.12197655],[128.74333956,38.12072428],[128.74494314,38.11944434],[128.74651131,38.11813733],[128.74804334,38.11680386],[128.74953852,38.11544454],[128.75099615,38.11406002],[128.75241555,38.11265094],[128.75379606,38.11121796],[128.75513704,38.10976175],[128.75643787,38.10828299],[128.75769793,38.10678237],[128.75891664,38.10526059],[128.76009344,38.10371836],[128.76122778,38.1021564],[128.76231913,38.10057544],[128.76336699,38.09897623],[128.76437086,38.0973595],[128.76533029,38.09572601],[128.76624483,38.09407652],[128.76711405,38.0924118],[128.76793755,38.09073264],[128.76871495,38.08903981],[128.76944589,38.0873341],[128.77013004,38.08561632],[128.77076707,38.08388725],[128.77135669,38.08214772],[128.77189864,38.08039852],[128.77239266,38.07864048],[128.77283852,38.07687441],[128.77323602,38.07510115],[128.77358498,38.07332151],[128.77388523,38.07153633],[128.77413665,38.06974644],[128.77433912,38.06795268],[128.77449254,38.06615587],[128.77459686,38.06435687],[128.77465202,38.0625565],[128.774658,38.06075561],[128.7746148,38.05895503],[128.77452245,38.05715561],[128.774381,38.05535819],[128.7741905,38.0535636],[128.77395106,38.05177268],[128.7736628,38.04998626],[128.77332584,38.04820517],[128.77294035,38.04643025],[128.7725065,38.04466233],[128.77202452,38.04290222],[128.77149462,38.04115075],[128.77091706,38.03940873],[128.77029211,38.03767697],[128.76962006,38.03595628],[128.76890122,38.03424747],[128.76813594,38.03255132],[128.76732458,38.03086863],[128.76646751,38.02920018],[128.76556515,38.02754675],[128.7646179,38.02590911],[128.76362622,38.02428801],[128.76259057,38.02268422],[128.76151144,38.02109848],[128.76038932,38.01953153],[128.75922475,38.0179841],[128.75801827,38.01645691],[128.75677045,38.01495066],[128.75548186,38.01346607],[128.75415311,38.01200382],[128.75278482,38.01056459],[128.75137762,38.00914905],[128.74993219,38.00775786],[128.74844918,38.00639167],[128.74692929,38.00505111],[128.74537324,38.0037368],[128.74378174,38.00244937],[128.74215553,38.0011894],[128.74049539,37.99995748],[128.73880207,37.99875419],[128.73707637,37.99758008],[128.7353191,37.9964357],[128.73353107,37.99532159],[128.73171311,37.99423825],[128.72986607,37.9931862],[128.72799081,37.99216593],[128.7260882,37.9911779],[128.72415914,37.99022258],[128.72220451,37.98930041],[128.72022523,37.98841182],[128.71822221,37.98755723],[128.71619639,37.98673702],[128.71414872,37.98595159],[128.71208013,37.9852013],[128.70999161,37.98448649],[128.70788411,37.98380749],[128.70575861,37.98316464],[128.70361612,37.98255821],[128.70145761,37.9819885],[128.6992841,37.98145577],[128.69709659,37.98096026],[128.6948961,37.98050221],[128.69268366,37.98008183],[128.69046029,37.97969932],[128.68822702,37.97935484],[128.6859849,37.97904858],[128.68373497,37.97878065],[128.68147827,37.9785512],[128.67921584,37.97836032],[128.67694875,37.97820811],[128.67467804,37.97809463],[128.67240477,37.97801994],[128.67012999,37.97798407],[128.66785477,37.97798705],[128.66558016,37.97802886],[128.66330721,37.97810949],[128.66103699,37.9782289],[128.65877054,37.97838704],[128.65650893,37.97858383],[128.65425319,37.97881918],[128.65200439,37.97909298],[128.64976356,37.97940511],[128.64753174,37.97975542],[128.64530998,37.98014374],[128.6430993,37.9805699],[128.64090073,37.9810337],[128.6387153,37.98153492],[128.63654402,37.98207333],[128.6343879,37.98264868],[128.63224794,37.98326071],[128.63012514,37.98390912],[128.62802048,37.98459361],[128.62593495,37.98531388],[128.6238695,37.98606957],[128.62182511,37.98686035],[128.61980273,37.98768585],[128.61780328,37.98854567],[128.61582772,37.98943943],[128.61387694,37.9903667],[128.61195187,37.99132706],[128.6100534,37.99232005],[128.6081824,37.99334522],[128.60633976,37.99440209],[128.60452633,37.99549017],[128.60274296,37.99660895],[128.60099046,37.99775792],[128.59926967,37.99893653],[128.59758139,38.00014424],[128.59592639,38.00138049],[128.59430545,38.0026447],[128.59271933,38.00393629],[128.59116876,38.00525465],[128.58965448,38.00659918],[128.58817718,38.00796924],[128.58673756,38.0093642],[128.58533628,38.0107834],[128.583974,38.0122262],[128.58265136,38.01369192],[128.58136897,38.01517987],[128.58012744,38.01668936],[128.57892734,38.0182197],[128.57776924,38.01977016],[128.57665367,38.02134004],[128.57558116,38.02292858],[128.57455221,38.02453507],[128.57356731,38.02615875],[128.5726269,38.02779886],[128.57173145,38.02945464],[128.57088135,38.03112532],[128.57007702,38.03281011],[128.56931883,38.03450825],[128.56860713,38.03621893],[128.56794227,38.03794137],[128.56732455,38.03967475],[128.56675427,38.04141826],[128.56623169,38.04317111],[128.56575707,38.04493247],[128.56533062,38.04670151],[128.56495254,38.04847743],[128.56462302,38.05025938],[128.56434222,38.05204654],[128.56411027,38.05383808],[128.56392728,38.05563316],[128.56379333,38.05743094],[128.56370851,38.05923059],[128.56367284,38.06103126],[128.56368634,38.06283213],[128.56374903,38.06463234],[128.56386087,38.06643106],[128.5640218,38.06822745],[128.56423177,38.07002068],[128.56449067,38.0718099],[128.56479839,38.07359428],[128.56515479,38.075373],[128.5655597,38.07714521],[128.56601295,38.0789101],[128.56651431,38.08066684],[128.56706358,38.08241461],[128.56766047,38.08415259],[128.56830474,38.08587998],[128.56899606,38.08759597],[128.56973414,38.08929975],[128.57051862,38.09099054],[128.57134914,38.09266754],[128.57222533,38.09432998],[128.57314676,38.09597706],[128.57411302,38.09760804],[128.57512365,38.09922213],[128.5761782,38.1008186],[128.57727616,38.1023967],[128.57841703,38.10395568],[128.57960028,38.10549483],[128.58082536,38.10701341],[128.58209169,38.10851073],[128.5833987,38.10998609],[128.58474577,38.11143878],[128.58613228,38.11286815],[128.58755757,38.11427351],[128.58902099,38.11565422],[128.59052185,38.11700961],[128.59205946,38.11833908],[128.59363309,38.11964199],[128.59524202,38.12091773],[128.5968855,38.12216571],[128.59856276,38.12338534],[128.60027301,38.12457606],[128.60201546,38.1257373],[128.6037893,38.12686853],[128.6055937,38.12796922],[128.60742781,38.12903885],[128.60929078,38.13007692],[128.61118174,38.13108295],[128.61309981,38.13205647],[128.6150441,38.13299701],[128.61701368,38.13390415],[128.61900765,38.13477746],[128.62102508,38.13561652],[128.62306501,38.13642096],[128.6251265,38.13719038],[128.62720858,38.13792444],[128.62931028,38.13862278],[128.63143063,38.13928509],[128.63356861,38.13991105],[128.63572325,38.14050037],[128.63789353,38.14105277],[128.64007843,38.14156799],[128.64227694,38.1420458],[128.64448802,38.14248597],[128.64671065,38.1428883],[128.64894378,38.14325259],[128.65118637,38.14357868],[128.65343737,38.14386641],[128.65569572,38.14411566],[128.65796038,38.14432629],[128.66023028,38.14449823],[128.66250436,38.14463137],[128.66478155,38.14472566],[128.66706079,38.14478107],[128.66934102,38.14479755],[128.67162117,38.14477511]]]]},"geometry_name":"ag_geom","properties":{"zone_type":"관제권","layer":"lt_c_aisctrc","name":"YANGYANG","upper":null,"lower":null,"color":"#c2185b","dist_km":311.52},"bbox":[128.56367284,37.97798407,128.774658,38.14479755]},{"type":"Feature","id":"lt_c_aisctrc.26","geometry":{"type":"MultiPolygon","coordinates":[[[[128.65778279,35.81071522],[128.65667682,35.8107298],[128.65557111,35.81075408],[128.65446578,35.81078808],[128.65336097,35.81083179],[128.6522568,35.8108852],[128.6511534,35.81094831],[128.6500509,35.81102111],[128.64894943,35.81110358],[128.64784911,35.81119573],[128.64675007,35.81129754],[128.64565244,35.81140899],[128.64455635,35.81153008],[128.64346193,35.8116608],[128.6423693,35.81180112],[128.64127859,35.81195103],[128.64018992,35.81211051],[128.63910343,35.81227954],[128.63801924,35.81245811],[128.63693747,35.8126462],[128.63585825,35.81284377],[128.63478171,35.81305081],[128.63370797,35.8132673],[128.63263715,35.81349321],[128.63156939,35.81372851],[128.6305048,35.81397318],[128.6294435,35.81422719],[128.62838563,35.8144905],[128.62733131,35.81476309],[128.62628065,35.81504492],[128.62523378,35.81533597],[128.62419082,35.8156362],[128.62315189,35.81594557],[128.62211712,35.81626406],[128.62108661,35.81659161],[128.62006051,35.81692819],[128.61903891,35.81727377],[128.61802195,35.81762831],[128.61700973,35.81799175],[128.61600238,35.81836407],[128.61500002,35.81874521],[128.61400275,35.81913514],[128.61301071,35.8195338],[128.61202399,35.81994116],[128.61104272,35.82035716],[128.61006701,35.82078175],[128.60909698,35.8212149],[128.60813274,35.82165653],[128.60717439,35.82210662],[128.60622205,35.82256509],[128.60527584,35.8230319],[128.60433586,35.823507],[128.60340222,35.82399033],[128.60247503,35.82448183],[128.6015544,35.82498145],[128.60064043,35.82548912],[128.59973323,35.8260048],[128.59883291,35.82652841],[128.59793957,35.8270599],[128.59705332,35.82759921],[128.59617426,35.82814627],[128.59530248,35.82870102],[128.5944381,35.8292634],[128.59358122,35.82983334],[128.59273192,35.83041077],[128.59189032,35.83099563],[128.59105651,35.83158784],[128.59023059,35.83218735],[128.58941265,35.83279408],[128.58860278,35.83340796],[128.58780109,35.83402891],[128.58700767,35.83465687],[128.58622261,35.83529177],[128.585446,35.83593352],[128.58467792,35.83658206],[128.58391848,35.83723731],[128.58316776,35.83789919],[128.58242584,35.83856763],[128.58169282,35.83924254],[128.58096877,35.83992386],[128.58025379,35.84061149],[128.57954796,35.84130537],[128.57885135,35.8420054],[128.57816405,35.84271152],[128.57748615,35.84342363],[128.57681771,35.84414165],[128.57615882,35.84486551],[128.57550956,35.84559511],[128.57486999,35.84633037],[128.5742402,35.8470712],[128.57362026,35.84781753],[128.57301023,35.84856926],[128.5724102,35.8493263],[128.57182024,35.85008857],[128.5712404,35.85085597],[128.57067076,35.85162843],[128.57011139,35.85240584],[128.56956234,35.85318812],[128.5690237,35.85397518],[128.56849551,35.85476693],[128.56797784,35.85556327],[128.56747074,35.85636411],[128.56697429,35.85716936],[128.56648854,35.85797892],[128.56601354,35.8587927],[128.56554935,35.85961061],[128.56509603,35.86043254],[128.56465362,35.86125842],[128.56422219,35.86208812],[128.56380177,35.86292157],[128.56339242,35.86375867],[128.56299419,35.86459931],[128.56260712,35.8654434],[128.56223127,35.86629084],[128.56186666,35.86714154],[128.56151336,35.86799538],[128.56117139,35.86885228],[128.5608408,35.86971214],[128.56052162,35.87057485],[128.5602139,35.87144031],[128.55991767,35.87230842],[128.55963297,35.87317909],[128.55935982,35.87405221],[128.55909827,35.87492767],[128.55884834,35.87580538],[128.55861006,35.87668524],[128.55838346,35.87756713],[128.55816856,35.87845097],[128.5579654,35.87933664],[128.55777399,35.88022404],[128.55759437,35.88111308],[128.55742654,35.88200364],[128.55727053,35.88289562],[128.55712636,35.88378892],[128.55699405,35.88468344],[128.5568736,35.88557906],[128.55676505,35.88647569],[128.55666839,35.88737323],[128.55658365,35.88827155],[128.55651082,35.88917057],[128.55644992,35.89007018],[128.55640097,35.89097027],[128.55636395,35.89187074],[128.55633888,35.89277148],[128.55632577,35.89367239],[128.55632461,35.89457336],[128.5563354,35.89547429],[128.55635814,35.89637507],[128.55639284,35.8972756],[128.55643948,35.89817577],[128.55649807,35.89907547],[128.55656859,35.89997462],[128.55665104,35.90087308],[128.5567454,35.90177078],[128.55685168,35.90266759],[128.55696985,35.90356341],[128.55709991,35.90445815],[128.55724183,35.90535169],[128.5573956,35.90624393],[128.55756121,35.90713477],[128.55773864,35.9080241],[128.55792786,35.90891182],[128.55812885,35.90979783],[128.55834159,35.91068201],[128.55856606,35.91156428],[128.55880223,35.91244453],[128.55905007,35.91332265],[128.55930956,35.91419854],[128.55958066,35.9150721],[128.55986335,35.91594323],[128.56015758,35.91681182],[128.56046334,35.91767778],[128.56078057,35.918541],[128.56110925,35.91940139],[128.56144934,35.92025883],[128.56180079,35.92111324],[128.56216357,35.92196452],[128.56253764,35.92281255],[128.56292294,35.92365725],[128.56331945,35.92449852],[128.56372711,35.92533626],[128.56414587,35.92617036],[128.56457568,35.92700074],[128.5650165,35.92782729],[128.56546828,35.92864992],[128.56593096,35.92946854],[128.56640449,35.93028304],[128.56688881,35.93109334],[128.56738386,35.93189933],[128.5678896,35.93270093],[128.56840596,35.93349804],[128.56893288,35.93429057],[128.5694703,35.93507842],[128.57001816,35.93586151],[128.5705764,35.93663974],[128.57114494,35.93741301],[128.57172372,35.93818125],[128.57231269,35.93894436],[128.57291175,35.93970225],[128.57352086,35.94045484],[128.57413994,35.94120203],[128.5747689,35.94194374],[128.57540769,35.94267988],[128.57605623,35.94341036],[128.57671444,35.94413511],[128.57738225,35.94485403],[128.57805957,35.94556705],[128.57874633,35.94627407],[128.57944245,35.94697502],[128.58014785,35.94766981],[128.58086245,35.94835836],[128.58158615,35.9490406],[128.58231889,35.94971644],[128.58306057,35.95038581],[128.5838111,35.95104862],[128.58457041,35.9517048],[128.58533839,35.95235427],[128.58611497,35.95299696],[128.58690004,35.95363278],[128.58769353,35.95426168],[128.58849533,35.95488357],[128.58930535,35.95549837],[128.59012351,35.95610603],[128.5909497,35.95670647],[128.59178382,35.95729961],[128.59262578,35.95788539],[128.59347549,35.95846374],[128.59433284,35.95903459],[128.59519773,35.95959788],[128.59607006,35.96015353],[128.59694973,35.9607015],[128.59783664,35.9612417],[128.59873068,35.96177408],[128.59963175,35.96229858],[128.60053975,35.96281513],[128.60145456,35.96332367],[128.60237609,35.96382415],[128.60330421,35.9643165],[128.60423884,35.96480068],[128.60517985,35.96527661],[128.60612714,35.96574425],[128.60708059,35.96620354],[128.6080401,35.96665443],[128.60900555,35.96709687],[128.60997683,35.9675308],[128.61095383,35.96795617],[128.61193643,35.96837293],[128.61292452,35.96878104],[128.61391798,35.96918045],[128.61491669,35.9695711],[128.61592055,35.96995296],[128.61692942,35.97032598],[128.61794321,35.97069012],[128.61896177,35.97104533],[128.61998501,35.97139157],[128.62101279,35.9717288],[128.622045,35.97205699],[128.62308152,35.97237608],[128.62412222,35.97268606],[128.62516699,35.97298687],[128.6262157,35.97327849],[128.62726822,35.97356088],[128.62832445,35.97383401],[128.62938424,35.97409785],[128.63044749,35.97435236],[128.63151406,35.97459751],[128.63258383,35.97483329],[128.63365668,35.97505965],[128.63473248,35.97527657],[128.6358111,35.97548403],[128.63689242,35.97568201],[128.63797631,35.97587047],[128.63906264,35.97604941],[128.64015129,35.97621879],[128.64124214,35.97637859],[128.64233504,35.97652881],[128.64342989,35.97666941],[128.64452654,35.9768004],[128.64562486,35.97692174],[128.64672474,35.97703342],[128.64782604,35.97713544],[128.64892864,35.97722778],[128.6500324,35.97731042],[128.65113719,35.97738337],[128.65224289,35.97744661],[128.65334937,35.97750013],[128.6544565,35.97754393],[128.65556414,35.977578],[128.65667218,35.97760234],[128.65778047,35.97761694],[128.65888889,35.97762181],[128.65999731,35.97761694],[128.6611056,35.97760234],[128.66221363,35.977578],[128.66332128,35.97754393],[128.6644284,35.97750013],[128.66553488,35.97744661],[128.66664058,35.97738337],[128.66774538,35.97731042],[128.66884914,35.97722778],[128.66995173,35.97713544],[128.67105303,35.97703342],[128.67215291,35.97692174],[128.67325124,35.9768004],[128.67434789,35.97666941],[128.67544273,35.97652881],[128.67653564,35.97637859],[128.67762648,35.97621879],[128.67871514,35.97604941],[128.67980147,35.97587047],[128.68088536,35.97568201],[128.68196668,35.97548403],[128.6830453,35.97527657],[128.6841211,35.97505965],[128.68519394,35.97483329],[128.68626371,35.97459751],[128.68733029,35.97435236],[128.68839353,35.97409785],[128.68945333,35.97383401],[128.69050955,35.97356088],[128.69156208,35.97327849],[128.69261079,35.97298687],[128.69365556,35.97268606],[128.69469626,35.97237608],[128.69573278,35.97205699],[128.69676499,35.9717288],[128.69779277,35.97139157],[128.698816,35.97104533],[128.69983457,35.97069012],[128.70084835,35.97032598],[128.70185723,35.96995296],[128.70286109,35.9695711],[128.7038598,35.96918045],[128.70485326,35.96878104],[128.70584135,35.96837293],[128.70682395,35.96795617],[128.70780095,35.9675308],[128.70877223,35.96709687],[128.70973768,35.96665443],[128.71069719,35.96620354],[128.71165064,35.96574425],[128.71259793,35.96527661],[128.71353894,35.96480068],[128.71447356,35.9643165],[128.71540169,35.96382415],[128.71632322,35.96332367],[128.71723803,35.96281513],[128.71814603,35.96229858],[128.7190471,35.96177408],[128.71994114,35.9612417],[128.72082805,35.9607015],[128.72170772,35.96015353],[128.72258005,35.95959788],[128.72344494,35.95903459],[128.72430229,35.95846374],[128.72515199,35.95788539],[128.72599396,35.95729961],[128.72682808,35.95670647],[128.72765427,35.95610603],[128.72847242,35.95549837],[128.72928245,35.95488357],[128.73008425,35.95426168],[128.73087773,35.95363278],[128.73166281,35.95299696],[128.73243939,35.95235427],[128.73320737,35.9517048],[128.73396667,35.95104862],[128.73471721,35.95038581],[128.73545889,35.94971644],[128.73619162,35.9490406],[128.73691533,35.94835836],[128.73762992,35.94766981],[128.73833532,35.94697502],[128.73903144,35.94627407],[128.73971821,35.94556705],[128.74039553,35.94485403],[128.74106333,35.94413511],[128.74172154,35.94341036],[128.74237008,35.94267988],[128.74300887,35.94194374],[128.74363784,35.94120203],[128.74425692,35.94045484],[128.74486602,35.93970225],[128.74546509,35.93894436],[128.74605405,35.93818125],[128.74663284,35.93741301],[128.74720138,35.93663974],[128.74775961,35.93586151],[128.74830747,35.93507842],[128.74884489,35.93429057],[128.74937181,35.93349804],[128.74988817,35.93270093],[128.75039391,35.93189933],[128.75088897,35.93109334],[128.75137329,35.93028304],[128.75184682,35.92946854],[128.7523095,35.92864992],[128.75276127,35.92782729],[128.7532021,35.92700074],[128.75363191,35.92617036],[128.75405067,35.92533626],[128.75445833,35.92449852],[128.75485483,35.92365725],[128.75524014,35.92281255],[128.75561421,35.92196452],[128.75597699,35.92111324],[128.75632844,35.92025883],[128.75666853,35.91940139],[128.75699721,35.918541],[128.75731444,35.91767778],[128.75762019,35.91681182],[128.75791443,35.91594323],[128.75819712,35.9150721],[128.75846822,35.91419854],[128.7587277,35.91332265],[128.75897555,35.91244453],[128.75921172,35.91156428],[128.75943619,35.91068201],[128.75964893,35.90979783],[128.75984992,35.90891182],[128.76003914,35.9080241],[128.76021656,35.90713477],[128.76038217,35.90624393],[128.76053595,35.90535169],[128.76067787,35.90445815],[128.76080793,35.90356341],[128.7609261,35.90266759],[128.76103237,35.90177078],[128.76112674,35.90087308],[128.76120919,35.89997462],[128.76127971,35.89907547],[128.7613383,35.89817577],[128.76138494,35.8972756],[128.76141963,35.89637507],[128.76144238,35.89547429],[128.76145317,35.89457336],[128.76145201,35.89367239],[128.76143889,35.89277148],[128.76141383,35.89187074],[128.76137681,35.89097027],[128.76132785,35.89007018],[128.76126696,35.88917057],[128.76119413,35.88827155],[128.76110939,35.88737323],[128.76101273,35.88647569],[128.76090417,35.88557906],[128.76078373,35.88468344],[128.76065142,35.88378892],[128.76050725,35.88289562],[128.76035124,35.88200364],[128.76018341,35.88111308],[128.76000378,35.88022404],[128.75981238,35.87933664],[128.75960922,35.87845097],[128.75939432,35.87756713],[128.75916772,35.87668524],[128.75892944,35.87580538],[128.75867951,35.87492767],[128.75841796,35.87405221],[128.75814481,35.87317909],[128.75786011,35.87230842],[128.75756388,35.87144031],[128.75725616,35.87057485],[128.75693698,35.86971214],[128.75660639,35.86885228],[128.75626442,35.86799538],[128.75591111,35.86714154],[128.75554651,35.86629084],[128.75517065,35.8654434],[128.75478359,35.86459931],[128.75438536,35.86375867],[128.75397601,35.86292157],[128.75355559,35.86208812],[128.75312415,35.86125842],[128.75268175,35.86043254],[128.75222842,35.85961061],[128.75176423,35.8587927],[128.75128924,35.85797892],[128.75080348,35.85716936],[128.75030703,35.85636411],[128.74979994,35.85556327],[128.74928227,35.85476693],[128.74875408,35.85397518],[128.74821543,35.85318812],[128.74766639,35.85240584],[128.74710702,35.85162843],[128.74653738,35.85085597],[128.74595754,35.85008857],[128.74536757,35.8493263],[128.74476754,35.84856926],[128.74415752,35.84781753],[128.74353758,35.8470712],[128.74290779,35.84633037],[128.74226822,35.84559511],[128.74161896,35.84486551],[128.74096007,35.84414165],[128.74029163,35.84342363],[128.73961372,35.84271152],[128.73892643,35.8420054],[128.73822982,35.84130537],[128.73752398,35.84061149],[128.736809,35.83992386],[128.73608496,35.83924254],[128.73535193,35.83856763],[128.73461002,35.83789919],[128.7338593,35.83723731],[128.73309985,35.83658206],[128.73233178,35.83593352],[128.73155517,35.83529177],[128.7307701,35.83465687],[128.72997668,35.83402891],[128.72917499,35.83340796],[128.72836513,35.83279408],[128.72754719,35.83218735],[128.72672127,35.83158784],[128.72588745,35.83099563],[128.72504585,35.83041077],[128.72419656,35.82983334],[128.72333967,35.8292634],[128.72247529,35.82870102],[128.72160352,35.82814627],[128.72072446,35.82759921],[128.7198382,35.8270599],[128.71894487,35.82652841],[128.71804455,35.8260048],[128.71713735,35.82548912],[128.71622338,35.82498145],[128.71530275,35.82448183],[128.71437556,35.82399033],[128.71344192,35.823507],[128.71250194,35.8230319],[128.71155572,35.82256509],[128.71060339,35.82210662],[128.70964504,35.82165653],[128.7086808,35.8212149],[128.70771076,35.82078175],[128.70673506,35.82035716],[128.70575379,35.81994116],[128.70476707,35.8195338],[128.70377502,35.81913514],[128.70277776,35.81874521],[128.7017754,35.81836407],[128.70076805,35.81799175],[128.69975583,35.81762831],[128.69873887,35.81727377],[128.69771727,35.81692819],[128.69669116,35.81659161],[128.69566066,35.81626406],[128.69462589,35.81594557],[128.69358696,35.8156362],[128.692544,35.81533597],[128.69149713,35.81504492],[128.69044647,35.81476309],[128.68939214,35.8144905],[128.68833427,35.81422719],[128.68727298,35.81397318],[128.68620839,35.81372851],[128.68514063,35.81349321],[128.68406981,35.8132673],[128.68299607,35.81305081],[128.68191953,35.81284377],[128.68084031,35.8126462],[128.67975854,35.81245811],[128.67867435,35.81227954],[128.67758785,35.81211051],[128.67649919,35.81195103],[128.67540848,35.81180112],[128.67431585,35.8116608],[128.67322142,35.81153008],[128.67212533,35.81140899],[128.67102771,35.81129754],[128.66992867,35.81119573],[128.66882835,35.81110358],[128.66772688,35.81102111],[128.66662438,35.81094831],[128.66552098,35.8108852],[128.66441681,35.81083179],[128.66331199,35.81078808],[128.66220667,35.81075408],[128.66110095,35.8107298],[128.65999499,35.81071522],[128.65888889,35.81071036],[128.65778279,35.81071522]]]]},"geometry_name":"ag_geom","properties":{"zone_type":"관제권","layer":"lt_c_aisctrc","name":"DAEGU","upper":null,"lower":null,"color":"#c2185b","dist_km":70.66},"bbox":[128.55632461,35.81071036,128.76145317,35.97762181]},{"type":"Feature","id":"lt_c_aisctrc.27","geometry":{"type":"MultiPolygon","coordinates":[[[[126.80928055,35.20983596],[126.81147564,35.20980954],[126.81366952,35.20974418],[126.81586116,35.20963993],[126.81804954,35.20949682],[126.82023364,35.20931493],[126.82241243,35.20909434],[126.8245849,35.20883514],[126.82675002,35.20853748],[126.82890679,35.20820148],[126.8310542,35.2078273],[126.83319125,35.20741511],[126.83531693,35.20696512],[126.83743025,35.20647752],[126.83953022,35.20595255],[126.84161587,35.20539045],[126.84368621,35.20479149],[126.84574028,35.20415594],[126.84777712,35.2034841],[126.84979577,35.20277629],[126.8517953,35.20203284],[126.85377476,35.2012541],[126.85573325,35.20044042],[126.85766982,35.1995922],[126.8595836,35.19870982],[126.86147367,35.1977937],[126.86333916,35.19684427],[126.8651792,35.19586197],[126.86699293,35.19484726],[126.86877949,35.19380062],[126.87053807,35.19272253],[126.87226783,35.1916135],[126.87396797,35.19047405],[126.87563769,35.1893047],[126.87727622,35.18810601],[126.87888279,35.18687854],[126.88045666,35.18562286],[126.88199709,35.18433955],[126.88350335,35.18302922],[126.88497476,35.18169248],[126.88641062,35.18032995],[126.88781027,35.17894227],[126.88917304,35.17753009],[126.89049832,35.17609407],[126.89178548,35.17463487],[126.89303392,35.17315318],[126.89424306,35.1716497],[126.89541234,35.17012512],[126.89654122,35.16858016],[126.89762917,35.16701553],[126.89867568,35.16543198],[126.89968028,35.16383023],[126.90064248,35.16221104],[126.90156185,35.16057516],[126.90243797,35.15892335],[126.90327041,35.15725639],[126.90405881,35.15557506],[126.90480279,35.15388013],[126.905502,35.1521724],[126.90615614,35.15045268],[126.90676488,35.14872175],[126.90732796,35.14698043],[126.90784511,35.14522953],[126.9083161,35.14346987],[126.9087407,35.14170226],[126.90911873,35.13992754],[126.90945,35.13814652],[126.90973438,35.13636005],[126.90997172,35.13456896],[126.91016193,35.13277407],[126.91030491,35.13097623],[126.91040061,35.12917627],[126.91044898,35.12737504],[126.91045,35.12557337],[126.91040367,35.1237721],[126.91031003,35.12197208],[126.91016911,35.12017414],[126.90998099,35.11837912],[126.90974576,35.11658785],[126.90946353,35.11480118],[126.90913443,35.11301993],[126.90875862,35.11124494],[126.90833628,35.10947703],[126.90786762,35.10771702],[126.90735284,35.10596573],[126.9067922,35.10422399],[126.90618596,35.1024926],[126.9055344,35.10077237],[126.90483783,35.09906409],[126.90409658,35.09736858],[126.90331099,35.0956866],[126.90248144,35.09401895],[126.90160831,35.09236641],[126.90069202,35.09072974],[126.89973298,35.0891097],[126.89873166,35.08750706],[126.89768852,35.08592255],[126.89660404,35.08435691],[126.89547874,35.08281087],[126.89431314,35.08128515],[126.89310779,35.07978047],[126.89186325,35.07829751],[126.8905801,35.07683698],[126.88925893,35.07539955],[126.88790038,35.07398588],[126.88650507,35.07259665],[126.88507364,35.07123248],[126.88360678,35.06989403],[126.88210516,35.0685819],[126.88056949,35.06729672],[126.87900047,35.06603907],[126.87739885,35.06480955],[126.87576536,35.06360872],[126.87410078,35.06243715],[126.87240587,35.06129537],[126.87068142,35.06018392],[126.86892824,35.05910332],[126.86714714,35.05805407],[126.86533895,35.05703665],[126.86350453,35.05605154],[126.8616447,35.0550992],[126.85976036,35.05418007],[126.85785236,35.05329457],[126.8559216,35.05244312],[126.85396898,35.05162612],[126.8519954,35.05084394],[126.85000179,35.05009695],[126.84798906,35.04938549],[126.84595817,35.04870991],[126.84391004,35.04807049],[126.84184563,35.04746756],[126.83976591,35.04690138],[126.83767185,35.04637222],[126.8355644,35.04588032],[126.83344455,35.04542593],[126.8313133,35.04500923],[126.82917162,35.04463044],[126.82702052,35.04428972],[126.82486099,35.04398723],[126.82269404,35.04372312],[126.82052067,35.0434975],[126.8183419,35.04331049],[126.81615874,35.04316216],[126.81397219,35.04305259],[126.81178329,35.04298183],[126.80959304,35.04294991],[126.80740246,35.04295685],[126.80521258,35.04300263],[126.8030244,35.04308725],[126.80083894,35.04321066],[126.79865723,35.04337281],[126.79648028,35.04357362],[126.79430908,35.04381299],[126.79214467,35.04409081],[126.78998803,35.04440697],[126.78784018,35.0447613],[126.78570211,35.04515364],[126.78357481,35.04558382],[126.78145928,35.04605163],[126.77935649,35.04655685],[126.77726743,35.04709925],[126.77519307,35.04767858],[126.77313437,35.04829457],[126.77109229,35.04894693],[126.76906777,35.04963536],[126.76706176,35.05035955],[126.76507519,35.05111914],[126.76310899,35.05191379],[126.76116407,35.05274314],[126.75924133,35.05360678],[126.75734168,35.05450433],[126.75546598,35.05543537],[126.75361513,35.05639946],[126.75178997,35.05739615],[126.74999136,35.05842499],[126.74822013,35.05948549],[126.74647711,35.06057716],[126.74476312,35.0616995],[126.74307894,35.06285197],[126.74142537,35.06403405],[126.73980317,35.06524519],[126.7382131,35.06648482],[126.73665591,35.06775236],[126.73513231,35.06904723],[126.73364302,35.07036883],[126.73218873,35.07171653],[126.73077012,35.07308972],[126.72938785,35.07448775],[126.72804257,35.07590997],[126.72673491,35.07735573],[126.72546547,35.07882435],[126.72423486,35.08031514],[126.72304363,35.08182741],[126.72189236,35.08336046],[126.72078157,35.08491358],[126.71971179,35.08648604],[126.71868352,35.08807711],[126.71769725,35.08968605],[126.71675342,35.09131211],[126.71585248,35.09295453],[126.71499487,35.09461256],[126.71418096,35.09628541],[126.71341116,35.09797231],[126.71268582,35.09967247],[126.71200528,35.10138511],[126.71136987,35.10310942],[126.71077987,35.10484459],[126.71023557,35.10658983],[126.70973723,35.10834432],[126.70928508,35.11010725],[126.70887933,35.11187778],[126.70852017,35.11365511],[126.70820779,35.11543838],[126.70794232,35.11722679],[126.70772389,35.11901949],[126.70755261,35.12081565],[126.70742857,35.12261443],[126.70735181,35.12441499],[126.70732238,35.1262165],[126.70734031,35.12801811],[126.70740557,35.12981898],[126.70751815,35.13161828],[126.707678,35.13341517],[126.70788505,35.13520879],[126.70813919,35.13699834],[126.70844033,35.13878295],[126.70878831,35.14056182],[126.70918298,35.14233409],[126.70962416,35.14409896],[126.71011166,35.14585559],[126.71064523,35.14760316],[126.71122464,35.14934086],[126.71184962,35.15106789],[126.71251988,35.15278342],[126.71323512,35.15448667],[126.71399499,35.15617683],[126.71479915,35.15785312],[126.71564723,35.15951476],[126.71653884,35.16116097],[126.71747355,35.16279098],[126.71845094,35.16440403],[126.71947055,35.16599937],[126.72053191,35.16757626],[126.72163453,35.16913395],[126.72277789,35.17067171],[126.72396146,35.17218884],[126.7251847,35.17368463],[126.72644703,35.17515836],[126.72774786,35.17660936],[126.7290866,35.17803695],[126.73046261,35.17944046],[126.73187526,35.18081924],[126.73332388,35.18217263],[126.73480781,35.18350002],[126.73632635,35.18480077],[126.7378788,35.18607429],[126.73946442,35.18731997],[126.74108249,35.18853723],[126.74273225,35.18972551],[126.74441292,35.19088425],[126.74612372,35.1920129],[126.74786386,35.19311094],[126.74963252,35.19417787],[126.75142888,35.19521317],[126.75325209,35.19621636],[126.75510132,35.19718698],[126.75697568,35.19812457],[126.75887432,35.19902869],[126.76079634,35.19989892],[126.76274084,35.20073486],[126.76470692,35.20153611],[126.76669365,35.20230229],[126.76870011,35.20303306],[126.77072537,35.20372807],[126.77276846,35.20438698],[126.77482845,35.20500951],[126.77690437,35.20559534],[126.77899524,35.20614421],[126.78110009,35.20665587],[126.78321793,35.20713007],[126.78534779,35.2075666],[126.78748864,35.20796524],[126.78963951,35.20832581],[126.79179938,35.20864814],[126.79396725,35.20893209],[126.79614209,35.20917751],[126.79832289,35.2093843],[126.80050863,35.20955236],[126.80269829,35.2096816],[126.80489085,35.20977198],[126.80708528,35.20982344],[126.80928055,35.20983596]]]]},"geometry_name":"ag_geom","properties":{"zone_type":"관제권","layer":"lt_c_aisctrc","name":"GWANGJU","upper":null,"lower":null,"color":"#c2185b","dist_km":149.64},"bbox":[126.70732238,35.04294991,126.91045,35.20983596]},{"type":"Feature","id":"lt_c_aisctrc.28","geometry":{"type":"MultiPolygon","coordinates":[[[[126.61602226,35.98734741],[126.6182393,35.98732462],[126.62045521,35.98726288],[126.62266896,35.98716224],[126.62487952,35.98702273],[126.62708584,35.98684443],[126.6292869,35.98662741],[126.63148167,35.98637177],[126.63366912,35.98607765],[126.63584823,35.98574517],[126.63801798,35.98537449],[126.64017735,35.98496579],[126.64232534,35.98451925],[126.64446094,35.98403508],[126.64658315,35.98351351],[126.64869098,35.98295479],[126.65078344,35.98235917],[126.65285956,35.98172694],[126.65491837,35.98105838],[126.6569589,35.98035382],[126.65898021,35.97961358],[126.66098133,35.978838],[126.66296135,35.97802746],[126.66491934,35.97718233],[126.66685437,35.976303],[126.66876555,35.97538988],[126.67065199,35.97444341],[126.6725128,35.97346403],[126.67434712,35.97245218],[126.67615408,35.97140835],[126.67793285,35.97033303],[126.67968259,35.96922671],[126.68140249,35.96808992],[126.68309175,35.96692318],[126.68474957,35.96572704],[126.68637519,35.96450206],[126.68796785,35.96324882],[126.6895268,35.96196788],[126.69105131,35.96065987],[126.69254069,35.95932538],[126.69399422,35.95796505],[126.69541124,35.9565795],[126.69679109,35.95516938],[126.69813312,35.95373536],[126.6994367,35.95227809],[126.70070124,35.95079827],[126.70192615,35.94929659],[126.70311084,35.94777373],[126.70425478,35.94623043],[126.70535742,35.94466739],[126.70641827,35.94308535],[126.70743683,35.94148505],[126.70841261,35.93986723],[126.70934518,35.93823265],[126.71023409,35.93658207],[126.71107894,35.93491626],[126.71187934,35.933236],[126.7126349,35.93154207],[126.71334529,35.92983527],[126.71401018,35.92811639],[126.71462926,35.92638623],[126.71520223,35.9246456],[126.71572885,35.92289532],[126.71620886,35.92113619],[126.71664204,35.91936904],[126.71702821,35.9175947],[126.71736717,35.91581399],[126.71765877,35.91402774],[126.71790289,35.91223679],[126.71809941,35.91044197],[126.71824824,35.90864411],[126.71834932,35.90684407],[126.71840261,35.90504266],[126.71840807,35.90324074],[126.71836571,35.90143915],[126.71827557,35.89963872],[126.71813767,35.89784029],[126.71795209,35.89604471],[126.71771892,35.8942528],[126.71743828,35.89246542],[126.71711028,35.89068338],[126.7167351,35.88890751],[126.7163129,35.88713865],[126.7158439,35.88537762],[126.7153283,35.88362523],[126.71476637,35.88188232],[126.71415834,35.88014968],[126.71350453,35.87842813],[126.71280522,35.87671846],[126.71206076,35.87502147],[126.71127149,35.87333796],[126.71043778,35.8716687],[126.70956002,35.87001448],[126.70863863,35.86837606],[126.70767403,35.8667542],[126.70666668,35.86514967],[126.70561705,35.86356321],[126.70452563,35.86199555],[126.70339293,35.86044743],[126.70221948,35.85891957],[126.70100583,35.85741267],[126.69975255,35.85592745],[126.69846021,35.85446458],[126.69712943,35.85302476],[126.69576083,35.85160864],[126.69435505,35.8502169],[126.69291273,35.84885017],[126.69143456,35.84750909],[126.68992123,35.84619429],[126.68837343,35.84490638],[126.68679189,35.84364596],[126.68517735,35.84241361],[126.68353056,35.8412099],[126.68185229,35.8400354],[126.68014332,35.83889066],[126.67840445,35.8377762],[126.67663648,35.83669254],[126.67484024,35.83564019],[126.67301656,35.83461963],[126.6711663,35.83363134],[126.66929032,35.83267578],[126.66738948,35.8317534],[126.66546468,35.83086462],[126.6635168,35.83000986],[126.66154676,35.8291895],[126.65955547,35.82840395],[126.65754386,35.82765355],[126.65551286,35.82693866],[126.65346342,35.82625961],[126.65139649,35.82561672],[126.64931303,35.82501028],[126.64721401,35.82444058],[126.64510041,35.82390788],[126.64297321,35.82341243],[126.64083339,35.82295446],[126.63868196,35.82253418],[126.6365199,35.82215179],[126.63434824,35.82180746],[126.63216797,35.82150136],[126.62998011,35.82123362],[126.62778568,35.82100438],[126.62558569,35.82081373],[126.62338117,35.82066178],[126.62117314,35.82054858],[126.61896264,35.82047419],[126.61675067,35.82043864],[126.61453829,35.82044195],[126.6123265,35.82048413],[126.61011634,35.82056514],[126.60790884,35.82068496],[126.60570503,35.82084352],[126.60350591,35.82104076],[126.60131253,35.82127657],[126.59912589,35.82155086],[126.59694702,35.82186349],[126.59477692,35.82221433],[126.59261661,35.82260319],[126.59046709,35.82302991],[126.58832935,35.8234943],[126.5862044,35.82399612],[126.58409322,35.82453515],[126.58199678,35.82511113],[126.57991608,35.82572381],[126.57785206,35.82637289],[126.5758057,35.82705808],[126.57377794,35.82777905],[126.57176973,35.82853547],[126.569782,35.82932698],[126.56781567,35.83015324],[126.56587167,35.83101383],[126.56395089,35.83190837],[126.56205423,35.83283644],[126.56018257,35.83379761],[126.55833678,35.83479144],[126.55651773,35.83581745],[126.55472625,35.83687518],[126.55296319,35.83796413],[126.55122936,35.83908379],[126.54952557,35.84023365],[126.54785261,35.84141317],[126.54621127,35.8426218],[126.54460231,35.84385898],[126.54302648,35.84512414],[126.54148451,35.84641668],[126.53997712,35.847736],[126.53850502,35.8490815],[126.53706888,35.85045254],[126.5356694,35.85184849],[126.5343072,35.85326869],[126.53298294,35.85471249],[126.53169722,35.85617922],[126.53045066,35.8576682],[126.52924383,35.85917872],[126.52807729,35.86071009],[126.52695159,35.86226159],[126.52586727,35.8638325],[126.52482481,35.8654221],[126.52382473,35.86702964],[126.52286746,35.86865437],[126.52195348,35.87029554],[126.52108321,35.87195239],[126.52025705,35.87362413],[126.5194754,35.87531],[126.51873862,35.8770092],[126.51804705,35.87872096],[126.51740102,35.88044446],[126.51680084,35.88217891],[126.51624678,35.8839235],[126.51573912,35.88567741],[126.51527809,35.88743984],[126.5148639,35.88920995],[126.51449675,35.89098693],[126.51417682,35.89276994],[126.51390427,35.89455816],[126.51367921,35.89635075],[126.51350176,35.89814688],[126.513372,35.8999457],[126.51329,35.90174639],[126.5132558,35.9035481],[126.51326943,35.90534999],[126.51333086,35.90715122],[126.51344009,35.90895095],[126.51359706,35.91074835],[126.51380171,35.91254257],[126.51405394,35.91433278],[126.51435363,35.91611814],[126.51470065,35.91789782],[126.51509485,35.919671],[126.51553603,35.92143684],[126.51602401,35.92319451],[126.51655855,35.92494321],[126.51713941,35.92668211],[126.51776632,35.9284104],[126.51843899,35.93012728],[126.51915711,35.93183193],[126.51992035,35.93352359],[126.52072835,35.93520144],[126.52158075,35.9368647],[126.52247714,35.93851261],[126.52341711,35.94014439],[126.52440022,35.94175927],[126.52542602,35.94335651],[126.52649403,35.94493537],[126.52760376,35.94649509],[126.52875469,35.94803495],[126.52994628,35.94955424],[126.53117799,35.95105225],[126.53244923,35.95252827],[126.53375942,35.95398161],[126.53510794,35.95541161],[126.53649417,35.95681758],[126.53791746,35.95819888],[126.53937716,35.95955485],[126.54087258,35.96088486],[126.54240302,35.9621883],[126.54396777,35.96346455],[126.5455661,35.96471302],[126.54719727,35.96593312],[126.54886051,35.96712428],[126.55055505,35.96828595],[126.55228009,35.96941759],[126.55403485,35.97051865],[126.55581848,35.97158864],[126.55763017,35.97262705],[126.55946907,35.97363339],[126.56133431,35.97460719],[126.56322503,35.975548],[126.56514034,35.97645539],[126.56707936,35.97732891],[126.56904117,35.97816817],[126.57102485,35.97897278],[126.57302948,35.97974235],[126.57505414,35.98047653],[126.57709785,35.98117497],[126.57915968,35.98183735],[126.58123866,35.98246336],[126.58333381,35.98305271],[126.58544416,35.98360511],[126.58756873,35.98412031],[126.58970651,35.98459808],[126.59185651,35.98503818],[126.59401773,35.98544042],[126.59618914,35.98580459],[126.59836975,35.98613054],[126.60055852,35.98641811],[126.60275443,35.98666716],[126.60495646,35.98687758],[126.60716358,35.98704927],[126.60937475,35.98718215],[126.61158895,35.98727617],[126.61380513,35.98733126],[126.61602226,35.98734741]]]]},"geometry_name":"ag_geom","properties":{"zone_type":"관제권","layer":"lt_c_aisctrc","name":"GUNSAN","upper":null,"lower":null,"color":"#c2185b","dist_km":184.49},"bbox":[126.5132558,35.82043864,126.71840807,35.98734741]},{"type":"Feature","id":"lt_c_aisctrc.29","geometry":{"type":"MultiPolygon","coordinates":[[[[127.61846605,34.92565582],[127.6206529,34.92561421],[127.62283814,34.92553368],[127.62502075,34.92541427],[127.62719972,34.92525603],[127.62937402,34.92505905],[127.63154264,34.9248234],[127.63370456,34.92454921],[127.63585877,34.9242366],[127.63800426,34.92388571],[127.64014004,34.92349671],[127.6422651,34.92306979],[127.64437845,34.92260514],[127.6464791,34.92210298],[127.64856607,34.92156354],[127.65063838,34.92098708],[127.65269506,34.92037386],[127.65473516,34.91972418],[127.65675772,34.91903833],[127.65876179,34.91831664],[127.66074644,34.91755945],[127.66271074,34.9167671],[127.66465377,34.91593998],[127.66657463,34.91507846],[127.66847241,34.91418295],[127.67034624,34.91325387],[127.67219523,34.91229165],[127.67401853,34.91129674],[127.67581528,34.91026961],[127.67758464,34.90921074],[127.67932578,34.90812061],[127.6810379,34.90699976],[127.6827202,34.90584868],[127.68437189,34.90466793],[127.68599219,34.90345806],[127.68758036,34.90221963],[127.68913566,34.90095321],[127.69065736,34.89965941],[127.69214474,34.89833882],[127.69359712,34.89699207],[127.69501382,34.89561978],[127.69639419,34.8942226],[127.69773756,34.89280117],[127.69904333,34.89135616],[127.70031089,34.88988824],[127.70153963,34.88839811],[127.702729,34.88688646],[127.70387844,34.88535398],[127.70498742,34.88380141],[127.70605541,34.88222946],[127.70708192,34.88063887],[127.70806649,34.87903037],[127.70900864,34.87740473],[127.70990794,34.8757627],[127.71076398,34.87410505],[127.71157636,34.87243255],[127.7123447,34.87074598],[127.71306865,34.86904613],[127.71374787,34.86733379],[127.71438205,34.86560976],[127.71497089,34.86387485],[127.71551413,34.86212986],[127.7160115,34.86037561],[127.71646279,34.85861292],[127.71686779,34.85684261],[127.71722631,34.8550655],[127.71753818,34.85328243],[127.71780327,34.85149423],[127.71802146,34.84970173],[127.71819263,34.84790576],[127.71831673,34.84610716],[127.71839369,34.84430678],[127.71842349,34.84250546],[127.71840611,34.84070402],[127.71834155,34.83890331],[127.71822986,34.83710417],[127.7180711,34.83530745],[127.71786533,34.83351397],[127.71761266,34.83172457],[127.71731321,34.82994009],[127.71696713,34.82816136],[127.71657456,34.8263892],[127.71613571,34.82462445],[127.71565078,34.82286792],[127.71512,34.82112043],[127.71454361,34.8193828],[127.7139219,34.81765584],[127.71325515,34.81594034],[127.71254367,34.81423712],[127.71178781,34.81254696],[127.71098791,34.81087064],[127.71014436,34.80920896],[127.70925754,34.80756268],[127.70832787,34.80593257],[127.70735579,34.80431939],[127.70634175,34.80272389],[127.70528623,34.80114681],[127.70418972,34.79958889],[127.70305273,34.79805085],[127.7018758,34.7965334],[127.70065948,34.79503727],[127.69940433,34.79356312],[127.69811094,34.79211167],[127.69677991,34.79068357],[127.69541187,34.7892795],[127.69400745,34.78790011],[127.69256731,34.78654604],[127.69109212,34.78521792],[127.68958257,34.78391636],[127.68803936,34.78264198],[127.68646322,34.78139536],[127.68485487,34.78017709],[127.68321507,34.77898773],[127.68154458,34.77782783],[127.67984417,34.77669794],[127.67811465,34.77559858],[127.67635681,34.77453026],[127.67457148,34.77349347],[127.67275948,34.77248871],[127.67092166,34.77151643],[127.66905888,34.77057709],[127.667172,34.76967112],[127.66526189,34.76879895],[127.66332945,34.76796098],[127.66137559,34.76715761],[127.65940119,34.7663892],[127.6574072,34.7656561],[127.65539452,34.76495867],[127.6533641,34.76429723],[127.65131688,34.76367208],[127.64925382,34.76308351],[127.64717587,34.76253181],[127.645084,34.76201721],[127.64297918,34.76153997],[127.64086239,34.76110031],[127.63873461,34.76069842],[127.63659683,34.7603345],[127.63445006,34.76000872],[127.63229527,34.75972122],[127.63013349,34.75947214],[127.6279657,34.7592616],[127.62579292,34.75908968],[127.62361616,34.75895649],[127.62143642,34.75886207],[127.61925472,34.75880647],[127.61707209,34.75878971],[127.61488952,34.75881181],[127.61270804,34.75887274],[127.61052865,34.7589725],[127.60835237,34.75911102],[127.60618022,34.75928824],[127.6040132,34.75950409],[127.60185231,34.75975845],[127.59969857,34.76005122],[127.59755297,34.76038226],[127.59541651,34.76075141],[127.59329019,34.7611585],[127.59117498,34.76160334],[127.58907189,34.76208573],[127.58698187,34.76260544],[127.58490591,34.76316223],[127.58284497,34.76375583],[127.5808,34.76438599],[127.57877197,34.7650524],[127.5767618,34.76575475],[127.57477044,34.76649271],[127.57279882,34.76726595],[127.57084784,34.76807411],[127.56891842,34.7689168],[127.56701146,34.76979364],[127.56512783,34.77070421],[127.56326843,34.77164811],[127.56143411,34.77262488],[127.55962573,34.77363407],[127.55784412,34.77467522],[127.55609013,34.77574784],[127.55436456,34.77685142],[127.55266822,34.77798547],[127.55100191,34.77914945],[127.54936638,34.78034281],[127.54776241,34.78156501],[127.54619075,34.78281548],[127.54465213,34.78409363],[127.54314726,34.78539888],[127.54167685,34.7867306],[127.54024158,34.78808819],[127.53884212,34.78947101],[127.53747913,34.79087842],[127.53615324,34.79230977],[127.53486507,34.79376438],[127.53361522,34.79524158],[127.53240427,34.79674069],[127.5312328,34.79826101],[127.53010135,34.79980183],[127.52901044,34.80136242],[127.52796059,34.80294207],[127.52695229,34.80454005],[127.52598602,34.8061556],[127.52506221,34.80778797],[127.52418131,34.80943642],[127.52334373,34.81110016],[127.52254986,34.81277842],[127.52180008,34.81447042],[127.52109473,34.81617538],[127.52043415,34.81789249],[127.51981865,34.81962097],[127.51924852,34.82136],[127.51872402,34.82310878],[127.51824541,34.82486648],[127.51781291,34.8266323],[127.51742672,34.82840541],[127.51708703,34.83018498],[127.516794,34.83197019],[127.51654777,34.8337602],[127.51634846,34.83555417],[127.51619616,34.83735128],[127.51609095,34.83915067],[127.51603288,34.84095153],[127.51602197,34.842753],[127.51605825,34.84455425],[127.51614169,34.84635444],[127.51627226,34.84815272],[127.51644991,34.84994826],[127.51667454,34.85174022],[127.51694607,34.85352776],[127.51726436,34.85531006],[127.51762927,34.85708628],[127.51804064,34.8588556],[127.51849828,34.86061718],[127.51900197,34.8623702],[127.51955149,34.86411385],[127.52014658,34.86584731],[127.52078696,34.86756978],[127.52147234,34.86928045],[127.52220241,34.87097852],[127.52297683,34.87266321],[127.52379523,34.87433372],[127.52465724,34.87598927],[127.52556245,34.87762909],[127.52651046,34.87925242],[127.52750081,34.88085849],[127.52853306,34.88244657],[127.52960671,34.8840159],[127.53072127,34.88556575],[127.53187623,34.8870954],[127.53307104,34.88860415],[127.53430516,34.89009126],[127.53557799,34.89155607],[127.53688897,34.89299788],[127.53823746,34.89441602],[127.53962285,34.89580982],[127.54104449,34.89717864],[127.54250173,34.89852183],[127.54399386,34.89983877],[127.54552022,34.90112885],[127.54708007,34.90239145],[127.5486727,34.90362599],[127.55029737,34.9048319],[127.55195331,34.9060086],[127.55363975,34.90715556],[127.5553559,34.90827222],[127.55710098,34.90935808],[127.55887415,34.91041262],[127.56067459,34.91143535],[127.56250147,34.9124258],[127.56435392,34.91338349],[127.56623109,34.91430798],[127.5681321,34.91519885],[127.57005606,34.91605567],[127.57200207,34.91687803],[127.57396922,34.91766557],[127.57595659,34.91841791],[127.57796326,34.91913469],[127.57998828,34.91981559],[127.58203071,34.92046028],[127.5840896,34.92106846],[127.58616398,34.92163985],[127.58825288,34.92217418],[127.59035534,34.9226712],[127.59247035,34.92313069],[127.59459694,34.92355241],[127.59673411,34.92393618],[127.59888087,34.92428182],[127.6010362,34.92458916],[127.6031991,34.92485807],[127.60536855,34.9250884],[127.60754356,34.92528007],[127.60972309,34.92543298],[127.61190612,34.92554705],[127.61409164,34.92562224],[127.61627863,34.9256585],[127.61846605,34.92565582]]]]},"geometry_name":"ag_geom","properties":{"zone_type":"관제권","layer":"lt_c_aisctrc","name":"YEOSU","upper":null,"lower":null,"color":"#c2185b","dist_km":83.97},"bbox":[127.51602197,34.75878971,127.71842349,34.9256585]},{"type":"Feature","id":"lt_c_aisctrc.30","geometry":{"type":"MultiPolygon","coordinates":[[[[127.96223656,37.52180345],[127.96449749,37.52175539],[127.96675658,37.52166842],[127.96901279,37.52154258],[127.97126505,37.52137792],[127.97351231,37.52117454],[127.97575352,37.52093252],[127.97798763,37.52065196],[127.98021359,37.52033302],[127.98243037,37.51997583],[127.98463693,37.51958055],[127.98683224,37.51914739],[127.98901526,37.51867653],[127.99118499,37.5181682],[127.9933404,37.51762264],[127.99548049,37.5170401],[127.99760425,37.51642085],[127.9997107,37.51576519],[128.00179885,37.51507341],[128.00386772,37.51434586],[128.00591634,37.51358285],[128.00794377,37.51278476],[128.00994905,37.51195194],[128.01193124,37.51108481],[128.01388943,37.51018375],[128.01582268,37.50924919],[128.01773012,37.50828157],[128.01961083,37.50728133],[128.02146394,37.50624895],[128.02328859,37.50518492],[128.02508393,37.50408971],[128.02684912,37.50296386],[128.02858333,37.50180789],[128.03028575,37.50062232],[128.0319556,37.49940773],[128.03359209,37.49816467],[128.03519446,37.49689373],[128.03676196,37.4955955],[128.03829387,37.49427059],[128.03978946,37.49291962],[128.04124804,37.49154321],[128.04266894,37.49014202],[128.04405148,37.48871669],[128.04539504,37.4872679],[128.04669897,37.48579631],[128.04796268,37.48430261],[128.04918558,37.48278751],[128.05036709,37.48125171],[128.05150668,37.47969593],[128.05260379,37.4781209],[128.05365795,37.47652734],[128.05466864,37.47491601],[128.05563541,37.47328765],[128.0565578,37.47164303],[128.05743538,37.46998292],[128.05826775,37.46830808],[128.05905452,37.46661931],[128.05979534,37.46491738],[128.06048985,37.4632031],[128.06113773,37.46147726],[128.0617387,37.45974067],[128.06229246,37.45799413],[128.06279876,37.45623848],[128.06325738,37.45447451],[128.0636681,37.45270306],[128.06403073,37.45092495],[128.06434511,37.44914101],[128.06461109,37.44735208],[128.06482856,37.44555898],[128.0649974,37.44376256],[128.06511756,37.44196365],[128.06518898,37.44016309],[128.06521163,37.43836172],[128.06518549,37.43656038],[128.06511059,37.4347599],[128.06498697,37.43296114],[128.06481468,37.43116493],[128.06459381,37.42937209],[128.06432447,37.42758348],[128.06400679,37.42579992],[128.06364091,37.42402224],[128.06322701,37.42225128],[128.06276528,37.42048785],[128.06225596,37.41873279],[128.06169926,37.41698689],[128.06109547,37.41525099],[128.06044486,37.41352589],[128.05974774,37.41181239],[128.05900443,37.41011129],[128.05821529,37.40842339],[128.05738069,37.40674945],[128.05650101,37.40509028],[128.05557668,37.40344664],[128.05460812,37.40181929],[128.05359578,37.400209],[128.05254015,37.3986165],[128.05144172,37.39704255],[128.05030099,37.39548788],[128.04911851,37.39395321],[128.04789482,37.39243924],[128.04663051,37.3909467],[128.04532615,37.38947627],[128.04398235,37.38802864],[128.04259975,37.38660448],[128.041179,37.38520445],[128.03972075,37.38382921],[128.03822568,37.38247939],[128.03669449,37.38115563],[128.03512791,37.37985853],[128.03352664,37.3785887],[128.03189145,37.37734673],[128.03022309,37.37613321],[128.02852234,37.37494869],[128.02679,37.37379372],[128.02502687,37.37266884],[128.02323378,37.37157458],[128.02141155,37.37051144],[128.01956104,37.36947992],[128.0176831,37.3684805],[128.01577862,37.36751364],[128.01384847,37.36657979],[128.01189356,37.36567939],[128.0099148,37.36481285],[128.0079131,37.36398058],[128.0058894,37.36318296],[128.00384464,37.36242037],[128.00177977,37.36169315],[127.99969575,37.36100165],[127.99759355,37.3603462],[127.99547414,37.35972708],[127.99333851,37.3591446],[127.99118767,37.35859901],[127.98902259,37.35809058],[127.9868443,37.35761955],[127.9846538,37.35718612],[127.98245211,37.35679051],[127.98024026,37.35643289],[127.97801927,37.35611343],[127.97579017,37.35583228],[127.973554,37.35558958],[127.97131181,37.35538542],[127.96906462,37.35521992],[127.9668135,37.35509314],[127.96455947,37.35500514],[127.96230359,37.35495597],[127.96004691,37.35494565],[127.95779048,37.35497419],[127.95553534,37.35504155],[127.95328254,37.35514773],[127.95103312,37.35529267],[127.94878815,37.3554763],[127.94654865,37.35569854],[127.94431567,37.35595927],[127.94209024,37.35625839],[127.93987341,37.35659576],[127.93766619,37.35697121],[127.93546962,37.35738457],[127.93328472,37.35783564],[127.93111249,37.35832424],[127.92895396,37.35885011],[127.92681012,37.35941302],[127.92468198,37.36001271],[127.92257052,37.36064889],[127.92047671,37.36132128],[127.91840155,37.36202956],[127.91634598,37.3627734],[127.91431097,37.36355245],[127.91229747,37.36436636],[127.91030641,37.36521474],[127.90833871,37.3660972],[127.9063953,37.36701333],[127.90447707,37.36796271],[127.90258492,37.36894489],[127.90071972,37.36995941],[127.89888236,37.37100581],[127.89707368,37.3720836],[127.89529453,37.37319227],[127.89354573,37.37433132],[127.8918281,37.3755002],[127.89014244,37.37669839],[127.88848953,37.37792532],[127.88687014,37.37918041],[127.88528504,37.38046309],[127.88373495,37.38177277],[127.88222061,37.38310882],[127.88074271,37.38447063],[127.87930194,37.38585757],[127.877899,37.38726899],[127.8765345,37.38870423],[127.87520912,37.39016264],[127.87392345,37.39164351],[127.8726781,37.39314618],[127.87147366,37.39466994],[127.87031068,37.39621407],[127.86918971,37.39777787],[127.86811127,37.3993606],[127.86707588,37.40096153],[127.866084,37.40257991],[127.86513611,37.40421499],[127.86423266,37.405866],[127.86337406,37.40753219],[127.86256072,37.40921276],[127.86179301,37.41090695],[127.86107131,37.41261396],[127.86039595,37.414333],[127.85976724,37.41606326],[127.85918549,37.41780394],[127.85865096,37.41955424],[127.85816392,37.42131332],[127.85772458,37.42308038],[127.85733316,37.42485459],[127.85698985,37.42663513],[127.8566948,37.42842116],[127.85644817,37.43021185],[127.85625005,37.43200637],[127.85610056,37.43380389],[127.85599977,37.43560356],[127.85594772,37.43740454],[127.85594445,37.439206],[127.85598995,37.44100709],[127.85608422,37.44280698],[127.85622721,37.44460483],[127.85641885,37.4463998],[127.85665907,37.44819105],[127.85694775,37.44997774],[127.85728476,37.45175905],[127.85766995,37.45353414],[127.85810314,37.45530218],[127.85858413,37.45706236],[127.85911271,37.45881384],[127.85968862,37.46055581],[127.86031161,37.46228747],[127.86098139,37.46400799],[127.86169764,37.46571658],[127.86246004,37.46741244],[127.86326823,37.46909478],[127.86412184,37.47076281],[127.86502047,37.47241576],[127.86596371,37.47405285],[127.86695111,37.47567332],[127.86798223,37.47727642],[127.86905658,37.47886138],[127.87017367,37.48042749],[127.87133297,37.48197399],[127.87253395,37.48350018],[127.87377604,37.48500533],[127.87505868,37.48648875],[127.87638125,37.48794974],[127.87774316,37.48938762],[127.87914376,37.49080172],[127.88058239,37.49219138],[127.88205841,37.49355594],[127.8835711,37.49489478],[127.88511978,37.49620726],[127.88670371,37.49749278],[127.88832217,37.49875072],[127.88997438,37.49998051],[127.8916596,37.50118157],[127.89337702,37.50235333],[127.89512585,37.50349526],[127.89690527,37.50460682],[127.89871445,37.50568747],[127.90055254,37.50673673],[127.9024187,37.50775411],[127.90431204,37.50873911],[127.90623168,37.5096913],[127.90817673,37.51061021],[127.91014628,37.51149543],[127.91213941,37.51234653],[127.91415519,37.51316312],[127.91619267,37.51394481],[127.9182509,37.51469125],[127.92032892,37.51540208],[127.92242577,37.51607697],[127.92454045,37.5167156],[127.92667199,37.51731768],[127.92881938,37.51788293],[127.93098163,37.51841107],[127.93315771,37.51890186],[127.93534662,37.51935509],[127.93754733,37.51977052],[127.9397588,37.52014797],[127.94198002,37.52048726],[127.94420993,37.52078823],[127.9464475,37.52105074],[127.94869167,37.52127467],[127.95094141,37.52145992],[127.95319565,37.52160639],[127.95545333,37.52171402],[127.95771342,37.52178276],[127.95997485,37.52181257],[127.96223656,37.52180345]]]]},"geometry_name":"ag_geom","properties":{"zone_type":"관제권","layer":"lt_c_aisctrc","name":"WONJU","upper":null,"lower":null,"color":"#c2185b","dist_km":247.71},"bbox":[127.85594445,37.35494565,128.06521163,37.52181257]},{"type":"Feature","id":"lt_c_aisctrc.31","geometry":{"type":"MultiPolygon","coordinates":[[[[128.07200537,35.17204581],[128.0741988,35.17199568],[128.07639038,35.17190663],[128.07857911,35.17177871],[128.08076396,35.17161198],[128.0829439,35.17140652],[128.08511792,35.17116241],[128.087285,35.17087978],[128.08944412,35.17055876],[128.09159428,35.17019949],[128.09373447,35.16980215],[128.09586369,35.16936692],[128.09798095,35.16889401],[128.10008525,35.16838363],[128.10217561,35.16783603],[128.10425106,35.16725146],[128.10631062,35.16663019],[128.10835333,35.16597251],[128.11037824,35.16527874],[128.11238439,35.1645492],[128.11437086,35.16378422],[128.11633672,35.16298417],[128.11828104,35.16214942],[128.12020292,35.16128036],[128.12210145,35.1603774],[128.12397576,35.15944095],[128.12582497,35.15847147],[128.12764822,35.15746939],[128.12944465,35.15643518],[128.13121342,35.15536935],[128.13295371,35.15427236],[128.13466471,35.15314476],[128.13634561,35.15198705],[128.13799564,35.15079979],[128.13961402,35.14958352],[128.14120001,35.14833881],[128.14275286,35.14706625],[128.14427184,35.14576643],[128.14575625,35.14443996],[128.1472054,35.14308745],[128.14861861,35.14170955],[128.14999522,35.14030689],[128.1513346,35.13888012],[128.15263611,35.13742993],[128.15389916,35.13595697],[128.15512315,35.13446194],[128.15630752,35.13294555],[128.15745171,35.13140849],[128.1585552,35.12985148],[128.15961747,35.12827526],[128.16063803,35.12668055],[128.1616164,35.12506811],[128.16255212,35.12343868],[128.16344478,35.12179303],[128.16429394,35.12013193],[128.16509923,35.11845614],[128.16586025,35.11676645],[128.16657667,35.11506366],[128.16724815,35.11334855],[128.16787438,35.11162192],[128.16845507,35.10988459],[128.16898996,35.10813736],[128.16947879,35.10638105],[128.16992134,35.10461647],[128.17031742,35.10284445],[128.17066683,35.10106582],[128.17096942,35.0992814],[128.17122505,35.09749203],[128.1714336,35.09569855],[128.17159498,35.09390178],[128.17170913,35.09210257],[128.17177597,35.09030176],[128.17179551,35.08850018],[128.17176771,35.08669868],[128.1716926,35.08489808],[128.17157022,35.08309925],[128.17140064,35.08130301],[128.17118392,35.0795102],[128.17092018,35.07772165],[128.17060954,35.0759382],[128.17025216,35.07416069],[128.16984818,35.07238993],[128.16939783,35.07062675],[128.16890129,35.06887198],[128.16835882,35.06712642],[128.16777066,35.06539091],[128.16713709,35.06366624],[128.16645841,35.06195321],[128.16573494,35.06025263],[128.16496702,35.05856528],[128.164155,35.05689196],[128.16329928,35.05523343],[128.16240024,35.05359049],[128.16145832,35.05196387],[128.16047396,35.05035435],[128.1594476,35.04876268],[128.15837974,35.04718959],[128.15727088,35.04563582],[128.15612153,35.04410209],[128.15493223,35.04258912],[128.15370353,35.0410976],[128.15243602,35.03962823],[128.15113027,35.0381817],[128.14978691,35.03675868],[128.14840655,35.03535983],[128.14698985,35.0339858],[128.14553746,35.03263723],[128.14405007,35.03131476],[128.14252836,35.03001898],[128.14097304,35.02875051],[128.13938484,35.02750993],[128.1377645,35.02629783],[128.13611277,35.02511476],[128.13443043,35.02396128],[128.13271826,35.02283793],[128.13097705,35.02174522],[128.12920762,35.02068366],[128.12741079,35.01965374],[128.1255874,35.01865596],[128.12373829,35.01769076],[128.12186433,35.0167586],[128.11996638,35.01585991],[128.11804533,35.01499511],[128.11610208,35.0141646],[128.11413753,35.01336877],[128.1121526,35.01260799],[128.1101482,35.0118826],[128.10812526,35.01119296],[128.10608474,35.01053937],[128.10402757,35.00992214],[128.10195471,35.00934156],[128.09986714,35.0087979],[128.09776582,35.00829142],[128.09565171,35.00782233],[128.09352582,35.00739088],[128.09138912,35.00699724],[128.08924261,35.00664162],[128.08708729,35.00632417],[128.08492416,35.00604503],[128.08275422,35.00580435],[128.08057849,35.00560224],[128.07839796,35.00543877],[128.07621367,35.00531404],[128.07402661,35.0052281],[128.07183781,35.00518099],[128.06964829,35.00517273],[128.06745907,35.00520333],[128.06527114,35.00527276],[128.06308555,35.00538101],[128.0609033,35.00552801],[128.0587254,35.00571371],[128.05655288,35.00593801],[128.05438673,35.00620081],[128.05222797,35.00650198],[128.05007759,35.0068414],[128.0479366,35.0072189],[128.04580599,35.0076343],[128.04368676,35.00808741],[128.04157988,35.00857802],[128.03948634,35.00910591],[128.03740711,35.00967082],[128.03534316,35.0102725],[128.03329544,35.01091067],[128.03126491,35.01158502],[128.02925252,35.01229525],[128.0272592,35.01304103],[128.02528586,35.01382201],[128.02333345,35.01463782],[128.02140285,35.01548809],[128.01949498,35.01637242],[128.01761072,35.0172904],[128.01575094,35.01824161],[128.0139165,35.01922559],[128.01210828,35.02024191],[128.0103271,35.02129007],[128.00857379,35.0223696],[128.00684918,35.02347999],[128.00515406,35.02462073],[128.00348923,35.02579128],[128.00185545,35.02699111],[128.0002535,35.02821965],[127.99868411,35.02947633],[127.99714802,35.03076057],[127.99564595,35.03207177],[127.9941786,35.03340932],[127.99274665,35.0347726],[127.99135076,35.03616098],[127.98999159,35.0375738],[127.98866978,35.03901042],[127.98738594,35.04047016],[127.98614067,35.04195234],[127.98493455,35.04345628],[127.98376815,35.04498128],[127.98264201,35.04652661],[127.98155665,35.04809158],[127.98051259,35.04967543],[127.97951032,35.05127746],[127.9785503,35.05289689],[127.97763298,35.05453299],[127.97675879,35.05618498],[127.97592815,35.05785211],[127.97514143,35.05953359],[127.97439902,35.06122864],[127.97370126,35.06293647],[127.97304847,35.06465629],[127.97244097,35.06638729],[127.97187904,35.06812867],[127.97136295,35.06987962],[127.97089293,35.07163933],[127.97046922,35.07340696],[127.970092,35.07518171],[127.96976147,35.07696273],[127.96947777,35.07874921],[127.96924105,35.08054031],[127.96905141,35.0823352],[127.96890896,35.08413303],[127.96881375,35.08593297],[127.96876583,35.08773419],[127.96876524,35.08953584],[127.96881197,35.09133708],[127.96890601,35.09313707],[127.96904732,35.09493498],[127.96923583,35.09672996],[127.96947145,35.09852118],[127.96975409,35.1003078],[127.97008361,35.10208899],[127.97045987,35.10386392],[127.97088269,35.10563176],[127.97135187,35.10739169],[127.9718672,35.10914288],[127.97242845,35.11088452],[127.97303535,35.1126158],[127.97368763,35.1143359],[127.97438498,35.11604403],[127.97512708,35.11773938],[127.9759136,35.11942117],[127.97674415,35.12108862],[127.97761836,35.12274093],[127.97853582,35.12437735],[127.97949611,35.12599711],[127.98049879,35.12759944],[127.98154338,35.12918361],[127.98262941,35.13074888],[127.98375635,35.1322945],[127.98492371,35.13381977],[127.98613092,35.13532397],[127.98737744,35.13680639],[127.98866267,35.13826635],[127.98998602,35.13970316],[127.99134687,35.14111615],[127.9927446,35.14250466],[127.99417855,35.14386804],[127.99564805,35.14520565],[127.99715242,35.14651688],[127.99869095,35.14780111],[128.00026294,35.14905773],[128.00186764,35.15028616],[128.00350431,35.15148582],[128.00517218,35.15265616],[128.00687048,35.15379664],[128.00859841,35.1549067],[128.01035517,35.15598584],[128.01213994,35.15703355],[128.01395188,35.15804935],[128.01579016,35.15903275],[128.0176539,35.1599833],[128.01954224,35.16090055],[128.02145431,35.16178408],[128.02338919,35.16263346],[128.025346,35.16344831],[128.02732382,35.16422825],[128.02932172,35.1649729],[128.03133877,35.16568192],[128.03337402,35.16635498],[128.03542654,35.16699176],[128.03749535,35.16759198],[128.03957948,35.16815533],[128.04167798,35.16868156],[128.04378985,35.16917043],[128.0459141,35.16962171],[128.04804975,35.17003519],[128.05019579,35.17041066],[128.05235123,35.17074797],[128.05451505,35.17104694],[128.05668624,35.17130744],[128.05886378,35.17152935],[128.06104667,35.17171256],[128.06323387,35.17185699],[128.06542437,35.17196257],[128.06761713,35.17202925],[128.06981115,35.172057],[128.07200537,35.17204581]]]]},"geometry_name":"ag_geom","properties":{"zone_type":"관제권","layer":"lt_c_aisctrc","name":"SACHEON","upper":null,"lower":null,"color":"#c2185b","dist_km":35.94},"bbox":[127.96876524,35.00517273,128.17179551,35.172057]},{"type":"Feature","id":"lt_c_aisctrc.32","geometry":{"type":"MultiPolygon","coordinates":[[[[129.3553273,35.67675093],[129.35753385,35.6766767],[129.35973791,35.67656358],[129.36193845,35.67641162],[129.36413445,35.67622089],[129.36632488,35.67599147],[129.36850872,35.67572348],[129.37068493,35.67541704],[129.37285252,35.67507229],[129.37501045,35.6746894],[129.37715772,35.67426854],[129.37929334,35.67380991],[129.38141629,35.67331373],[129.3835256,35.67278023],[129.38562026,35.67220965],[129.38769931,35.67160227],[129.38976177,35.67095836],[129.39180667,35.67027824],[129.39383307,35.66956221],[129.39584,35.66881061],[129.39782655,35.6680238],[129.39979177,35.66720214],[129.40173475,35.66634601],[129.40365459,35.66545582],[129.40555038,35.66453198],[129.40742123,35.66357492],[129.40926629,35.6625851],[129.41108469,35.66156297],[129.41287556,35.66050901],[129.41463809,35.65942372],[129.41637144,35.65830759],[129.41807482,35.65716117],[129.41974741,35.65598497],[129.42138846,35.65477955],[129.42299717,35.65354547],[129.42457282,35.65228332],[129.42611467,35.65099367],[129.42762198,35.64967713],[129.42909407,35.64833432],[129.43053025,35.64696587],[129.43192984,35.6455724],[129.4332922,35.64415459],[129.43461669,35.64271308],[129.43590269,35.64124855],[129.43714962,35.63976168],[129.43835687,35.63825317],[129.43952391,35.63672373],[129.44065017,35.63517406],[129.44173515,35.63360489],[129.44277833,35.63201696],[129.44377923,35.63041101],[129.44473738,35.62878777],[129.44565235,35.62714803],[129.44652371,35.62549253],[129.44735104,35.62382205],[129.44813398,35.62213737],[129.44887215,35.62043928],[129.44956522,35.61872857],[129.45021287,35.61700604],[129.45081479,35.61527249],[129.45137071,35.61352873],[129.45188037,35.61177558],[129.45234354,35.61001385],[129.45276,35.60824436],[129.45312957,35.60646794],[129.45345208,35.60468542],[129.45372736,35.60289763],[129.45395532,35.60110541],[129.45413583,35.59930958],[129.45426882,35.59751099],[129.45435423,35.59571048],[129.45439202,35.59390888],[129.45438219,35.59210704],[129.45432473,35.59030578],[129.45421967,35.58850597],[129.45406708,35.58670842],[129.45386702,35.58491399],[129.45361959,35.58312351],[129.45332491,35.58133781],[129.45298312,35.57955772],[129.45259438,35.57778408],[129.45215888,35.5760177],[129.45167682,35.57425942],[129.45114843,35.57251005],[129.45057396,35.5707704],[129.44995368,35.56904129],[129.44928788,35.56732352],[129.44857688,35.5656179],[129.44782101,35.56392522],[129.44702063,35.56224625],[129.4461761,35.56058179],[129.44528783,35.55893262],[129.44435623,35.55729949],[129.44338174,35.55568318],[129.44236482,35.55408442],[129.44130593,35.55250397],[129.44020559,35.55094256],[129.43906429,35.54940092],[129.43788258,35.54787977],[129.43666101,35.54637981],[129.43540015,35.54490174],[129.43410058,35.54344624],[129.43276292,35.54201401],[129.43138778,35.5406057],[129.42997582,35.53922197],[129.42852768,35.53786345],[129.42704405,35.53653079],[129.42552561,35.53522461],[129.42397308,35.5339455],[129.42238718,35.53269408],[129.42076864,35.5314709],[129.41911823,35.53027656],[129.41743671,35.52911159],[129.41572486,35.52797656],[129.41398348,35.52687197],[129.41221338,35.52579834],[129.41041539,35.52475618],[129.40859035,35.52374597],[129.4067391,35.52276818],[129.4048625,35.52182326],[129.40296144,35.52091165],[129.40103678,35.52003378],[129.39908943,35.51919005],[129.3971203,35.51838086],[129.39513029,35.51760658],[129.39312035,35.51686757],[129.39109139,35.51616418],[129.38904437,35.51549673],[129.38698023,35.51486553],[129.38489994,35.51427088],[129.38280446,35.51371305],[129.38069477,35.5131923],[129.37857185,35.51270887],[129.37643668,35.512263],[129.37429026,35.51185487],[129.37213359,35.5114847],[129.36996766,35.51115263],[129.36779348,35.51085885],[129.36561207,35.51060347],[129.36342444,35.51038661],[129.36123161,35.51020839],[129.35903458,35.51006886],[129.35683439,35.50996812],[129.35463206,35.5099062],[129.3524286,35.50988313],[129.35022506,35.50989892],[129.34802244,35.50995356],[129.34582177,35.51004703],[129.34362407,35.51017929],[129.34143037,35.51035027],[129.33924169,35.51055989],[129.33705903,35.51080806],[129.33488343,35.51109466],[129.33271588,35.51141956],[129.33055739,35.51178261],[129.32840897,35.51218364],[129.32627162,35.51262245],[129.32414633,35.51309886],[129.32203409,35.51361263],[129.31993587,35.51416353],[129.31785266,35.5147513],[129.31578543,35.51537568],[129.31373513,35.51603636],[129.31170271,35.51673304],[129.30968913,35.51746539],[129.30769532,35.51823309],[129.30572221,35.51903577],[129.30377071,35.51987306],[129.30184173,35.52074456],[129.29993618,35.52164988],[129.29805493,35.52258859],[129.29619886,35.52356025],[129.29436884,35.52456442],[129.29256572,35.52560063],[129.29079034,35.5266684],[129.28904351,35.52776722],[129.28732607,35.52889659],[129.28563881,35.53005599],[129.28398251,35.53124487],[129.28235794,35.53246268],[129.28076587,35.53370886],[129.27920703,35.53498282],[129.27768215,35.53628397],[129.27619194,35.53761172],[129.2747371,35.53896543],[129.27331831,35.54034448],[129.27193622,35.54174824],[129.27059149,35.54317604],[129.26928474,35.54462722],[129.26801658,35.54610111],[129.2667876,35.54759702],[129.26559838,35.54911425],[129.26444947,35.55065211],[129.26334141,35.55220987],[129.26227472,35.5537868],[129.2612499,35.55538218],[129.26026742,35.55699526],[129.25932775,35.55862529],[129.25843132,35.56027152],[129.25757857,35.56193317],[129.25676988,35.56360947],[129.25600564,35.56529964],[129.25528621,35.5670029],[129.25461191,35.56871845],[129.25398308,35.57044549],[129.25340001,35.57218322],[129.25286296,35.57393083],[129.2523722,35.5756875],[129.25192796,35.57745242],[129.25153044,35.57922476],[129.25117984,35.5810037],[129.25087632,35.58278842],[129.25062002,35.58457806],[129.25041107,35.58637182],[129.25024957,35.58816884],[129.25013561,35.58996829],[129.25006923,35.59176933],[129.25005046,35.59357113],[129.25007932,35.59537284],[129.25015581,35.59717361],[129.25027989,35.59897263],[129.2504515,35.60076903],[129.25067056,35.602562],[129.25093699,35.60435068],[129.25125065,35.60613424],[129.25161141,35.60791187],[129.25201909,35.60968271],[129.25247352,35.61144596],[129.25297449,35.61320078],[129.25352176,35.61494636],[129.25411507,35.61668189],[129.25475417,35.61840654],[129.25543875,35.62011953],[129.25616849,35.62182004],[129.25694306,35.62350729],[129.2577621,35.62518049],[129.25862523,35.62683885],[129.25953206,35.62848161],[129.26048215,35.63010799],[129.26147507,35.63171724],[129.26251035,35.63330861],[129.26358753,35.63488134],[129.26470609,35.63643472],[129.26586552,35.63796801],[129.26706528,35.6394805],[129.26830481,35.64097147],[129.26958353,35.64244024],[129.27090085,35.64388612],[129.27225616,35.64530842],[129.27364882,35.6467065],[129.27507818,35.6480797],[129.27654359,35.64942736],[129.27804435,35.65074887],[129.27957978,35.6520436],[129.28114914,35.65331096],[129.28275171,35.65455034],[129.28438675,35.65576118],[129.28605349,35.6569429],[129.28775115,35.65809494],[129.28947895,35.65921679],[129.29123606,35.6603079],[129.29302169,35.66136777],[129.29483498,35.6623959],[129.29667511,35.66339182],[129.29854119,35.66435505],[129.30043237,35.66528515],[129.30234777,35.66618168],[129.30428648,35.66704423],[129.3062476,35.66787238],[129.30823021,35.66866576],[129.3102334,35.66942398],[129.31225621,35.67014671],[129.31429772,35.67083359],[129.31635696,35.67148431],[129.31843296,35.67209856],[129.32052478,35.67267606],[129.32263141,35.67321654],[129.32475188,35.67371973],[129.32688519,35.67418542],[129.32903036,35.67461337],[129.33118637,35.6750034],[129.33335222,35.67535531],[129.33552689,35.67566894],[129.33770938,35.67594416],[129.33989865,35.67618082],[129.34209368,35.67637881],[129.34429345,35.67653805],[129.34649693,35.67665846],[129.34870309,35.67673998],[129.35091089,35.67678258],[129.35311931,35.67678622],[129.3553273,35.67675093]]]]},"geometry_name":"ag_geom","properties":{"zone_type":"관제권","layer":"lt_c_aisctrc","name":"ULSAN","upper":null,"lower":null,"color":"#c2185b","dist_km":76.63},"bbox":[129.25005046,35.50988313,129.45439202,35.67678622]},{"type":"Feature","id":"lt_c_aisctrc.33","geometry":{"type":"MultiPolygon","coordinates":[[[[127.11490572,37.52926627],[127.11716731,37.52923411],[127.1194275,37.52916302],[127.12168523,37.52905305],[127.12393944,37.52890424],[127.12618908,37.52871666],[127.12843311,37.5284904],[127.13067046,37.52822557],[127.13290009,37.52792228],[127.13512095,37.52758069],[127.13733202,37.52720095],[127.13953226,37.52678323],[127.14172063,37.52632774],[127.14389612,37.52583469],[127.1460577,37.5253043],[127.14820437,37.52473684],[127.15033513,37.52413255],[127.15244896,37.52349172],[127.15454491,37.52281466],[127.15662196,37.52210167],[127.15867917,37.5213531],[127.16071556,37.5205693],[127.16273019,37.51975062],[127.16472211,37.51889745],[127.1666904,37.5180102],[127.16863413,37.51708927],[127.1705524,37.51613511],[127.17244431,37.51514813],[127.17430898,37.51412883],[127.17614553,37.51307767],[127.17795311,37.51199513],[127.17973088,37.51088174],[127.181478,37.50973801],[127.18319367,37.50856446],[127.18487707,37.50736166],[127.18652743,37.50613017],[127.18814398,37.50487055],[127.18972596,37.5035834],[127.19127264,37.50226931],[127.19278329,37.50092891],[127.1942572,37.49956282],[127.19569371,37.49817168],[127.19709213,37.49675613],[127.19845181,37.49531685],[127.19977212,37.49385449],[127.20105245,37.49236974],[127.2022922,37.49086331],[127.20349079,37.48933588],[127.20464767,37.48778818],[127.2057623,37.48622093],[127.20683416,37.48463486],[127.20786276,37.4830307],[127.20884761,37.48140921],[127.20978826,37.47977115],[127.21068427,37.47811728],[127.21153524,37.47644837],[127.21234075,37.4747652],[127.21310045,37.47306855],[127.21381397,37.47135923],[127.214481,37.46963802],[127.21510121,37.46790573],[127.21567434,37.46616317],[127.2162001,37.46441115],[127.21667826,37.46265048],[127.2171086,37.460882],[127.21749093,37.45910652],[127.21782506,37.45732487],[127.21811085,37.45553788],[127.21834816,37.4537464],[127.21853689,37.45195124],[127.21867695,37.45015325],[127.21876828,37.44835328],[127.21881085,37.44655214],[127.21880464,37.4447507],[127.21874964,37.44294978],[127.2186459,37.44115022],[127.21849346,37.43935288],[127.2182924,37.43755857],[127.21804281,37.43576814],[127.21774482,37.43398243],[127.21739857,37.43220226],[127.21700421,37.43042846],[127.21656195,37.42866187],[127.21607199,37.4269033],[127.21553455,37.42515357],[127.21494991,37.4234135],[127.21431831,37.4216839],[127.21364008,37.41996558],[127.21291552,37.41825932],[127.21214498,37.41656594],[127.21132882,37.41488622],[127.21046742,37.41322093],[127.20956118,37.41157086],[127.20861054,37.40993678],[127.20761593,37.40831944],[127.20657782,37.40671959],[127.2054967,37.40513799],[127.20437307,37.40357537],[127.20320746,37.40203245],[127.20200042,37.40050995],[127.20075251,37.39900858],[127.1994643,37.39752905],[127.19813641,37.39607204],[127.19676945,37.39463822],[127.19536406,37.39322826],[127.1939209,37.39184283],[127.19244065,37.39048256],[127.19092398,37.38914808],[127.18937161,37.38784003],[127.18778426,37.386559],[127.18616268,37.38530559],[127.18450761,37.38408039],[127.18281984,37.38288396],[127.18110014,37.38171687],[127.17934931,37.38057964],[127.17756819,37.37947282],[127.17575758,37.37839692],[127.17391834,37.37735244],[127.17205131,37.37633985],[127.17015739,37.37535965],[127.16823743,37.37441227],[127.16629234,37.37349816],[127.16432301,37.37261775],[127.16233038,37.37177144],[127.16031536,37.37095963],[127.15827889,37.3701827],[127.15622192,37.369441],[127.1541454,37.36873488],[127.15205031,37.36806467],[127.14993761,37.36743068],[127.14780828,37.36683321],[127.14566332,37.36627253],[127.14350374,37.3657489],[127.14133051,37.36526257],[127.13914466,37.36481376],[127.13694721,37.36440268],[127.13473917,37.36402953],[127.13252158,37.36369447],[127.13029545,37.36339767],[127.12806184,37.36313925],[127.12582177,37.36291934],[127.12357628,37.36273804],[127.12132642,37.36259545],[127.11907323,37.36249161],[127.11681777,37.36242658],[127.11456107,37.3624004],[127.1123042,37.36241306],[127.11004819,37.36246457],[127.10779409,37.36255491],[127.10554295,37.36268403],[127.10329583,37.36285186],[127.10105375,37.36305835],[127.09881777,37.36330337],[127.09658892,37.36358683],[127.09436824,37.3639086],[127.09215676,37.36426851],[127.08995551,37.36466641],[127.08776551,37.36510211],[127.08558777,37.36557541],[127.08342332,37.36608608],[127.08127316,37.3666339],[127.07913828,37.3672186],[127.07701969,37.36783991],[127.07491835,37.36849755],[127.07283526,37.36919121],[127.07077138,37.36992056],[127.06872767,37.37068528],[127.06670508,37.37148499],[127.06470455,37.37231934],[127.06272701,37.37318793],[127.06077338,37.37409036],[127.05884457,37.3750262],[127.05694149,37.37599504],[127.055065,37.37699641],[127.05321599,37.37802984],[127.05139532,37.37909487],[127.04960384,37.38019098],[127.04784238,37.38131769],[127.04611176,37.38247444],[127.04441278,37.38366073],[127.04274625,37.38487598],[127.04111293,37.38611964],[127.03951358,37.38739112],[127.03794896,37.38868984],[127.03641978,37.39001519],[127.03492678,37.39136655],[127.03347063,37.3927433],[127.03205202,37.3941448],[127.03067161,37.39557038],[127.02933006,37.3970194],[127.02802797,37.39849117],[127.02676597,37.39998502],[127.02554463,37.40150024],[127.02436454,37.40303614],[127.02322625,37.40459199],[127.02213027,37.40616706],[127.02107714,37.40776065],[127.02006734,37.40937198],[127.01910134,37.41100033],[127.0181796,37.41264492],[127.01730255,37.414305],[127.0164706,37.41597978],[127.01568414,37.4176685],[127.01494354,37.41937036],[127.01424915,37.42108458],[127.01360129,37.42281034],[127.01300027,37.42454686],[127.01244638,37.42629332],[127.01193987,37.4280489],[127.01148098,37.4298128],[127.01106993,37.43158418],[127.01070692,37.43336222],[127.01039211,37.4351461],[127.01012567,37.43693499],[127.00990771,37.43872803],[127.00973834,37.44052442],[127.00961764,37.4423233],[127.00954568,37.44412384],[127.00952248,37.4459252],[127.00954807,37.44772653],[127.00962244,37.44952701],[127.00974555,37.45132578],[127.00991735,37.45312202],[127.01013777,37.45491488],[127.01040669,37.45670352],[127.01072402,37.45848712],[127.01108959,37.46026484],[127.01150324,37.46203586],[127.01196478,37.46379933],[127.01247401,37.46555446],[127.01303067,37.46730041],[127.01363453,37.46903636],[127.0142853,37.47076152],[127.01498268,37.47247507],[127.01572635,37.47417621],[127.01651596,37.47586416],[127.01735115,37.47753812],[127.01823153,37.47919731],[127.01915669,37.48084097],[127.02012621,37.48246831],[127.02113963,37.48407858],[127.02219649,37.48567103],[127.02329629,37.48724492],[127.02443853,37.48879951],[127.02562266,37.49033407],[127.02684816,37.49184789],[127.02811443,37.49334026],[127.02942089,37.49481049],[127.03076695,37.49625788],[127.03215195,37.49768176],[127.03357527,37.49908148],[127.03503625,37.50045635],[127.03653419,37.50180577],[127.03806841,37.50312908],[127.03963818,37.50442567],[127.04124279,37.50569494],[127.04288147,37.50693629],[127.04455346,37.50814915],[127.04625799,37.50933293],[127.04799426,37.5104871],[127.04976145,37.51161112],[127.05155875,37.51270445],[127.05338532,37.51376658],[127.0552403,37.51479703],[127.05712282,37.51579531],[127.05903202,37.51676094],[127.06096699,37.51769349],[127.06292684,37.51859251],[127.06491064,37.51945759],[127.06691747,37.52028831],[127.0689464,37.52108429],[127.07099646,37.52184517],[127.07306673,37.52257057],[127.0751562,37.52326018],[127.07726392,37.52391365],[127.0793889,37.52453069],[127.08153015,37.525111],[127.08368665,37.52565432],[127.08585742,37.52616039],[127.08804142,37.52662898],[127.09023764,37.52705987],[127.09244506,37.52745285],[127.09466264,37.52780774],[127.09688934,37.52812437],[127.09912412,37.5284026],[127.10136593,37.5286423],[127.10361374,37.52884335],[127.10586648,37.52900566],[127.1081231,37.52912916],[127.11038256,37.52921379],[127.11264378,37.52925949],[127.11490572,37.52926627]]]]},"geometry_name":"ag_geom","properties":{"zone_type":"관제권","layer":"lt_c_aisctrc","name":"SEOUL","upper":null,"lower":null,"color":"#c2185b","dist_km":274.77},"bbox":[127.00952248,37.3624004,127.21881085,37.52926627]},{"type":"Feature","id":"lt_c_aisctrc.34","geometry":{"type":"MultiPolygon","coordinates":[[[[129.42180302,36.07119644],[129.42402068,36.07112096],[129.4262358,36.07100659],[129.42844736,36.07085338],[129.43065432,36.07066139],[129.43285564,36.07043073],[129.43505031,36.0701615],[129.43723728,36.06985381],[129.43941555,36.06950783],[129.44158408,36.06912371],[129.44374187,36.06870162],[129.44588791,36.06824177],[129.44802119,36.06774437],[129.45014072,36.06720966],[129.4522455,36.06663788],[129.45433456,36.0660293],[129.45640691,36.06538421],[129.45846158,36.0647029],[129.46049763,36.0639857],[129.46251408,36.06323294],[129.46451001,36.06244498],[129.46648448,36.06162218],[129.46843657,36.06076492],[129.47036536,36.05987362],[129.47226996,36.05894867],[129.47414947,36.05799053],[129.47600302,36.05699963],[129.47782974,36.05597643],[129.47962878,36.05492142],[129.4813993,36.0538351],[129.48314047,36.05271796],[129.48485149,36.05157053],[129.48653154,36.05039334],[129.48817986,36.04918695],[129.48979566,36.04795192],[129.4913782,36.04668883],[129.49292675,36.04539826],[129.49444057,36.04408083],[129.49591895,36.04273714],[129.49736123,36.04136782],[129.49876671,36.03997352],[129.50013475,36.03855488],[129.5014647,36.03711257],[129.50275596,36.03564726],[129.50400792,36.03415963],[129.50521999,36.03265039],[129.50639162,36.03112023],[129.50752225,36.02956987],[129.50861138,36.02800003],[129.50965847,36.02641145],[129.51066306,36.02480487],[129.51162467,36.02318104],[129.51254286,36.02154071],[129.5134172,36.01988466],[129.51424729,36.01821365],[129.51503275,36.01652847],[129.5157732,36.0148299],[129.5164683,36.01311874],[129.51711774,36.01139577],[129.51772122,36.00966182],[129.51827846,36.00791768],[129.5187892,36.00616417],[129.5192532,36.00440211],[129.51967025,36.00263232],[129.52004016,36.00085563],[129.52036277,35.99907286],[129.52063791,35.99728485],[129.52086548,35.99549242],[129.52104537,35.99369643],[129.52117748,35.99189769],[129.52126178,35.99009706],[129.52129822,35.98829537],[129.52128679,35.98649346],[129.52122749,35.98469217],[129.52112036,35.98289234],[129.52096545,35.98109482],[129.52076284,35.97930043],[129.52051262,35.97751002],[129.52021492,35.97572441],[129.51986988,35.97394445],[129.51947765,35.97217095],[129.51903843,35.97040475],[129.51855243,35.96864667],[129.51801986,35.96689753],[129.517441,35.96515814],[129.5168161,35.96342931],[129.51614547,35.96171185],[129.51542941,35.96000657],[129.51466826,35.95831424],[129.51386239,35.95663566],[129.51301217,35.95497161],[129.512118,35.95332287],[129.51118029,35.95169021],[129.51019949,35.95007437],[129.50917605,35.94847613],[129.50811046,35.94689621],[129.50700322,35.94533536],[129.50585483,35.9437943],[129.50466585,35.94227375],[129.50343682,35.94077442],[129.50216832,35.939297],[129.50086093,35.93784218],[129.49951528,35.93641065],[129.49813199,35.93500306],[129.49671171,35.93362006],[129.49525508,35.93226231],[129.49376281,35.93093043],[129.49223559,35.92962505],[129.49067412,35.92834677],[129.48907913,35.92709619],[129.48745137,35.92587388],[129.48579159,35.92468042],[129.48410057,35.92351635],[129.4823791,35.92238223],[129.48062798,35.92127858],[129.47884802,35.92020592],[129.47704006,35.91916473],[129.47520493,35.91815551],[129.47334348,35.91717871],[129.4714566,35.91623481],[129.46954514,35.91532424],[129.46761001,35.91444742],[129.4656521,35.91360476],[129.46367233,35.91279664],[129.46167161,35.91202346],[129.45965087,35.91128555],[129.45761107,35.91058328],[129.45555313,35.90991695],[129.45347803,35.9092869],[129.45138671,35.90869339],[129.44928017,35.90813672],[129.44715938,35.90761715],[129.44502532,35.9071349],[129.44287898,35.90669021],[129.44072136,35.90628328],[129.43855347,35.90591431],[129.43637632,35.90558346],[129.43419091,35.90529089],[129.43199825,35.90503673],[129.42979939,35.9048211],[129.42759532,35.9046441],[129.42538707,35.90450582],[129.42317568,35.90440632],[129.42096216,35.90434564],[129.41874755,35.90432381],[129.41653288,35.90434085],[129.41431918,35.90439674],[129.41210747,35.90449145],[129.40989878,35.90462496],[129.40769414,35.90479719],[129.40549457,35.90500806],[129.4033011,35.90525747],[129.40111474,35.90554532],[129.39893651,35.90587146],[129.39676743,35.90623574],[129.39460849,35.906638],[129.39246071,35.90707804],[129.39032508,35.90755566],[129.3882026,35.90807065],[129.38609425,35.90862276],[129.38400101,35.90921174],[129.38192386,35.90983731],[129.37986375,35.91049917],[129.37782165,35.91119703],[129.37579852,35.91193056],[129.37379528,35.91269942],[129.37181287,35.91350325],[129.36985222,35.91434167],[129.36791423,35.9152143],[129.36599981,35.91612074],[129.36410985,35.91706055],[129.36224523,35.9180333],[129.36040681,35.91903855],[129.35859545,35.92007582],[129.35681199,35.92114464],[129.35505727,35.92224449],[129.3533321,35.92337488],[129.35163729,35.92453528],[129.34997362,35.92572515],[129.34834187,35.92694393],[129.3467428,35.92819106],[129.34517716,35.92946596],[129.34364567,35.93076803],[129.34214905,35.93209667],[129.340688,35.93345126],[129.3392632,35.93483117],[129.33787531,35.93623577],[129.33652499,35.93766439],[129.33521285,35.93911637],[129.33393953,35.94059104],[129.3327056,35.9420877],[129.33151165,35.94360567],[129.33035823,35.94514424],[129.32924588,35.94670269],[129.32817513,35.94828029],[129.32714647,35.94987631],[129.32616039,35.95149002],[129.32521735,35.95312064],[129.32431778,35.95476744],[129.32346212,35.95642964],[129.32265075,35.95810647],[129.32188407,35.95979714],[129.32116244,35.96150087],[129.32048618,35.96321687],[129.31985563,35.96494434],[129.31927107,35.96668247],[129.31873279,35.96843045],[129.31824103,35.97018747],[129.31779603,35.97195271],[129.317398,35.97372535],[129.31704712,35.97550456],[129.31674357,35.97728951],[129.31648749,35.97907937],[129.31627901,35.98087332],[129.31611821,35.98267049],[129.31600518,35.98447008],[129.31593999,35.98627123],[129.31592265,35.98807311],[129.31595318,35.98987487],[129.31603158,35.99167567],[129.3161578,35.99347469],[129.3163318,35.99527106],[129.31655349,35.99706397],[129.31682277,35.99885257],[129.31713953,36.00063603],[129.31750361,36.00241351],[129.31791486,36.0041842],[129.31837308,36.00594726],[129.31887806,36.00770186],[129.31942958,36.0094472],[129.32002736,36.01118245],[129.32067115,36.01290681],[129.32136065,36.01461947],[129.32209552,36.01631964],[129.32287544,36.01800651],[129.32370004,36.01967931],[129.32456895,36.02133724],[129.32548175,36.02297955],[129.32643802,36.02460545],[129.32743733,36.0262142],[129.32847921,36.02780504],[129.32956317,36.02937723],[129.33068871,36.03093003],[129.3318553,36.03246272],[129.33306242,36.03397458],[129.33430948,36.03546491],[129.33559593,36.03693301],[129.33692114,36.03837819],[129.33828451,36.03979978],[129.33968541,36.04119713],[129.34112317,36.04256956],[129.34259714,36.04391644],[129.34410662,36.04523715],[129.34565092,36.04653106],[129.3472293,36.04779758],[129.34884104,36.0490361],[129.35048538,36.05024605],[129.35216157,36.05142687],[129.3538688,36.052578],[129.3556063,36.05369891],[129.35737324,36.05478906],[129.35916881,36.05584796],[129.36099215,36.05687511],[129.36284244,36.05787002],[129.36471879,36.05883223],[129.36662034,36.05976129],[129.36854619,36.06065677],[129.37049546,36.06151825],[129.37246721,36.06234533],[129.37446054,36.06313761],[129.37647452,36.06389473],[129.37850819,36.06461633],[129.38056062,36.06530208],[129.38263084,36.06595166],[129.38471788,36.06656476],[129.38682078,36.0671411],[129.38893854,36.0676804],[129.39107017,36.06818242],[129.39321469,36.06864691],[129.39537108,36.06907367],[129.39753835,36.06946249],[129.39971546,36.06981319],[129.40190142,36.0701256],[129.40409519,36.07039959],[129.40629575,36.07063502],[129.40850207,36.07083178],[129.41071311,36.07098978],[129.41292785,36.07110895],[129.41514525,36.07118923],[129.41736427,36.07123058],[129.41958387,36.07123298],[129.42180302,36.07119644]]]]},"geometry_name":"ag_geom","properties":{"zone_type":"관제권","layer":"lt_c_aisctrc","name":"POHANG","upper":null,"lower":null,"color":"#c2185b","dist_km":110.08},"bbox":[129.31592265,35.90432381,129.52129822,36.07123298]},{"type":"Feature","id":"lt_c_aisctrc.35","geometry":{"type":"MultiPolygon","coordinates":[[[[126.71333942,33.48170235],[126.71548738,33.48167776],[126.7176342,33.48161426],[126.71977888,33.4815119],[126.72192041,33.48137072],[126.7240578,33.48119079],[126.72619005,33.4809722],[126.72831615,33.48071503],[126.73043511,33.48041942],[126.73254595,33.48008551],[126.73464767,33.47971344],[126.7367393,33.47930339],[126.73881985,33.47885556],[126.74088835,33.47837016],[126.74294384,33.4778474],[126.74498535,33.47728754],[126.74701194,33.47669084],[126.74902264,33.47605757],[126.75101653,33.47538804],[126.75299267,33.47468256],[126.75495014,33.47394145],[126.75688802,33.47316506],[126.75880541,33.47235376],[126.7607014,33.47150792],[126.76257513,33.47062794],[126.76442571,33.46971424],[126.76625227,33.46876723],[126.76805397,33.46778737],[126.76982996,33.4667751],[126.77157941,33.46573091],[126.77330151,33.46465528],[126.77499546,33.46354872],[126.77666046,33.46241174],[126.77829573,33.46124487],[126.77990052,33.46004865],[126.78147407,33.45882366],[126.78301565,33.45757045],[126.78452455,33.45628962],[126.78600005,33.45498177],[126.78744148,33.4536475],[126.78884815,33.45228744],[126.79021942,33.45090222],[126.79155464,33.4494925],[126.7928532,33.44805892],[126.79411449,33.44660217],[126.79533792,33.44512291],[126.79652292,33.44362185],[126.79766894,33.44209967],[126.79877545,33.4405571],[126.79984194,33.43899486],[126.80086791,33.43741367],[126.80185288,33.43581427],[126.80279639,33.4341974],[126.80369801,33.43256383],[126.80455732,33.43091432],[126.80537392,33.42924963],[126.80614743,33.42757055],[126.8068775,33.42587785],[126.80756378,33.42417232],[126.80820596,33.42245477],[126.80880375,33.420726],[126.80935686,33.4189868],[126.80986504,33.417238],[126.81032805,33.41548041],[126.81074569,33.41371484],[126.81111776,33.41194213],[126.8114441,33.41016309],[126.81172454,33.40837856],[126.81195897,33.40658938],[126.81214728,33.40479636],[126.81228938,33.40300036],[126.81238521,33.40120221],[126.81243474,33.39940275],[126.81243793,33.39760281],[126.81239479,33.39580324],[126.81230534,33.39400487],[126.81216964,33.39220854],[126.81198774,33.39041509],[126.81175973,33.38862536],[126.81148573,33.38684018],[126.81116586,33.38506038],[126.81080028,33.38328678],[126.81038915,33.38152023],[126.80993268,33.37976154],[126.80943108,33.37801152],[126.80888458,33.376271],[126.80829345,33.37454079],[126.80765796,33.37282168],[126.80697841,33.37111449],[126.80625512,33.36942],[126.80548843,33.36773901],[126.8046787,33.3660723],[126.80382631,33.36442064],[126.80293166,33.3627848],[126.80199516,33.36116555],[126.80101726,33.35956364],[126.79999842,33.35797981],[126.7989391,33.3564148],[126.79783981,33.35486934],[126.79670107,33.35334415],[126.79552339,33.35183994],[126.79430734,33.3503574],[126.79305348,33.34889724],[126.79176239,33.34746012],[126.79043468,33.34604672],[126.78907098,33.34465769],[126.7876719,33.34329368],[126.78623812,33.34195533],[126.78477029,33.34064325],[126.7832691,33.33935806],[126.78173525,33.33810035],[126.78016946,33.33687071],[126.77857245,33.33566972],[126.77694498,33.33449792],[126.77528779,33.33335587],[126.77360166,33.33224409],[126.77188738,33.33116311],[126.77014573,33.33011342],[126.76837755,33.32909551],[126.76658364,33.32810986],[126.76476484,33.32715693],[126.76292201,33.32623715],[126.76105599,33.32535095],[126.75916765,33.32449876],[126.75725788,33.32368095],[126.75532756,33.32289792],[126.75337758,33.32215003],[126.75140887,33.32143761],[126.74942233,33.32076102],[126.74741888,33.32012056],[126.74539946,33.31951652],[126.74336501,33.31894919],[126.74131647,33.31841883],[126.7392548,33.31792569],[126.73718095,33.31747],[126.73509589,33.31705197],[126.73300058,33.31667179],[126.73089601,33.31632964],[126.72878314,33.31602568],[126.72666296,33.31576005],[126.72453647,33.31553287],[126.72240463,33.31534425],[126.72026845,33.31519428],[126.71812892,33.31508303],[126.71598703,33.31501054],[126.71384378,33.31497686],[126.71170016,33.31498199],[126.70955717,33.31502594],[126.70741581,33.31510868],[126.70527707,33.31523018],[126.70314194,33.31539038],[126.70101142,33.3155892],[126.6988865,33.31582656],[126.69676816,33.31610234],[126.69465739,33.31641641],[126.69255517,33.31676863],[126.69046248,33.31715884],[126.68838029,33.31758685],[126.68630957,33.31805247],[126.68425127,33.31855547],[126.68220637,33.31909563],[126.6801758,33.31967269],[126.67816051,33.32028639],[126.67616145,33.32093644],[126.67417953,33.32162254],[126.67221568,33.32234436],[126.67027082,33.32310159],[126.66834585,33.32389385],[126.66644166,33.32472078],[126.66455914,33.32558201],[126.66269916,33.32647713],[126.6608626,33.32740572],[126.65905031,33.32836734],[126.65726312,33.32936157],[126.65550187,33.33038793],[126.65376739,33.33144594],[126.65206047,33.33253512],[126.65038192,33.33365495],[126.64873251,33.33480492],[126.64711302,33.33598449],[126.6455242,33.33719312],[126.64396678,33.33843023],[126.6424415,33.33969527],[126.64094907,33.34098763],[126.63949018,33.34230671],[126.63806551,33.34365191],[126.63667572,33.3450226],[126.63532147,33.34641814],[126.63400339,33.34783787],[126.63272209,33.34928115],[126.63147817,33.3507473],[126.63027221,33.35223563],[126.62910478,33.35374546],[126.62797642,33.35527608],[126.62688765,33.35682678],[126.62583899,33.35839683],[126.62483093,33.35998552],[126.62386393,33.36159209],[126.62293846,33.3632158],[126.62205494,33.36485589],[126.6212138,33.36651161],[126.62041541,33.36818217],[126.61966016,33.36986681],[126.61894841,33.37156473],[126.61828048,33.37327516],[126.61765669,33.37499728],[126.61707734,33.3767303],[126.61654269,33.37847341],[126.616053,33.3802258],[126.6156085,33.38198665],[126.6152094,33.38375514],[126.61485589,33.38553046],[126.61454813,33.38731176],[126.61428628,33.38909823],[126.61407046,33.39088902],[126.61390076,33.39268331],[126.61377729,33.39448026],[126.61370009,33.39627903],[126.6136692,33.39807878],[126.61368464,33.39987868],[126.61374641,33.40167788],[126.61385448,33.40347554],[126.61400881,33.40527083],[126.61420933,33.40706291],[126.61445594,33.40885095],[126.61474853,33.4106341],[126.61508697,33.41241155],[126.61547111,33.41418245],[126.61590077,33.41594599],[126.61637575,33.41770134],[126.61689583,33.41944768],[126.61746078,33.4211842],[126.61807033,33.42291008],[126.6187242,33.42462453],[126.6194221,33.42632674],[126.62016369,33.42801592],[126.62094863,33.42969127],[126.62177656,33.43135202],[126.6226471,33.43299739],[126.62355984,33.43462662],[126.62451436,33.43623894],[126.62551021,33.43783359],[126.62654694,33.43940985],[126.62762406,33.44096696],[126.62874107,33.4425042],[126.62989746,33.44402086],[126.63109268,33.44551623],[126.63232617,33.4469896],[126.63359737,33.44844029],[126.63490568,33.44986763],[126.6362505,33.45127093],[126.63763119,33.45264956],[126.63904712,33.45400286],[126.64049762,33.45533021],[126.64198202,33.45663097],[126.64349963,33.45790456],[126.64504974,33.45915036],[126.64663162,33.4603678],[126.64824454,33.4615563],[126.64988775,33.46271532],[126.65156048,33.46384431],[126.65326195,33.46494275],[126.65499136,33.46601011],[126.65674791,33.46704591],[126.65853078,33.46804965],[126.66033914,33.46902087],[126.66217214,33.46995911],[126.66402892,33.47086394],[126.66590862,33.47173492],[126.66781036,33.47257167],[126.66973325,33.47337377],[126.6716764,33.47414087],[126.6736389,33.47487259],[126.67561982,33.4755686],[126.67761824,33.47622857],[126.67963324,33.4768522],[126.68166386,33.47743918],[126.68370916,33.47798925],[126.68576819,33.47850215],[126.68783997,33.47897765],[126.68992354,33.4794155],[126.69201793,33.47981552],[126.69412216,33.48017752],[126.69623525,33.48050132],[126.6983562,33.48078678],[126.70048402,33.48103376],[126.70261772,33.48124214],[126.7047563,33.48141183],[126.70689877,33.48154275],[126.70904411,33.48163483],[126.71119133,33.48168804],[126.71333942,33.48170235]]]]},"geometry_name":"ag_geom","properties":{"zone_type":"관제권","layer":"lt_c_aisctrc","name":"JEONGSEOK","upper":null,"lower":null,"color":"#c2185b","dist_km":250.5},"bbox":[126.6136692,33.31497686,126.81243793,33.48170235]},{"type":"Feature","id":"lt_c_aisctrc.36","geometry":{"type":"MultiPolygon","coordinates":[[[[126.42,34.8819445],[126.347222,34.8816665],[126.346962,34.9133065],[126.3453945,34.9138025],[126.3433695,34.914485],[126.3413625,34.915203],[126.339375,34.9159565],[126.337408,34.916745],[126.3354615,34.917569],[126.3335375,34.9184265],[126.331636,34.9193185],[126.3297585,34.920244],[126.327906,34.9212025],[126.3260785,34.922194],[126.3242775,34.9232175],[126.322504,34.9242725],[126.320758,34.9253595],[126.319041,34.9264765],[126.317354,34.927624],[126.315697,34.9288015],[126.3140715,34.930008],[126.312478,34.931243],[126.310917,34.932506],[126.3093895,34.9337965],[126.307896,34.935114],[126.3064375,34.9364575],[126.3050145,34.9378265],[126.3036275,34.939221],[126.3022775,34.9406395],[126.300965,34.9420815],[126.2996905,34.9435465],[126.2984545,34.945034],[126.297258,34.946543],[126.296101,34.948073],[126.2949845,34.949623],[126.293909,34.9511925],[126.292875,34.952781],[126.2918825,34.9543875],[126.2909325,34.956011],[126.2900255,34.957651],[126.289161,34.959307],[126.2883405,34.9609775],[126.287564,34.9626625],[126.286832,34.964361],[126.2861445,34.966072],[126.285502,34.967795],[126.284905,34.969529],[126.284353,34.971273],[126.2838475,34.9730265],[126.283388,34.9747885],[126.2829745,34.976558],[126.2826075,34.978335],[126.2822875,34.9801175],[126.282014,34.981906],[126.281788,34.9836985],[126.2816085,34.9854945],[126.2814765,34.9872935],[126.2813915,34.989094],[126.2813535,34.990896],[126.2813635,34.9926985],[126.28142,34.9945],[126.2815245,34.9963],[126.2816755,34.998098],[126.281874,34.9998925],[126.2821195,35.0016835],[126.282412,35.0034695],[126.2827515,35.00525],[126.2831375,35.007024],[126.28357,35.0087905],[126.2840485,35.010549],[126.2845735,35.012299],[126.285144,35.014039],[126.28576,35.0157685],[126.2864215,35.0174865],[126.287128,35.0191925],[126.287879,35.0208855],[126.288674,35.0225645],[126.2895135,35.024229],[126.290396,35.0258785],[126.291322,35.027512],[126.2922905,35.0291285],[126.293301,35.0307275],[126.294354,35.032308],[126.2954475,35.0338695],[126.296582,35.035411],[126.297757,35.0369325],[126.2989715,35.0384325],[126.3002255,35.0399105],[126.3015175,35.041366],[126.302848,35.042798],[126.3042155,35.044206],[126.3056195,35.0455895],[126.30706,35.046948],[126.3085355,35.04828],[126.310046,35.049586],[126.31159,35.0508645],[126.313168,35.0521155],[126.314778,35.0533385],[126.31642,35.054532],[126.3180925,35.0556965],[126.3197955,35.0568305],[126.3215285,35.0579345],[126.3232895,35.059007],[126.3250785,35.060048],[126.3268945,35.0610575],[126.3287365,35.062034],[126.3306035,35.0629775],[126.3324955,35.063888],[126.3344105,35.0647645],[126.3363485,35.0656065],[126.338308,35.0664145],[126.340288,35.067187],[126.342288,35.067924],[126.3443075,35.0686255],[126.3458545,35.069131],[126.3455555,35.100278],[126.418611,35.1005555],[126.4188735,35.071173],[126.418992,35.0693585],[126.4212485,35.0686255],[126.423268,35.067924],[126.425268,35.067187],[126.427248,35.0664145],[126.4292075,35.0656065],[126.4311455,35.0647645],[126.4330605,35.063888],[126.4349525,35.0629775],[126.4368195,35.062034],[126.4386615,35.0610575],[126.4404775,35.060048],[126.4422665,35.059007],[126.4440275,35.0579345],[126.4457605,35.0568305],[126.4474635,35.0556965],[126.449136,35.054532],[126.450778,35.0533385],[126.452388,35.0521155],[126.453966,35.0508645],[126.45551,35.049586],[126.4570205,35.04828],[126.458496,35.046948],[126.4599365,35.0455895],[126.4613405,35.044206],[126.462708,35.042798],[126.4640385,35.041366],[126.4653305,35.0399105],[126.4665845,35.0384325],[126.467799,35.0369325],[126.468974,35.035411],[126.4701085,35.0338695],[126.471202,35.032308],[126.472255,35.0307275],[126.4732655,35.0291285],[126.474234,35.027512],[126.47516,35.0258785],[126.4760425,35.024229],[126.476882,35.0225645],[126.477677,35.0208855],[126.478428,35.0191925],[126.4791345,35.0174865],[126.479796,35.0157685],[126.480412,35.014039],[126.4809825,35.012299],[126.4815075,35.010549],[126.481986,35.0087905],[126.4824185,35.007024],[126.4828045,35.00525],[126.483144,35.0034695],[126.4834365,35.0016835],[126.483682,34.9998925],[126.4838805,34.998098],[126.4840315,34.9963],[126.484136,34.9945],[126.4841925,34.9926985],[126.4842025,34.990896],[126.4841645,34.989094],[126.4840795,34.9872935],[126.4839475,34.9854945],[126.483768,34.9836985],[126.483542,34.981906],[126.4832685,34.9801175],[126.4829485,34.978335],[126.4825815,34.976558],[126.482168,34.9747885],[126.4817085,34.9730265],[126.481203,34.971273],[126.480651,34.969529],[126.480054,34.967795],[126.4794115,34.966072],[126.478724,34.964361],[126.477992,34.9626625],[126.4772155,34.9609775],[126.476395,34.959307],[126.4755305,34.957651],[126.4746235,34.956011],[126.4736735,34.9543875],[126.472681,34.952781],[126.471647,34.9511925],[126.4705715,34.949623],[126.469455,34.948073],[126.468298,34.946543],[126.4671015,34.945034],[126.4658655,34.9435465],[126.464591,34.9420815],[126.4632785,34.9406395],[126.4619285,34.939221],[126.4605415,34.9378265],[126.4591185,34.9364575],[126.45766,34.935114],[126.4561665,34.9337965],[126.454639,34.932506],[126.453078,34.931243],[126.4514845,34.930008],[126.449859,34.9288015],[126.448202,34.927624],[126.446515,34.9264765],[126.444798,34.9253595],[126.443052,34.9242725],[126.4412785,34.9232175],[126.4394775,34.922194],[126.43765,34.9212025],[126.4357975,34.920244],[126.43392,34.9193185],[126.4320185,34.9184265],[126.4300945,34.917569],[126.428148,34.916745],[126.426181,34.9159565],[126.4241935,34.915203],[126.4221865,34.914485],[126.419824,34.9136955],[126.4197375,34.911852],[126.42,34.8819445]]]]},"geometry_name":"ag_geom","properties":{"zone_type":"관제권","layer":"lt_c_aisctrc","name":"MUAN","upper":null,"lower":null,"color":"#c2185b","dist_km":189.43},"bbox":[126.2813535,34.8816665,126.4842025,35.1005555]},{"type":"Feature","id":"lt_c_aisctrc.37","geometry":{"type":"MultiPolygon","coordinates":[[[[129.45833331,36.89861106],[129.47285495,36.85990483],[129.47508118,36.85969115],[129.47730114,36.85943886],[129.47951379,36.85914807],[129.48171809,36.85881892],[129.48391301,36.85845157],[129.48609753,36.85804618],[129.48827062,36.85760294],[129.49043127,36.85712207],[129.49257847,36.85660378],[129.49471122,36.85604833],[129.49682851,36.85545596],[129.49892935,36.85482696],[129.50101278,36.85416162],[129.5030778,36.85346025],[129.50512347,36.85272318],[129.50714881,36.85195076],[129.50915289,36.85114334],[129.51113477,36.8503013],[129.51309352,36.84942504],[129.51502822,36.84851497],[129.51693798,36.8475715],[129.51882191,36.84659509],[129.52067911,36.84558619],[129.52250873,36.84454527],[129.52430992,36.84347282],[129.52608182,36.84236933],[129.52782362,36.84123533],[129.52953449,36.84007134],[129.53121365,36.83887791],[129.53286032,36.8376556],[129.53447371,36.83640497],[129.53605308,36.83512661],[129.53759769,36.83382112],[129.53910683,36.83248911],[129.54057979,36.83113121],[129.54201589,36.82974803],[129.54341444,36.82834024],[129.54477482,36.82690849],[129.54609637,36.82545344],[129.54737849,36.82397578],[129.54862057,36.8224762],[129.54982205,36.8209554],[129.55098236,36.81941408],[129.55210097,36.81785297],[129.55317735,36.8162728],[129.554211,36.8146743],[129.55520144,36.81305822],[129.55614822,36.81142532],[129.5570509,36.80977636],[129.55790905,36.8081121],[129.55872228,36.80643333],[129.55949021,36.80474082],[129.56021249,36.80303537],[129.56088878,36.80131778],[129.56151877,36.79958884],[129.56210217,36.79784936],[129.56263872,36.79610015],[129.56312815,36.79434203],[129.56357025,36.79257582],[129.56396482,36.79080235],[129.56431167,36.78902243],[129.56461065,36.78723691],[129.56486162,36.78544661],[129.56506446,36.78365236],[129.56521909,36.78185501],[129.56532544,36.7800554],[129.56538345,36.77825435],[129.56539312,36.77645272],[129.56535442,36.77465134],[129.5652674,36.77285105],[129.56513208,36.77105269],[129.56494855,36.7692571],[129.56471687,36.76746512],[129.56443718,36.76567758],[129.5641096,36.76389531],[129.56373428,36.76211914],[129.56331141,36.76034991],[129.56284118,36.75858843],[129.56232382,36.75683553],[129.56175957,36.75509202],[129.56114871,36.75335871],[129.5604915,36.75163642],[129.55978827,36.74992595],[129.55903935,36.74822808],[129.55824509,36.74654362],[129.55740585,36.74487334],[129.55652204,36.74321803],[129.55559406,36.74157846],[129.55462236,36.73995538],[129.55360739,36.73834955],[129.55254962,36.73676173],[129.55144954,36.73519264],[129.55030768,36.73364303],[129.54912457,36.73211361],[129.54790076,36.73060509],[129.54663681,36.72911818],[129.54533333,36.72765356],[129.54399092,36.72621193],[129.54261021,36.72479394],[129.54119184,36.72340027],[129.53973647,36.72203155],[129.53824478,36.72068843],[129.53671748,36.71937153],[129.53515526,36.71808145],[129.53355887,36.71681882],[129.53192903,36.7155842],[129.53026652,36.71437817],[129.52947007,36.71382058],[129.54444405,36.67527806],[129.46527769,36.65527783],[129.45050216,36.69399452],[129.44939004,36.69409147],[129.44717151,36.69432398],[129.44495971,36.69459496],[129.44275567,36.6949043],[129.44056043,36.69525184],[129.43837499,36.69563743],[129.43620037,36.69606088],[129.43403759,36.69652201],[129.43188765,36.69702059],[129.42975155,36.6975564],[129.42763028,36.69812918],[129.42552483,36.69873867],[129.42343617,36.69938459],[129.42136529,36.70006663],[129.41931313,36.70078448],[129.41728066,36.7015378],[129.41526883,36.70232625],[129.41327856,36.70314946],[129.41131078,36.70400705],[129.40936641,36.70489861],[129.40744635,36.70582373],[129.4055515,36.70678199],[129.40368274,36.70777293],[129.40184094,36.7087961],[129.40002695,36.70985102],[129.39824162,36.7109372],[129.39648579,36.71205413],[129.39476026,36.7132013],[129.39306585,36.71437817],[129.39140334,36.7155842],[129.38977351,36.71681882],[129.38817711,36.71808145],[129.38661489,36.71937153],[129.38508759,36.72068843],[129.3835959,36.72203155],[129.38214053,36.72340027],[129.38072216,36.72479394],[129.37934145,36.72621193],[129.37799904,36.72765356],[129.37669556,36.72911818],[129.37543162,36.73060509],[129.3742078,36.73211361],[129.37302469,36.73364303],[129.37188283,36.73519264],[129.37078275,36.73676173],[129.36972498,36.73834955],[129.36871001,36.73995538],[129.36773831,36.74157846],[129.36681033,36.74321803],[129.36592652,36.74487334],[129.36508728,36.74654362],[129.36429302,36.74822808],[129.3635441,36.74992595],[129.36284087,36.75163642],[129.36218367,36.75335871],[129.3615728,36.75509202],[129.36100855,36.75683553],[129.36049119,36.75858843],[129.36002097,36.76034991],[129.35959809,36.76211914],[129.35922278,36.76389531],[129.35889519,36.76567758],[129.3586155,36.76746512],[129.35838383,36.7692571],[129.35820029,36.77105269],[129.35806497,36.77285105],[129.35797795,36.77465134],[129.35793925,36.77645272],[129.35794892,36.77825435],[129.35800693,36.7800554],[129.35811328,36.78185501],[129.35826791,36.78365236],[129.35847075,36.78544661],[129.35872172,36.78723691],[129.3590207,36.78902243],[129.35936755,36.79080235],[129.35976212,36.79257582],[129.36020422,36.79434203],[129.36069366,36.79610015],[129.3612302,36.79784936],[129.3618136,36.79958884],[129.36244359,36.80131778],[129.36311988,36.80303537],[129.36384216,36.80474082],[129.36461009,36.80643333],[129.36542332,36.8081121],[129.36628147,36.80977636],[129.36718415,36.81142532],[129.36813093,36.81305822],[129.36912137,36.8146743],[129.37015502,36.8162728],[129.3712314,36.81785297],[129.37235001,36.81941408],[129.37351032,36.8209554],[129.3747118,36.8224762],[129.37595388,36.82397578],[129.377236,36.82545344],[129.37855756,36.82690849],[129.37991793,36.82834024],[129.38131649,36.82974803],[129.38275258,36.83113121],[129.38422554,36.83248911],[129.38573468,36.83382112],[129.38727929,36.83512661],[129.38885866,36.83640497],[129.39047206,36.8376556],[129.39211872,36.83887791],[129.39379788,36.84007134],[129.37888944,36.87861033],[129.45833331,36.89861106]]]]},"geometry_name":"ag_geom","properties":{"zone_type":"관제권","layer":"lt_c_aisctrc","name":"ULJIN","upper":null,"lower":null,"color":"#c2185b","dist_km":183.87},"bbox":[129.35793925,36.65527783,129.56539312,36.89861106]},{"type":"Feature","id":"lt_c_aisctrc.38","geometry":{"type":"MultiPolygon","coordinates":[[[[128.70840095,38.14547007],[128.70841067,38.14366885],[128.70837114,38.14186789],[128.70828239,38.14006803],[128.70819143,38.13888228],[128.70722811,38.13918609],[128.70509276,38.13981763],[128.7029406,38.14041257],[128.70077265,38.14097064],[128.69858992,38.14149157],[128.69639343,38.14197512],[128.6941842,38.14242107],[128.69196327,38.1428292],[128.68973168,38.14319932],[128.68749047,38.14353126],[128.68524069,38.14382488],[128.6829834,38.14408002],[128.68071963,38.14429657],[128.67845047,38.14447443],[128.67617696,38.14461351],[128.67390018,38.14471376],[128.67162117,38.14477511],[128.66934102,38.14479755],[128.66706079,38.14478107],[128.66478155,38.14472566],[128.66250436,38.14463137],[128.66023028,38.14449823],[128.65796038,38.14432629],[128.65569572,38.14411566],[128.65343737,38.14386641],[128.65118637,38.14357868],[128.64894378,38.14325259],[128.64671065,38.1428883],[128.64448802,38.14248597],[128.64227694,38.1420458],[128.64007843,38.14156799],[128.63789353,38.14105277],[128.63572325,38.14050037],[128.63356861,38.13991105],[128.63143063,38.13928509],[128.62931028,38.13862278],[128.62720858,38.13792444],[128.6251265,38.13719038],[128.62306501,38.13642096],[128.62102508,38.13561652],[128.61900765,38.13477746],[128.61701368,38.13390415],[128.6150441,38.13299701],[128.61309981,38.13205647],[128.61118174,38.13108295],[128.60929078,38.13007692],[128.60742781,38.12903885],[128.6055937,38.12796922],[128.6037893,38.12686853],[128.60201546,38.1257373],[128.60027301,38.12457606],[128.59856276,38.12338534],[128.5968855,38.12216571],[128.59524202,38.12091773],[128.59363309,38.11964199],[128.59205946,38.11833908],[128.59052185,38.11700961],[128.58902099,38.11565422],[128.58755757,38.11427351],[128.58613228,38.11286815],[128.58474577,38.11143878],[128.5833987,38.10998609],[128.58209169,38.10851073],[128.58082536,38.10701341],[128.57960028,38.10549483],[128.57841703,38.10395568],[128.57727616,38.1023967],[128.5761782,38.1008186],[128.57512365,38.09922213],[128.57411302,38.09760804],[128.57314676,38.09597706],[128.57222533,38.09432998],[128.57134914,38.09266754],[128.57051862,38.09099054],[128.56973414,38.08929975],[128.56899606,38.08759597],[128.56830474,38.08587998],[128.56766047,38.08415259],[128.56706358,38.08241461],[128.56651431,38.08066684],[128.56601295,38.0789101],[128.5655597,38.07714521],[128.56515479,38.075373],[128.56479839,38.07359428],[128.56449067,38.0718099],[128.56423177,38.07002068],[128.5640218,38.06822745],[128.56387703,38.06661152],[128.56384726,38.06662056],[128.56173841,38.06730241],[128.55964864,38.06802006],[128.5575789,38.06877317],[128.55553018,38.0695614],[128.55350341,38.07038438],[128.55149954,38.07124172],[128.5495195,38.07213303],[128.54756423,38.0730579],[128.54563461,38.07401589],[128.54373156,38.07500656],[128.54185596,38.07602944],[128.54000868,38.07708407],[128.53819058,38.07816995],[128.53640251,38.07928658],[128.5346453,38.08043343],[128.53291977,38.08160998],[128.53122672,38.08281568],[128.52956695,38.08404996],[128.52794122,38.08531226],[128.5263503,38.08660198],[128.52479492,38.08791853],[128.52327581,38.08926129],[128.52179368,38.09062964],[128.52034922,38.09202295],[128.51894311,38.09344056],[128.517576,38.09488181],[128.51624852,38.09634604],[128.51496131,38.09783256],[128.51371496,38.09934068],[128.51251005,38.1008697],[128.51134715,38.10241891],[128.51022679,38.10398759],[128.50914952,38.10557501],[128.50811582,38.10718042],[128.50712619,38.10880308],[128.50618108,38.11044224],[128.50528094,38.11209714],[128.50442619,38.11376699],[128.50361724,38.11545103],[128.50285446,38.11714847],[128.50213821,38.11885852],[128.50146882,38.12058039],[128.50084662,38.12231326],[128.5002719,38.12405634],[128.49974492,38.12580881],[128.49926594,38.12756986],[128.49883518,38.12933867],[128.49845285,38.13111441],[128.49811913,38.13289625],[128.49783418,38.13468337],[128.49759812,38.13647493],[128.49741109,38.13827009],[128.49727316,38.14006803],[128.49718442,38.14186789],[128.49714489,38.14366885],[128.4971546,38.14547007],[128.49721356,38.1472707],[128.49732173,38.1490699],[128.49747908,38.15086684],[128.49768553,38.15266068],[128.49794099,38.15445057],[128.49824534,38.1562357],[128.49859844,38.15801521],[128.49900014,38.15978829],[128.49945026,38.16155411],[128.49994857,38.16331184],[128.50049486,38.16506067],[128.50108887,38.16679977],[128.50173034,38.16852834],[128.50241895,38.17024556],[128.5031544,38.17195065],[128.50393635,38.17364279],[128.50476443,38.17532121],[128.50563826,38.17698512],[128.50655744,38.17863373],[128.50752153,38.18026629],[128.5085301,38.18188204],[128.50958268,38.1834802],[128.51067877,38.18506005],[128.51181786,38.18662084],[128.51299944,38.18816184],[128.51422294,38.18968234],[128.5154878,38.19118162],[128.51679344,38.19265898],[128.51813924,38.19411373],[128.51952457,38.1955452],[128.5209488,38.19695272],[128.52241126,38.19833562],[128.52391127,38.19969326],[128.52544812,38.20102501],[128.52702112,38.20233025],[128.52862951,38.20360835],[128.53027255,38.20485874],[128.53194948,38.20608082],[128.53365951,38.20727402],[128.53540185,38.20843779],[128.53717568,38.20957158],[128.53898017,38.21067486],[128.54081448,38.21174711],[128.54267777,38.21278783],[128.54456914,38.21379655],[128.54648774,38.21477278],[128.54843265,38.21571607],[128.55040297,38.21662597],[128.55239777,38.21750207],[128.55441614,38.21834395],[128.55645712,38.21915123],[128.55851976,38.21992351],[128.56060309,38.22066044],[128.56270615,38.22136168],[128.56482795,38.2220269],[128.5669675,38.22265579],[128.56912379,38.22324805],[128.57129583,38.22380341],[128.57348258,38.2243216],[128.57568304,38.22480238],[128.57789618,38.22524554],[128.58012095,38.22565086],[128.58235632,38.22601815],[128.58460124,38.22634724],[128.58685466,38.22663798],[128.58911554,38.22689022],[128.5913828,38.22710386],[128.59365539,38.2272788],[128.59593225,38.22741494],[128.59821231,38.22751223],[128.60049451,38.22757062],[128.60277778,38.22759009],[128.60506104,38.22757062],[128.60734324,38.22751223],[128.6096233,38.22741494],[128.61190016,38.2272788],[128.61417276,38.22710386],[128.61644002,38.22689022],[128.61870089,38.22663798],[128.62095431,38.22634724],[128.62319924,38.22601815],[128.62543461,38.22565086],[128.62765938,38.22524554],[128.62987251,38.22480238],[128.63207297,38.2243216],[128.63425973,38.22380341],[128.63643176,38.22324805],[128.63858806,38.22265579],[128.64072761,38.2220269],[128.64284941,38.22136168],[128.64495246,38.22066044],[128.6470358,38.21992351],[128.64909844,38.21915123],[128.65113942,38.21834395],[128.65315778,38.21750207],[128.65515259,38.21662597],[128.65712291,38.21571607],[128.65906782,38.21477278],[128.66098641,38.21379655],[128.66287779,38.21278783],[128.66474107,38.21174711],[128.66657539,38.21067486],[128.66837988,38.20957158],[128.67015371,38.20843779],[128.67189604,38.20727402],[128.67360607,38.20608082],[128.675283,38.20485874],[128.67692605,38.20360835],[128.67853444,38.20233025],[128.68010743,38.20102501],[128.68164429,38.19969326],[128.6831443,38.19833562],[128.68460675,38.19695272],[128.68603098,38.1955452],[128.68741632,38.19411373],[128.68876212,38.19265898],[128.69006775,38.19118162],[128.69133261,38.18968234],[128.69255612,38.18816184],[128.69373769,38.18662084],[128.69487679,38.18506005],[128.69597288,38.1834802],[128.69702545,38.18188204],[128.69803402,38.18026629],[128.69899812,38.17863373],[128.69991729,38.17698512],[128.70079112,38.17532121],[128.70161921,38.17364279],[128.70240115,38.17195065],[128.7031366,38.17024556],[128.70382522,38.16852834],[128.70446668,38.16679977],[128.70506069,38.16506067],[128.70560698,38.16331184],[128.7061053,38.16155411],[128.70655541,38.15978829],[128.70695711,38.15801521],[128.70731022,38.1562357],[128.70761457,38.15445057],[128.70787003,38.15266068],[128.70807648,38.15086684],[128.70823382,38.1490699],[128.708342,38.1472707],[128.70840095,38.14547007]]]]},"geometry_name":"ag_geom","properties":{"zone_type":"관제권","layer":"lt_c_aisctrc","name":"SOCKCHO CTLZ","upper":null,"lower":null,"color":"#c2185b","dist_km":321.22},"bbox":[128.49714489,38.06661152,128.70841067,38.22759009]},{"type":"Feature","id":"lt_c_aisctrc.39","geometry":{"type":"MultiPolygon","coordinates":[[[[129.45833331,36.89861106],[129.47285495,36.85990483],[129.47508118,36.85969115],[129.47730114,36.85943886],[129.47951379,36.85914807],[129.48171809,36.85881892],[129.48391301,36.85845157],[129.48609753,36.85804618],[129.48827062,36.85760294],[129.49043127,36.85712207],[129.49257847,36.85660378],[129.49471122,36.85604833],[129.49682851,36.85545596],[129.49892935,36.85482696],[129.50101278,36.85416162],[129.5030778,36.85346025],[129.50512347,36.85272318],[129.50714881,36.85195076],[129.50915289,36.85114334],[129.51113477,36.8503013],[129.51309352,36.84942504],[129.51502822,36.84851497],[129.51693798,36.8475715],[129.51882191,36.84659509],[129.52067911,36.84558619],[129.52250873,36.84454527],[129.52430992,36.84347282],[129.52608182,36.84236933],[129.52782362,36.84123533],[129.52953449,36.84007134],[129.53121365,36.83887791],[129.53286032,36.8376556],[129.53447371,36.83640497],[129.53605308,36.83512661],[129.53759769,36.83382112],[129.53910683,36.83248911],[129.54057979,36.83113121],[129.54201589,36.82974803],[129.54341444,36.82834024],[129.54477482,36.82690849],[129.54609637,36.82545344],[129.54737849,36.82397578],[129.54862057,36.8224762],[129.54982205,36.8209554],[129.55098236,36.81941408],[129.55210097,36.81785297],[129.55317735,36.8162728],[129.554211,36.8146743],[129.55520144,36.81305822],[129.55614822,36.81142532],[129.5570509,36.80977636],[129.55790905,36.8081121],[129.55872228,36.80643333],[129.55949021,36.80474082],[129.56021249,36.80303537],[129.56088878,36.80131778],[129.56151877,36.79958884],[129.56210217,36.79784936],[129.56263872,36.79610015],[129.56312815,36.79434203],[129.56357025,36.79257582],[129.56396482,36.79080235],[129.56431167,36.78902243],[129.56461065,36.78723691],[129.56486162,36.78544661],[129.56506446,36.78365236],[129.56521909,36.78185501],[129.56532544,36.7800554],[129.56538345,36.77825435],[129.56539312,36.77645272],[129.56535442,36.77465134],[129.5652674,36.77285105],[129.56513208,36.77105269],[129.56494855,36.7692571],[129.56471687,36.76746512],[129.56443718,36.76567758],[129.5641096,36.76389531],[129.56373428,36.76211914],[129.56331141,36.76034991],[129.56284118,36.75858843],[129.56232382,36.75683553],[129.56175957,36.75509202],[129.56114871,36.75335871],[129.5604915,36.75163642],[129.55978827,36.74992595],[129.55903935,36.74822808],[129.55824509,36.74654362],[129.55740585,36.74487334],[129.55652204,36.74321803],[129.55559406,36.74157846],[129.55462236,36.73995538],[129.55360739,36.73834955],[129.55254962,36.73676173],[129.55144954,36.73519264],[129.55030768,36.73364303],[129.54912457,36.73211361],[129.54790076,36.73060509],[129.54663681,36.72911818],[129.54533333,36.72765356],[129.54399092,36.72621193],[129.54261021,36.72479394],[129.54119184,36.72340027],[129.53973647,36.72203155],[129.53824478,36.72068843],[129.53671748,36.71937153],[129.53515526,36.71808145],[129.53355887,36.71681882],[129.53192903,36.7155842],[129.53026652,36.71437817],[129.52947007,36.71382058],[129.54444405,36.67527806],[129.46527769,36.65527783],[129.45027772,36.69388885],[129.44939004,36.69409147],[129.44717151,36.69432398],[129.44495971,36.69459496],[129.44275567,36.6949043],[129.44056043,36.69525184],[129.43837499,36.69563743],[129.43620037,36.69606088],[129.43403759,36.69652201],[129.43188765,36.69702059],[129.42975155,36.6975564],[129.42763028,36.69812918],[129.42552483,36.69873867],[129.42343617,36.69938459],[129.42136529,36.70006663],[129.41931313,36.70078448],[129.41728066,36.7015378],[129.41526883,36.70232625],[129.41327856,36.70314946],[129.41131078,36.70400705],[129.40936641,36.70489861],[129.40744635,36.70582373],[129.4055515,36.70678199],[129.40368274,36.70777293],[129.40184094,36.7087961],[129.40002695,36.70985102],[129.39824162,36.7109372],[129.39648579,36.71205413],[129.39476026,36.7132013],[129.39306585,36.71437817],[129.39140334,36.7155842],[129.38977351,36.71681882],[129.38817711,36.71808145],[129.38661489,36.71937153],[129.38508759,36.72068843],[129.3835959,36.72203155],[129.38214053,36.72340027],[129.38072216,36.72479394],[129.37934145,36.72621193],[129.37799904,36.72765356],[129.37669556,36.72911818],[129.37543162,36.73060509],[129.3742078,36.73211361],[129.37302469,36.73364303],[129.37188283,36.73519264],[129.37078275,36.73676173],[129.36972498,36.73834955],[129.36871001,36.73995538],[129.36773831,36.74157846],[129.36681033,36.74321803],[129.36592652,36.74487334],[129.36508728,36.74654362],[129.36429302,36.74822808],[129.3635441,36.74992595],[129.36284087,36.75163642],[129.36218367,36.75335871],[129.3615728,36.75509202],[129.36100855,36.75683553],[129.36049119,36.75858843],[129.36002097,36.76034991],[129.35959809,36.76211914],[129.35922278,36.76389531],[129.35889519,36.76567758],[129.3586155,36.76746512],[129.35838383,36.7692571],[129.35820029,36.77105269],[129.35806497,36.77285105],[129.35797795,36.77465134],[129.35793925,36.77645272],[129.35794892,36.77825435],[129.35800693,36.7800554],[129.35811328,36.78185501],[129.35826791,36.78365236],[129.35847075,36.78544661],[129.35872172,36.78723691],[129.3590207,36.78902243],[129.35936755,36.79080235],[129.35976212,36.79257582],[129.36020422,36.79434203],[129.36069366,36.79610015],[129.3612302,36.79784936],[129.3618136,36.79958884],[129.36244359,36.80131778],[129.36311988,36.80303537],[129.36384216,36.80474082],[129.36461009,36.80643333],[129.36542332,36.8081121],[129.36628147,36.80977636],[129.36718415,36.81142532],[129.36813093,36.81305822],[129.36912137,36.8146743],[129.37015502,36.8162728],[129.3712314,36.81785297],[129.37235001,36.81941408],[129.37351032,36.8209554],[129.3747118,36.8224762],[129.37595388,36.82397578],[129.377236,36.82545344],[129.37855756,36.82690849],[129.37991793,36.82834024],[129.38131649,36.82974803],[129.38275258,36.83113121],[129.38422554,36.83248911],[129.38573468,36.83382112],[129.38727929,36.83512661],[129.38885866,36.83640497],[129.39047206,36.8376556],[129.39211872,36.83887791],[129.39379788,36.84007134],[129.37888944,36.87861033],[129.45833331,36.89861106]]]]},"geometry_name":"ag_geom","properties":{"zone_type":"관제권","layer":"lt_c_aisctrc","name":"ULJIN CTLZ","upper":null,"lower":null,"color":"#c2185b","dist_km":183.87},"bbox":[129.35793925,36.65527783,129.56539312,36.89861106]},{"type":"Feature","id":"lt_c_aisctrc.40","geometry":{"type":"MultiPolygon","coordinates":[[[[127.98882461,37.04188003],[127.98982211,37.03026653],[127.98879361,37.01865453],[127.9857601,37.00727053],[127.98078209,36.99633603],[127.97395708,36.98606253],[127.96541756,36.97665103],[127.95533104,36.96828303],[127.94389352,36.96112253],[127.931327,36.95530703],[127.91787598,36.95095103],[127.90380195,36.94813754],[127.88937742,36.94692204],[127.8748824,36.94732804],[127.86059838,36.94934704],[127.84680185,36.95294054],[127.83376183,36.95803904],[127.82173031,36.96454255],[127.81094179,36.97232605],[127.80160628,36.98123705],[127.79390527,36.99110355],[127.78798926,37.00173355],[127.78397375,37.01292005],[127.78193775,37.02444605],[127.78192175,37.03608705],[127.78392726,37.04761655],[127.78791577,37.05881005],[127.79381078,37.06944905],[127.8014983,37.07932705],[127.81082831,37.08825055],[127.82161983,37.09604605],[127.83366335,37.10256154],[127.84672288,37.10766954],[127.8605449,37.11127054],[127.87485843,37.11329404],[127.88938495,37.11370104],[127.90384048,37.11248254],[127.917943,37.10966353],[127.93141653,37.10529853],[127.94399905,37.09947253],[127.95544406,37.09229953],[127.96552958,37.08391953],[127.97405909,37.07449553],[127.9808666,37.06421203],[127.98582061,37.05326903],[127.98882461,37.04188003]]]]},"geometry_name":"ag_geom","properties":{"zone_type":"관제권","layer":"lt_c_aisctrc","name":"JUNGWON","upper":null,"lower":null,"color":"#c2185b","dist_km":205.34},"bbox":[127.78192175,36.94692204,127.98982211,37.11370104]},{"type":"Feature","id":"lt_c_aisctrc.41","geometry":{"type":"MultiPolygon","coordinates":[[[[128.45572915,36.65169053],[128.45830014,36.63910898],[128.45839462,36.62591621],[128.45697698,36.61611466],[128.45455934,36.6075078],[128.45055556,36.59916667],[128.44943,36.597643],[128.4426405,36.587369],[128.4341455,36.5779565],[128.424111,36.5695885],[128.4127325,36.562427],[128.400231,36.5566115],[128.3868495,36.5522545],[128.372848,36.549441],[128.358498,36.5482255],[128.3440775,36.5486315],[128.3298675,36.550651],[128.3161425,36.5542445],[128.3031695,36.559343],[128.2912005,36.5658475],[128.2804675,36.5736315],[128.2711805,36.5825435],[128.2635195,36.5924105],[128.257634,36.603041],[128.2536395,36.6142285],[128.251614,36.6257555],[128.2515985,36.637397],[128.253594,36.6489275],[128.257562,36.6601215],[128.2634265,36.670761],[128.271074,36.6806395],[128.280356,36.689564],[128.291092,36.69736],[128.3030725,36.7038755],[128.316065,36.708984],[128.329815,36.712585],[128.3440545,36.714609],[128.3585055,36.7150155],[128.372886,36.7137975],[128.386915,36.710978],[128.400319,36.7066125],[128.412836,36.7007865],[128.424222,36.693613],[128.4342555,36.6852325],[128.4427405,36.675808],[128.44944444,36.66611111],[128.45572915,36.65169053]]]]},"geometry_name":"ag_geom","properties":{"zone_type":"관제권","layer":"lt_c_aisctrc","name":"YECHEON","upper":null,"lower":null,"color":"#c2185b","dist_km":153.21},"bbox":[128.2515985,36.5482255,128.45839462,36.7150155]},{"type":"Feature","id":"lt_c_aisctrc.42","geometry":{"type":"MultiPolygon","coordinates":[[[[126.346962,34.9133065],[126.3453945,34.9138025],[126.3433695,34.914485],[126.3413625,34.915203],[126.339375,34.9159565],[126.337408,34.916745],[126.3354615,34.917569],[126.3335375,34.9184265],[126.331636,34.9193185],[126.3297585,34.920244],[126.327906,34.9212025],[126.3260785,34.922194],[126.3242775,34.9232175],[126.322504,34.9242725],[126.320758,34.9253595],[126.319041,34.9264765],[126.317354,34.927624],[126.315697,34.9288015],[126.3140715,34.930008],[126.312478,34.931243],[126.310917,34.932506],[126.3093895,34.9337965],[126.307896,34.935114],[126.3064375,34.9364575],[126.3050145,34.9378265],[126.3036275,34.939221],[126.3022775,34.9406395],[126.300965,34.9420815],[126.2996905,34.9435465],[126.2984545,34.945034],[126.297258,34.946543],[126.296101,34.948073],[126.2949845,34.949623],[126.293909,34.9511925],[126.292875,34.952781],[126.2918825,34.9543875],[126.2909325,34.956011],[126.2900255,34.957651],[126.289161,34.959307],[126.2883405,34.9609775],[126.287564,34.9626625],[126.286832,34.964361],[126.2861445,34.966072],[126.285502,34.967795],[126.284905,34.969529],[126.284353,34.971273],[126.2838475,34.9730265],[126.283388,34.9747885],[126.2829745,34.976558],[126.2826075,34.978335],[126.2822875,34.9801175],[126.282014,34.981906],[126.281788,34.9836985],[126.2816085,34.9854945],[126.2814765,34.9872935],[126.2813915,34.989094],[126.2813535,34.990896],[126.2813635,34.9926985],[126.28142,34.9945],[126.2815245,34.9963],[126.2816755,34.998098],[126.281874,34.9998925],[126.2821195,35.0016835],[126.282412,35.0034695],[126.2827515,35.00525],[126.2831375,35.007024],[126.28357,35.0087905],[126.2840485,35.010549],[126.2845735,35.012299],[126.285144,35.014039],[126.28576,35.0157685],[126.2864215,35.0174865],[126.287128,35.0191925],[126.287879,35.0208855],[126.288674,35.0225645],[126.2895135,35.024229],[126.290396,35.0258785],[126.291322,35.027512],[126.2922905,35.0291285],[126.293301,35.0307275],[126.294354,35.032308],[126.2954475,35.0338695],[126.296582,35.035411],[126.297757,35.0369325],[126.2989715,35.0384325],[126.3002255,35.0399105],[126.3015175,35.041366],[126.302848,35.042798],[126.3042155,35.044206],[126.3056195,35.0455895],[126.30706,35.046948],[126.3085355,35.04828],[126.310046,35.049586],[126.31159,35.0508645],[126.313168,35.0521155],[126.314778,35.0533385],[126.31642,35.054532],[126.3180925,35.0556965],[126.3197955,35.0568305],[126.3215285,35.0579345],[126.3232895,35.059007],[126.3250785,35.060048],[126.3268945,35.0610575],[126.3287365,35.062034],[126.3306035,35.0629775],[126.3324955,35.063888],[126.3344105,35.0647645],[126.3363485,35.0656065],[126.338308,35.0664145],[126.340288,35.067187],[126.342288,35.067924],[126.3443075,35.0686255],[126.3458545,35.069131],[126.3455555,35.100278],[126.418611,35.1005555],[126.418992,35.0693585],[126.4212485,35.0686255],[126.423268,35.067924],[126.425268,35.067187],[126.427248,35.0664145],[126.4292075,35.0656065],[126.4311455,35.0647645],[126.4330605,35.063888],[126.4349525,35.0629775],[126.4368195,35.062034],[126.4386615,35.0610575],[126.4404775,35.060048],[126.4422665,35.059007],[126.4440275,35.0579345],[126.4457605,35.0568305],[126.4474635,35.0556965],[126.449136,35.054532],[126.450778,35.0533385],[126.452388,35.0521155],[126.453966,35.0508645],[126.45551,35.049586],[126.4570205,35.04828],[126.458496,35.046948],[126.4599365,35.0455895],[126.4613405,35.044206],[126.462708,35.042798],[126.4640385,35.041366],[126.4653305,35.0399105],[126.4665845,35.0384325],[126.467799,35.0369325],[126.468974,35.035411],[126.4701085,35.0338695],[126.471202,35.032308],[126.472255,35.0307275],[126.4732655,35.0291285],[126.474234,35.027512],[126.47516,35.0258785],[126.4760425,35.024229],[126.476882,35.0225645],[126.477677,35.0208855],[126.478428,35.0191925],[126.4791345,35.0174865],[126.479796,35.0157685],[126.480412,35.014039],[126.4809825,35.012299],[126.4815075,35.010549],[126.481986,35.0087905],[126.4824185,35.007024],[126.4828045,35.00525],[126.483144,35.0034695],[126.4834365,35.0016835],[126.483682,34.9998925],[126.4838805,34.998098],[126.4840315,34.9963],[126.484136,34.9945],[126.4841925,34.9926985],[126.4842025,34.990896],[126.4841645,34.989094],[126.4840795,34.9872935],[126.4839475,34.9854945],[126.483768,34.9836985],[126.483542,34.981906],[126.4832685,34.9801175],[126.4829485,34.978335],[126.4825815,34.976558],[126.482168,34.9747885],[126.4817085,34.9730265],[126.481203,34.971273],[126.480651,34.969529],[126.480054,34.967795],[126.4794115,34.966072],[126.478724,34.964361],[126.477992,34.9626625],[126.4772155,34.9609775],[126.476395,34.959307],[126.4755305,34.957651],[126.4746235,34.956011],[126.4736735,34.9543875],[126.472681,34.952781],[126.471647,34.9511925],[126.4705715,34.949623],[126.469455,34.948073],[126.468298,34.946543],[126.4671015,34.945034],[126.4658655,34.9435465],[126.464591,34.9420815],[126.4632785,34.9406395],[126.4619285,34.939221],[126.4605415,34.9378265],[126.4591185,34.9364575],[126.45766,34.935114],[126.4561665,34.9337965],[126.454639,34.932506],[126.453078,34.931243],[126.4514845,34.930008],[126.449859,34.9288015],[126.448202,34.927624],[126.446515,34.9264765],[126.444798,34.9253595],[126.443052,34.9242725],[126.4412785,34.9232175],[126.4394775,34.922194],[126.43765,34.9212025],[126.4357975,34.920244],[126.43392,34.9193185],[126.4320185,34.9184265],[126.4300945,34.917569],[126.428148,34.916745],[126.426181,34.9159565],[126.4241935,34.915203],[126.4221865,34.914485],[126.419824,34.9136955],[126.42,34.8819445],[126.347222,34.8816665],[126.346962,34.9133065]]]]},"geometry_name":"ag_geom","properties":{"zone_type":"관제권","layer":"lt_c_aisctrc","name":"MUAN CTLZ","upper":null,"lower":null,"color":"#c2185b","dist_km":189.43},"bbox":[126.2813535,34.8816665,126.4842025,35.1005555]},{"type":"Feature","id":"lt_c_aisctrc.43","geometry":{"type":"MultiPolygon","coordinates":[[[[128.56378017,38.06664225],[128.56165748,38.06734893],[128.55750055,38.06882254],[128.55142535,38.07129518],[128.54366345,38.07506513],[128.537335,38.07876826],[128.53634101,38.07934983],[128.53117052,38.08288214],[128.52788869,38.08538071],[128.52474617,38.08798883],[128.52251065,38.09005683],[128.53231993,38.12928283],[128.5333335,38.1333335],[128.54040212,38.14040965],[128.5413702,38.14137863],[128.56679156,38.16681141],[128.583595,38.18360973],[128.6,38.2],[128.60256008,38.20524658],[128.60311946,38.20717335],[128.60290908,38.20805696],[128.60280869,38.20847858],[128.60231146,38.21226997],[128.602125,38.21475613],[128.60162777,38.21475613],[128.60100623,38.21456967],[128.59951453,38.21512906],[128.59918441,38.21502554],[128.5988901,38.2148048],[128.59850382,38.21474962],[128.59758776,38.21537767],[128.5967176,38.21618568],[128.59565269,38.21736163],[128.59675635,38.21807901],[128.5969219,38.21857566],[128.59613094,38.2194218],[128.59528806,38.21954199],[128.59405237,38.21868602],[128.59245206,38.2203967],[128.59404498,38.22146876],[128.59410755,38.22183147],[128.59315104,38.22229133],[128.592636,38.22365252],[128.59208417,38.22354215],[128.59061262,38.22247527],[128.58995115,38.22345849],[128.58999874,38.22431509],[128.59185472,38.22452925],[128.59187852,38.22481478],[128.59034894,38.22696828],[128.59603644,38.22740176],[128.60516331,38.2275506],[128.60972434,38.22739155],[128.61653886,38.22686188],[128.6255299,38.22561611],[128.62996578,38.22476454],[128.63652168,38.22320569],[128.6429356,38.22131501],[128.64711933,38.21987406],[128.65122013,38.21829183],[128.65719914,38.21566011],[128.66481087,38.21168643],[128.67195892,38.20720908],[128.67534226,38.20479185],[128.68016107,38.20095542],[128.68607683,38.19547248],[128.68880395,38.19258489],[128.6925918,38.18808596],[128.69600229,38.18340285],[128.6980592,38.18018814],[128.7016358,38.17356345],[128.70314887,38.17016585],[128.70506645,38.16498067],[128.70695418,38.15793534],[128.70806491,38.15078767],[128.70832615,38.1471921],[128.70834894,38.14179042],[128.70808554,38.13891567],[128.70722811,38.13918609],[128.70509276,38.13981763],[128.7029406,38.14041257],[128.70077265,38.14097064],[128.69858992,38.14149157],[128.69639343,38.14197512],[128.6941842,38.14242107],[128.69196327,38.1428292],[128.68973168,38.14319932],[128.68755609,38.14346427],[128.68706614,38.14352393],[128.68071963,38.14429657],[128.67845047,38.14447443],[128.67617696,38.14461351],[128.67390018,38.14471376],[128.67162117,38.14477511],[128.66956733,38.14479533],[128.66934102,38.14479755],[128.66706079,38.14478107],[128.66478155,38.14472566],[128.66250436,38.14463137],[128.66023028,38.14449823],[128.6584978,38.14432213],[128.65703794,38.14417372],[128.643492,38.142285],[128.65118637,38.14357868],[128.64894378,38.14325259],[128.64671065,38.1428883],[128.64448802,38.14248597],[128.64227694,38.1420458],[128.64007843,38.14156799],[128.63789353,38.14105277],[128.63572325,38.14050037],[128.62980951,38.1387697],[128.62964643,38.13872778],[128.62935064,38.13863539],[128.6166548,38.13373886],[128.61494905,38.13289071],[128.60540808,38.12780025],[128.60344696,38.12665022],[128.59384478,38.11980984],[128.59104544,38.11734497],[128.58534199,38.11196527],[128.5828742,38.10939404],[128.57960028,38.10549483],[128.57670619,38.1015775],[128.57490756,38.09882431],[128.57061021,38.09117549],[128.56902672,38.08753841],[128.56830474,38.08587998],[128.56766047,38.08415259],[128.56706358,38.08241461],[128.56651431,38.08066684],[128.56640255,38.08027523],[128.5652644,38.07553523],[128.56479839,38.07359428],[128.56419112,38.06944821],[128.56405958,38.06855008],[128.5640218,38.06822745],[128.56387703,38.06661152],[128.56378017,38.06664225]]]]},"geometry_name":"ag_geom","properties":{"zone_type":"관제권","layer":"lt_c_aisctrc","name":"SOKCHO","upper":null,"lower":null,"color":"#c2185b","dist_km":321.22},"bbox":[128.52251065,38.06661152,128.70834894,38.2275506]},{"type":"Feature","id":"lt_c_aisctrc.44","geometry":{"type":"MultiPolygon","coordinates":[[[[127.60045845,36.58888461],[127.60316937,36.57632256],[127.60341279,36.56313115],[127.60210706,36.55331969],[127.59978869,36.54469551],[127.59588254,36.5363254],[127.58810751,36.52447022],[127.57972609,36.51499582],[127.56979473,36.50655457],[127.55850692,36.49930989],[127.54608192,36.49340289],[127.53276125,36.48894786],[127.51880375,36.4860317],[127.50448006,36.48471089],[127.49006767,36.48501099],[127.47584744,36.48692605],[127.46209406,36.49041859],[127.44907507,36.49542158],[127.43704334,36.50183786],[127.4262321,36.50954266],[127.41685284,36.51838601],[127.40908736,36.52819626],[127.40308715,36.53878301],[127.39896995,36.54994061],[127.39681612,36.56145215],[127.39666917,36.57309295],[127.39853264,36.58463752],[127.40237062,36.59586009],[127.40810964,36.60654211],[127.41563865,36.61647627],[127.42481146,36.62546847],[127.43544974,36.63334291],[127.4473459,36.63994606],[127.45293412,36.641713],[127.46471681,36.63769132],[127.47876105,36.634576],[127.49364035,36.63306206],[127.50877739,36.63333368],[127.52204594,36.63503672],[127.53570208,36.63838216],[127.546813,36.64228936],[127.55704759,36.63766316],[127.56850478,36.63057363],[127.57862431,36.62226722],[127.58720849,36.61290549],[127.59401622,36.60325832],[127.60045845,36.58888461]]]]},"geometry_name":"ag_geom","properties":{"zone_type":"관제권","layer":"lt_c_aisctrc","name":"SEONGMU","upper":null,"lower":null,"color":"#c2185b","dist_km":172.44},"bbox":[127.39666917,36.48471089,127.60341279,36.64228936]},{"type":"Feature","id":"lt_c_aisctrc.45","geometry":{"type":"MultiPolygon","coordinates":[[[[126.48586231,36.78789696],[126.48810238,36.78787703],[126.4903414,36.78781817],[126.4925783,36.7877204],[126.49481206,36.78758376],[126.49704161,36.78740832],[126.49926592,36.78719417],[126.50148396,36.78694139],[126.50369467,36.78665012],[126.50589703,36.78632048],[126.50809002,36.78595263],[126.51027259,36.78554674],[126.51244373,36.78510301],[126.51460243,36.78462163],[126.51674768,36.78410284],[126.51887847,36.78354688],[126.52099381,36.78295401],[126.5230927,36.7823245],[126.52517418,36.78165864],[126.52723726,36.78095677],[126.52928098,36.78021918],[126.53130439,36.77944624],[126.53330654,36.77863831],[126.5352865,36.77779576],[126.53724333,36.77691899],[126.53917613,36.7760084],[126.54108399,36.77506443],[126.54296603,36.7740875],[126.54482136,36.77307809],[126.54664911,36.77203666],[126.54844844,36.7709637],[126.55021851,36.76985971],[126.55195848,36.76872521],[126.55366755,36.76756072],[126.55534492,36.7663668],[126.55698981,36.765144],[126.55860144,36.76389288],[126.56017908,36.76261404],[126.56172197,36.76130807],[126.56322941,36.75997559],[126.56470069,36.75861721],[126.56613513,36.75723357],[126.56753205,36.75582532],[126.56889081,36.75439311],[126.57021078,36.75293761],[126.57149134,36.75145951],[126.57273189,36.74995949],[126.57393186,36.74843826],[126.57509069,36.74689652],[126.57620784,36.745335],[126.57728279,36.74375442],[126.57831505,36.74215552],[126.57930413,36.74053905],[126.58024957,36.73890576],[126.58115094,36.73725642],[126.58200782,36.73559179],[126.58281981,36.73391266],[126.58358654,36.7322198],[126.58430764,36.730514],[126.58498279,36.72879607],[126.58561168,36.72706681],[126.58619401,36.72532701],[126.58672952,36.7235775],[126.58721796,36.72181909],[126.5876591,36.7200526],[126.58805275,36.71827884],[126.58839872,36.71649866],[126.58869685,36.71471288],[126.58894701,36.71292234],[126.58914909,36.71112786],[126.58930299,36.70933029],[126.58940865,36.70753046],[126.58946602,36.70572922],[126.58947507,36.7039274],[126.58943581,36.70212584],[126.58934827,36.70032538],[126.58921247,36.69852687],[126.58902849,36.69673113],[126.58879642,36.69493901],[126.58851637,36.69315135],[126.58818847,36.69136897],[126.58781289,36.6895927],[126.58738979,36.68782338],[126.58691938,36.68606183],[126.58640188,36.68430886],[126.58583754,36.6825653],[126.58522662,36.68083196],[126.58456941,36.67910964],[126.58386621,36.67739914],[126.58311737,36.67570127],[126.58232322,36.67401682],[126.58148415,36.67234656],[126.58060055,36.67069128],[126.57967283,36.66905174],[126.57870142,36.66742871],[126.57768679,36.66582295],[126.5766294,36.6642352],[126.57552975,36.6626662],[126.57438836,36.66111669],[126.57320576,36.65958738],[126.5719825,36.65807898],[126.57071915,36.6565922],[126.56941631,36.65512772],[126.56807458,36.65368624],[126.56669459,36.65226842],[126.56527698,36.65087492],[126.56382241,36.64950638],[126.56233157,36.64816345],[126.56080515,36.64684675],[126.55924386,36.64555689],[126.55764842,36.64429448],[126.55601959,36.64306009],[126.55435812,36.64185431],[126.55266478,36.64067769],[126.55094037,36.63953078],[126.54918569,36.63841411],[126.54740155,36.63732821],[126.54558878,36.63627358],[126.54374824,36.63525071],[126.54188077,36.63426007],[126.53998724,36.63330213],[126.53806854,36.63237732],[126.53612557,36.63148609],[126.53415921,36.63062884],[126.53217039,36.62980597],[126.53016004,36.62901787],[126.52812909,36.6282649],[126.52607848,36.62754741],[126.52400916,36.62686574],[126.52192211,36.6262202],[126.51981828,36.62561109],[126.51769866,36.6250387],[126.51556424,36.62450329],[126.51341599,36.6240051],[126.51125494,36.62354438],[126.50908207,36.62312134],[126.50689839,36.62273616],[126.50470494,36.62238904],[126.50250271,36.62208013],[126.50029274,36.62180957],[126.49807605,36.6215775],[126.49585368,36.62138402],[126.49362665,36.62122921],[126.491396,36.62111316],[126.48916276,36.62103591],[126.48692798,36.62099751],[126.4846927,36.62099796],[126.48245795,36.62103727],[126.48022476,36.62111542],[126.47799418,36.62123237],[126.47576725,36.62138808],[126.47354499,36.62158246],[126.47132845,36.62181543],[126.46911865,36.62208688],[126.46691661,36.62239668],[126.46472337,36.62274469],[126.46253994,36.62313074],[126.46036734,36.62355467],[126.45820656,36.62401626],[126.45605863,36.62451531],[126.45392454,36.62505159],[126.45180528,36.62562484],[126.44970183,36.6262348],[126.44761518,36.62688118],[126.44554629,36.62756369],[126.44349612,36.628282],[126.44146564,36.6290358],[126.43945577,36.62982471],[126.43746747,36.63064838],[126.43550165,36.63150642],[126.43355922,36.63239844],[126.4316411,36.63332402],[126.42974817,36.63428273],[126.42788132,36.63527412],[126.42604141,36.63629774],[126.4242293,36.6373531],[126.42244584,36.63843972],[126.42069185,36.6395571],[126.41896815,36.6407047],[126.41727555,36.641882],[126.41561483,36.64308846],[126.41398676,36.6443235],[126.41239211,36.64558656],[126.41083162,36.64687705],[126.40930602,36.64819436],[126.40781601,36.64953789],[126.4063623,36.65090702],[126.40494556,36.65230109],[126.40356645,36.65371947],[126.40222562,36.6551615],[126.40092369,36.6566265],[126.39966126,36.65811379],[126.39843894,36.65962268],[126.39725729,36.66115247],[126.39611687,36.66270244],[126.3950182,36.66427188],[126.3939618,36.66586006],[126.39294816,36.66746623],[126.39197776,36.66908965],[126.39105107,36.67072956],[126.39016849,36.6723852],[126.38933046,36.67405579],[126.38853737,36.67574057],[126.38778958,36.67743874],[126.38708745,36.67914952],[126.38643131,36.6808721],[126.38582147,36.68260569],[126.38525821,36.68434948],[126.3847418,36.68610265],[126.38427249,36.68786439],[126.38385049,36.68963389],[126.38347602,36.6914103],[126.38314923,36.69319281],[126.38287029,36.69498059],[126.38263934,36.6967728],[126.38245648,36.69856861],[126.3823218,36.70036717],[126.38223537,36.70216767],[126.38219724,36.70396924],[126.38220741,36.70577106],[126.38226591,36.70757228],[126.38237268,36.70937206],[126.38252771,36.71116957],[126.3827309,36.71296396],[126.38298218,36.71475441],[126.38328142,36.71654006],[126.3836285,36.71832011],[126.38402325,36.7200937],[126.38446549,36.72186001],[126.38495503,36.72361823],[126.38549163,36.72536752],[126.38607504,36.72710708],[126.38670501,36.72883609],[126.38738123,36.73055375],[126.3881034,36.73225925],[126.38887118,36.7339518],[126.38968421,36.7356306],[126.39054213,36.73729488],[126.39144452,36.73894386],[126.39239098,36.74057676],[126.39338107,36.74219283],[126.39441432,36.74379131],[126.39549026,36.74537146],[126.39660838,36.74693253],[126.39776817,36.7484738],[126.39896909,36.74999455],[126.40021058,36.75149407],[126.40149206,36.75297165],[126.40281293,36.75442661],[126.40417258,36.75585827],[126.40557039,36.75726596],[126.40700568,36.75864902],[126.40847781,36.76000681],[126.40998608,36.76133868],[126.41152979,36.76264403],[126.41310822,36.76392223],[126.41472064,36.76517269],[126.41636629,36.76639484],[126.4180444,36.76758808],[126.41975419,36.76875188],[126.42149487,36.76988568],[126.42326563,36.77098895],[126.42506562,36.77206119],[126.42689403,36.77310188],[126.42874999,36.77411054],[126.43063263,36.7750867],[126.43254109,36.77602991],[126.43447445,36.77693971],[126.43643183,36.7778157],[126.43841231,36.77865745],[126.44041496,36.77946457],[126.44243885,36.7802367],[126.44448304,36.78097345],[126.44654655,36.7816745],[126.44862844,36.78233951],[126.45072773,36.78296818],[126.45284344,36.7835602],[126.45497458,36.7841153],[126.45712015,36.78463322],[126.45927915,36.78511373],[126.46145057,36.78555659],[126.46363339,36.78596159],[126.4658266,36.78632856],[126.46802917,36.78665731],[126.47024007,36.78694769],[126.47245826,36.78719957],[126.4746827,36.78741283],[126.47691237,36.78758737],[126.47914621,36.78772311],[126.48138317,36.78781998],[126.48362222,36.78787794],[126.48586231,36.78789696]]]]},"geometry_name":"ag_geom","properties":{"zone_type":"관제권","layer":"lt_c_aisctrc","name":"HAEMI","upper":null,"lower":null,"color":"#c2185b","dist_km":243.93},"bbox":[126.38219724,36.62099751,126.58947507,36.78789696]},{"type":"Feature","id":"lt_c_aisctrc.46","geometry":{"type":"MultiPolygon","coordinates":[[[[128.94775647,37.83727453],[128.95002581,37.83720787],[128.95229281,37.83710232],[128.9545564,37.83695795],[128.95681552,37.8367748],[128.95906911,37.83655297],[128.96131612,37.83629257],[128.96355551,37.8359937],[128.96578622,37.83565652],[128.9680072,37.83528118],[128.97021743,37.83486786],[128.97241586,37.83441675],[128.97460148,37.83392805],[128.97677325,37.83340201],[128.97893016,37.83283886],[128.98107121,37.83223887],[128.98319538,37.83160232],[128.9853017,37.8309295],[128.98738918,37.83022074],[128.98945683,37.82947636],[128.9915037,37.82869671],[128.99352882,37.82788216],[128.99553125,37.82703308],[128.99751006,37.82614988],[128.99946432,37.82523296],[129.00139312,37.82428275],[129.00329556,37.82329971],[129.00517074,37.82228428],[129.0070178,37.82123695],[129.00883587,37.8201582],[129.0106241,37.81904854],[129.01238167,37.81790848],[129.01410774,37.81673856],[129.01580151,37.81553932],[129.01746219,37.81431134],[129.01908902,37.81305517],[129.02068122,37.8117714],[129.02223807,37.81046065],[129.02375882,37.80912351],[129.02524278,37.80776062],[129.02668925,37.8063726],[129.02809757,37.80496012],[129.02946706,37.80352382],[129.0307971,37.80206438],[129.03208706,37.80058248],[129.03333636,37.79907882],[129.0345444,37.79755409],[129.03571062,37.79600901],[129.03683448,37.7944443],[129.03791547,37.79286069],[129.03895307,37.79125892],[129.03994681,37.78963973],[129.04089623,37.78800389],[129.04180088,37.78635215],[129.04266034,37.78468529],[129.04347423,37.78300408],[129.04424215,37.78130932],[129.04496376,37.77960178],[129.04563872,37.77788228],[129.04626672,37.7761516],[129.04684747,37.77441057],[129.04738071,37.77265998],[129.04786618,37.77090066],[129.04830366,37.76913343],[129.04869296,37.76735911],[129.0490339,37.76557852],[129.04932631,37.76379251],[129.04957007,37.76200191],[129.04976508,37.76020754],[129.04991122,37.75841024],[129.05000846,37.75661086],[129.05005673,37.75481023],[129.05005603,37.75300919],[129.05000635,37.75120858],[129.04990774,37.74940925],[129.04976022,37.74761202],[129.04956388,37.74581774],[129.04931882,37.74402724],[129.04902514,37.74224136],[129.04868299,37.74046092],[129.04829253,37.73868677],[129.04785395,37.73691972],[129.04736746,37.73516061],[129.04683328,37.73341024],[129.04625167,37.73166943],[129.0456229,37.729939],[129.04494727,37.72821975],[129.04422509,37.72651248],[129.04345671,37.72481799],[129.04264249,37.72313706],[129.0417828,37.72147048],[129.04087806,37.71981902],[129.03992868,37.71818346],[129.03893511,37.71656456],[129.03789781,37.71496305],[129.03681728,37.71337971],[129.03569402,37.71181525],[129.03452855,37.71027042],[129.03332141,37.70874592],[129.03207318,37.70724246],[129.03078443,37.70576076],[129.02945577,37.70430149],[129.02808782,37.70286534],[129.02668121,37.70145296],[129.02523661,37.70006503],[129.02375468,37.69870219],[129.02223612,37.69736507],[129.02068164,37.69605428],[129.01909196,37.69477045],[129.01746783,37.69351417],[129.01580999,37.69228602],[129.01411922,37.69108658],[129.01239632,37.6899164],[129.01064208,37.68877602],[129.00885731,37.68766598],[129.00704286,37.6865868],[129.00519956,37.68553897],[129.00332828,37.68452298],[129.00142989,37.6835393],[128.99950526,37.68258839],[128.9975553,37.6816707],[128.99558091,37.68078665],[128.993583,37.67993665],[128.99156252,37.6791211],[128.9895204,37.67834037],[128.98745759,37.67759483],[128.98537504,37.67688482],[128.98327374,37.67621068],[128.98115465,37.67557272],[128.97901875,37.67497123],[128.97686705,37.67440649],[128.97470054,37.67387877],[128.97252024,37.67338832],[128.97032714,37.67293535],[128.96812228,37.67252008],[128.96590667,37.67214271],[128.96368136,37.6718034],[128.96144736,37.67150232],[128.95920572,37.67123961],[128.95695748,37.67101538],[128.95470369,37.67082975],[128.95244539,37.67068279],[128.95018364,37.67057458],[128.94791947,37.67050517],[128.94565395,37.67047459],[128.94338813,37.67048285],[128.94112306,37.67052995],[128.93885979,37.67061587],[128.93659937,37.67074057],[128.93434287,37.67090399],[128.93209131,37.67110605],[128.92984575,37.67134666],[128.92760724,37.67162571],[128.92537681,37.67194307],[128.92315549,37.67229859],[128.92094433,37.6726921],[128.91874435,37.67312343],[128.91655657,37.67359237],[128.91438201,37.67409871],[128.91222168,37.6746422],[128.91007658,37.6752226],[128.90794772,37.67583964],[128.90583607,37.67649303],[128.90374263,37.67718247],[128.90166836,37.67790763],[128.89961423,37.67866818],[128.8975812,37.67946377],[128.89557021,37.68029402],[128.89358219,37.68115856],[128.89161808,37.68205697],[128.88967879,37.68298884],[128.88776521,37.68395374],[128.88587824,37.68495122],[128.88401876,37.68598081],[128.88218763,37.68704204],[128.8803857,37.68813441],[128.87861383,37.68925742],[128.87687281,37.69041054],[128.87516348,37.69159323],[128.87348663,37.69280495],[128.87184303,37.69404514],[128.87023346,37.69531321],[128.86865867,37.69660857],[128.86711938,37.69793064],[128.86561632,37.69927878],[128.86415018,37.70065237],[128.86272166,37.70205077],[128.86133142,37.70347334],[128.8599801,37.70491941],[128.85866835,37.7063883],[128.85739676,37.70787934],[128.85616594,37.70939183],[128.85497646,37.71092507],[128.85382888,37.71247834],[128.85272373,37.71405092],[128.85166153,37.71564207],[128.85064277,37.71725107],[128.84966795,37.71887715],[128.8487375,37.72051957],[128.84785187,37.72217755],[128.84701147,37.72385032],[128.8462167,37.72553711],[128.84546793,37.72723714],[128.84476551,37.7289496],[128.84410978,37.7306737],[128.84350103,37.73240865],[128.84293956,37.73415362],[128.84242564,37.73590781],[128.8419595,37.73767039],[128.84154136,37.73944056],[128.84117143,37.74121749],[128.84084988,37.74300034],[128.84057686,37.74478828],[128.84035251,37.74658049],[128.84017693,37.74837613],[128.8400502,37.75017435],[128.8399724,37.75197433],[128.83994356,37.75377522],[128.83996368,37.75557619],[128.84003279,37.75737639],[128.84015083,37.75917498],[128.84031776,37.76097113],[128.84053352,37.76276401],[128.84079799,37.76455276],[128.84111105,37.76633656],[128.84147258,37.76811458],[128.84188239,37.76988598],[128.84234032,37.77164995],[128.84284613,37.77340565],[128.84339961,37.77515228],[128.84400049,37.77688901],[128.8446485,37.77861503],[128.84534334,37.78032954],[128.84608469,37.78203174],[128.8468722,37.78372083],[128.84770552,37.78539602],[128.84858425,37.78705654],[128.84950799,37.78870161],[128.85047631,37.79033046],[128.85148876,37.79194234],[128.85254487,37.79353648],[128.85364416,37.79511214],[128.85478611,37.79666859],[128.85597018,37.7982051],[128.85719583,37.79972095],[128.85846249,37.80121544],[128.85976958,37.80268787],[128.86111648,37.80413755],[128.86250256,37.8055638],[128.86392718,37.80696596],[128.86538967,37.80834337],[128.86688937,37.80969538],[128.86842556,37.81102137],[128.86999753,37.81232072],[128.87160455,37.81359282],[128.87324587,37.81483707],[128.87492072,37.8160529],[128.87662832,37.81723974],[128.87836788,37.81839702],[128.88013859,37.81952421],[128.88193961,37.82062079],[128.88377012,37.82168624],[128.88562924,37.82272006],[128.88751612,37.82372177],[128.88942988,37.82469091],[128.89136962,37.82562701],[128.89333443,37.82652964],[128.8953234,37.82739838],[128.8973356,37.82823282],[128.89937008,37.82903258],[128.90142591,37.82979727],[128.9035021,37.83052654],[128.90559771,37.83122006],[128.90771174,37.83187749],[128.90984322,37.83249852],[128.91199113,37.83308288],[128.91415449,37.83363028],[128.91633227,37.83414047],[128.91852346,37.8346132],[128.92072703,37.83504827],[128.92294196,37.83544546],[128.92516721,37.83580459],[128.92740174,37.8361255],[128.92964449,37.83640802],[128.93189443,37.83665203],[128.93415051,37.83685742],[128.93641165,37.83702409],[128.93867682,37.83715196],[128.94094495,37.83724097],[128.94321497,37.83729108],[128.94548583,37.83730227],[128.94775647,37.83727453]]]]},"geometry_name":"ag_geom","properties":{"zone_type":"관제권","layer":"lt_c_aisctrc","name":"GANGNEUNG","upper":null,"lower":null,"color":"#c2185b","dist_km":279.32},"bbox":[128.83994356,37.67047459,129.05005673,37.83730227]},{"type":"Feature","id":"lt_c_aisctrc.47","geometry":{"type":"MultiPolygon","coordinates":[[[[127.00756337,37.32287862],[127.00981878,37.32284852],[127.01207285,37.32277949],[127.01432452,37.32267157],[127.01657273,37.32252481],[127.01881645,37.32233928],[127.02105461,37.32211506],[127.02328618,37.32185226],[127.0255101,37.321551],[127.02772534,37.32121143],[127.02993087,37.32083369],[127.03212564,37.32041797],[127.03430864,37.31996447],[127.03647884,37.31947339],[127.03863523,37.31894496],[127.04077681,37.31837944],[127.04290256,37.31777708],[127.04501149,37.31713816],[127.04710264,37.316463],[127.04917499,37.31575189],[127.05122761,37.31500518],[127.05325952,37.31422322],[127.05526977,37.31340636],[127.05725743,37.31255499],[127.05922157,37.31166952],[127.06116127,37.31075034],[127.06307563,37.30979791],[127.06496374,37.30881264],[127.06682474,37.30779501],[127.06865774,37.30674551],[127.07046189,37.3056646],[127.07223637,37.30455281],[127.07398032,37.30341065],[127.07569295,37.30223864],[127.07737344,37.30103735],[127.07902102,37.29980734],[127.08063493,37.29854917],[127.0822144,37.29726344],[127.0837587,37.29595074],[127.08526712,37.29461169],[127.08673894,37.29324692],[127.08817348,37.29185706],[127.08957008,37.29044276],[127.09092809,37.28900469],[127.09224686,37.28754351],[127.0935258,37.2860599],[127.09476429,37.28455457],[127.09596178,37.28302821],[127.0971177,37.28148154],[127.0982315,37.27991527],[127.09930269,37.27833015],[127.10033075,37.2767269],[127.10131522,37.27510628],[127.10225563,37.27346905],[127.10315155,37.27181596],[127.10400257,37.2701478],[127.10480828,37.26846533],[127.10556832,37.26676935],[127.10628233,37.26506065],[127.10694999,37.26334002],[127.10757098,37.26160827],[127.10814503,37.25986619],[127.10867186,37.25811462],[127.10915122,37.25635436],[127.10958292,37.25458624],[127.10996674,37.25281108],[127.1103025,37.25102971],[127.11059006,37.24924295],[127.11082929,37.24745165],[127.11102007,37.24565664],[127.11116233,37.24385875],[127.11125599,37.24205882],[127.11130102,37.2402577],[127.1112974,37.23845622],[127.11124514,37.23665522],[127.11114426,37.23485554],[127.11099482,37.23305802],[127.11079688,37.23126351],[127.11055054,37.22947282],[127.11025593,37.22768681],[127.10991318,37.22590629],[127.10952245,37.22413211],[127.10908393,37.22236508],[127.10859784,37.22060604],[127.10806438,37.21885579],[127.10748384,37.21711516],[127.10685646,37.21538496],[127.10618255,37.21366599],[127.10546243,37.21195906],[127.10469643,37.21026494],[127.10388491,37.20858445],[127.10302826,37.20691835],[127.10212688,37.20526743],[127.10118119,37.20363246],[127.10019163,37.20201418],[127.09915866,37.20041337],[127.09808278,37.19883076],[127.09696448,37.19726709],[127.09580428,37.19572308],[127.09460273,37.19419946],[127.0933604,37.19269694],[127.09207785,37.19121621],[127.09075569,37.18975796],[127.08939454,37.18832288],[127.08799503,37.18691162],[127.08655782,37.18552485],[127.08508357,37.18416321],[127.08357298,37.18282733],[127.08202675,37.18151785],[127.0804456,37.18023535],[127.07883026,37.17898045],[127.0771815,37.17775372],[127.07550007,37.17655574],[127.07378676,37.17538706],[127.07204238,37.17424822],[127.07026772,37.17313976],[127.06846363,37.1720622],[127.06663094,37.17101602],[127.06477049,37.17000172],[127.06288317,37.16901977],[127.06096984,37.16807064],[127.0590314,37.16715475],[127.05706875,37.16627253],[127.0550828,37.16542439],[127.05307447,37.16461073],[127.05104471,37.16383193],[127.04899445,37.16308835],[127.04692465,37.16238032],[127.04483627,37.1617082],[127.04273028,37.16107227],[127.04060766,37.16047285],[127.0384694,37.15991021],[127.03631649,37.15938461],[127.03414993,37.15889629],[127.03197073,37.15844549],[127.0297799,37.1580324],[127.02757846,37.15765723],[127.02536744,37.15732015],[127.02314786,37.15702131],[127.02092075,37.15676085],[127.01868715,37.1565389],[127.01644809,37.15635556],[127.01420462,37.15621091],[127.01195777,37.15610502],[127.0097086,37.15603793],[127.00745814,37.15600969],[127.00520746,37.1560203],[127.00295757,37.15606976],[127.00070954,37.15615804],[126.99846441,37.15628511],[126.99622322,37.1564509],[126.99398701,37.15665534],[126.99175683,37.15689834],[126.9895337,37.15717977],[126.98731867,37.15749952],[126.98511275,37.15785743],[126.98291698,37.15825332],[126.98073238,37.15868703],[126.97855996,37.15915835],[126.97640073,37.15966707],[126.9742557,37.16021293],[126.97212586,37.16079569],[126.9700122,37.16141508],[126.9679157,37.16207082],[126.96583735,37.16276259],[126.9637781,37.16349007],[126.96173892,37.16425294],[126.95972075,37.16505082],[126.95772453,37.16588336],[126.95575119,37.16675016],[126.95380165,37.16765082],[126.95187682,37.16858492],[126.94997758,37.16955204],[126.94810483,37.17055171],[126.94625943,37.17158348],[126.94444225,37.17264686],[126.94265414,37.17374136],[126.94089591,37.17486648],[126.93916841,37.17602168],[126.93747241,37.17720643],[126.93580873,37.17842018],[126.93417813,37.17966237],[126.93258137,37.18093241],[126.9310192,37.18222972],[126.92949234,37.1835537],[126.92800152,37.18490372],[126.92654741,37.18627917],[126.92513071,37.18767939],[126.92375207,37.18910374],[126.92241214,37.19055156],[126.92111154,37.19202217],[126.91985088,37.19351489],[126.91863075,37.19502903],[126.91745172,37.19656387],[126.91631434,37.1981187],[126.91521914,37.19969281],[126.91416663,37.20128545],[126.91315732,37.2028959],[126.91219165,37.20452338],[126.91127011,37.20616716],[126.91039311,37.20782647],[126.90956106,37.20950052],[126.90877436,37.21118855],[126.90803338,37.21288976],[126.90733845,37.21460337],[126.90668992,37.21632858],[126.90608808,37.21806457],[126.90553322,37.21981055],[126.90502561,37.2215657],[126.90456547,37.22332921],[126.90415302,37.22510025],[126.90378848,37.22687799],[126.903472,37.22866161],[126.90320374,37.23045028],[126.90298382,37.23224316],[126.90281236,37.23403942],[126.90268943,37.23583822],[126.9026151,37.23763872],[126.9025894,37.23944009],[126.90261235,37.24124147],[126.90268395,37.24304205],[126.90280415,37.24484096],[126.90297292,37.24663739],[126.90319017,37.24843048],[126.90345581,37.2502194],[126.90376972,37.25200331],[126.90413175,37.2537814],[126.90454174,37.25555282],[126.90499949,37.25731675],[126.90550481,37.25907236],[126.90605746,37.26081885],[126.90665718,37.26255538],[126.90730369,37.26428116],[126.90799671,37.26599538],[126.9087359,37.26769723],[126.90952093,37.26938593],[126.91035143,37.27106068],[126.91122702,37.2727207],[126.91214729,37.27436522],[126.91311181,37.27599348],[126.91412015,37.2776047],[126.91517182,37.27919814],[126.91626635,37.28077306],[126.91740322,37.28232871],[126.91858191,37.28386438],[126.91980186,37.28537935],[126.92106252,37.2868729],[126.92236328,37.28834434],[126.92370356,37.28979298],[126.92508272,37.29121815],[126.92650012,37.29261919],[126.92795511,37.29399542],[126.929447,37.29534622],[126.9309751,37.29667096],[126.9325387,37.297969],[126.93413707,37.29923976],[126.93576946,37.30048262],[126.93743512,37.30169702],[126.93913326,37.30288238],[126.94086309,37.30403816],[126.94262381,37.3051638],[126.9444146,37.30625879],[126.94623462,37.30732261],[126.94808301,37.30835476],[126.94995893,37.30935477],[126.95186148,37.31032216],[126.95378979,37.31125649],[126.95574295,37.31215731],[126.95772005,37.31302421],[126.95972017,37.31385678],[126.96174237,37.31465463],[126.9637857,37.31541738],[126.96584922,37.31614469],[126.96793195,37.31683621],[126.97003293,37.31749161],[126.97215117,37.3181106],[126.97428569,37.31869287],[126.97643548,37.31923817],[126.97859954,37.31974622],[126.98077685,37.32021681],[126.98296641,37.32064971],[126.98516718,37.3210447],[126.98737814,37.32140162],[126.98959825,37.32172029],[126.99182648,37.32200056],[126.99406178,37.3222423],[126.9963031,37.32244541],[126.99854941,37.32260978],[127.00079964,37.32273533],[127.00305275,37.32282201],[127.00530768,37.32286978],[127.00756337,37.32287862]]]]},"geometry_name":"ag_geom","properties":{"zone_type":"관제권","layer":"lt_c_aisctrc","name":"SUWON","upper":null,"lower":null,"color":"#c2185b","dist_km":259.56},"bbox":[126.9025894,37.15600969,127.11130102,37.32287862]},{"type":"Feature","id":"lt_c_aisctrc.48","geometry":{"type":"MultiPolygon","coordinates":[[[[127.47308045,37.284542],[127.47533449,37.28450296],[127.47758695,37.284425],[127.47983677,37.28430817],[127.48208289,37.2841525],[127.48432428,37.28395808],[127.48655988,37.283725],[127.48878865,37.28345336],[127.49100953,37.28314329],[127.4932215,37.28279495],[127.49542352,37.28240848],[127.49761457,37.28198407],[127.4997936,37.28152192],[127.50195962,37.28102225],[127.5041116,37.28048528],[127.50624853,37.27991128],[127.50836943,37.2793005],[127.51047329,37.27865324],[127.51255914,37.2779698],[127.514626,37.27725049],[127.5166729,37.27649566],[127.51869889,37.27570565],[127.52070302,37.27488084],[127.52268435,37.27402161],[127.52464196,37.27312836],[127.52657493,37.27220151],[127.52848237,37.2712415],[127.53036338,37.27024876],[127.53221708,37.26922377],[127.5340426,37.26816702],[127.5358391,37.26707897],[127.53760574,37.26596016],[127.53934169,37.2648111],[127.54104614,37.26363233],[127.54271829,37.26242439],[127.54435738,37.26118786],[127.54596263,37.25992331],[127.54753329,37.25863134],[127.54906863,37.25731253],[127.55056795,37.25596752],[127.55203052,37.25459693],[127.55345569,37.25320141],[127.55484278,37.25178159],[127.55619115,37.25033815],[127.55750017,37.24887176],[127.55876923,37.24738311],[127.55999774,37.24587289],[127.56118512,37.2443418],[127.56233084,37.24279056],[127.56343435,37.2412199],[127.56449514,37.23963055],[127.56551272,37.23802324],[127.56648662,37.23639874],[127.56741639,37.2347578],[127.56830158,37.23310118],[127.56914181,37.23142966],[127.56993667,37.22974402],[127.57068579,37.22804505],[127.57138884,37.22633353],[127.57204548,37.22461027],[127.57265541,37.22287608],[127.57321836,37.22113175],[127.57373405,37.21937811],[127.57420226,37.21761597],[127.57462277,37.21584616],[127.57499539,37.21406949],[127.57531994,37.21228681],[127.57559628,37.21049893],[127.57582428,37.20870671],[127.57600384,37.20691095],[127.57613489,37.20511252],[127.57621735,37.20331224],[127.5762512,37.20151096],[127.57623643,37.19970951],[127.57617304,37.19790874],[127.57606106,37.19610948],[127.57590057,37.19431257],[127.57569162,37.19251886],[127.57543433,37.19072917],[127.57512881,37.18894434],[127.57477522,37.1871652],[127.57437371,37.18539259],[127.57392449,37.18362732],[127.57342776,37.18187022],[127.57288375,37.1801221],[127.57229274,37.17838379],[127.57165498,37.17665609],[127.57097079,37.17493981],[127.57024048,37.17323575],[127.5694644,37.17154469],[127.56864292,37.16986742],[127.56777641,37.16820474],[127.56686528,37.16655741],[127.56590997,37.1649262],[127.56491092,37.16331186],[127.5638686,37.16171516],[127.56278349,37.16013682],[127.5616561,37.1585776],[127.56048696,37.15703821],[127.55927662,37.15551936],[127.55802565,37.15402178],[127.55673462,37.15254614],[127.55540413,37.15109315],[127.55403482,37.14966347],[127.55262732,37.14825777],[127.55118229,37.14687672],[127.5497004,37.14552093],[127.54818234,37.14419105],[127.54662883,37.1428877],[127.54504058,37.14161149],[127.54341833,37.140363],[127.54176285,37.13914282],[127.54007489,37.13795151],[127.53835527,37.13678963],[127.53660476,37.13565772],[127.53482418,37.1345563],[127.53301437,37.13348589],[127.53117617,37.13244699],[127.52931044,37.13144007],[127.52741803,37.13046561],[127.52549984,37.12952406],[127.52355676,37.12861586],[127.52158968,37.12774142],[127.51959953,37.12690116],[127.51758723,37.12609547],[127.51555372,37.12532472],[127.51349994,37.12458927],[127.51142685,37.12388945],[127.50933541,37.12322561],[127.50722659,37.12259803],[127.50510138,37.12200703],[127.50296076,37.12145286],[127.50080573,37.12093579],[127.49863729,37.12045607],[127.49645644,37.1200139],[127.49426421,37.1196095],[127.49206161,37.11924305],[127.48984966,37.11891473],[127.48762939,37.11862469],[127.48540184,37.11837306],[127.48316803,37.11815996],[127.48092901,37.11798549],[127.47868582,37.11784973],[127.47643949,37.11775274],[127.47419108,37.11769457],[127.47194162,37.11767524],[127.46969218,37.11769477],[127.46744377,37.11775313],[127.46519746,37.11785032],[127.46295428,37.11798628],[127.46071529,37.11816096],[127.45848151,37.11837425],[127.45625399,37.11862608],[127.45403376,37.11891632],[127.45182186,37.11924484],[127.44961931,37.11961148],[127.44742713,37.12001607],[127.44524635,37.12045843],[127.44307797,37.12093835],[127.44092301,37.12145561],[127.43878247,37.12200997],[127.43665734,37.12260116],[127.43454861,37.12322892],[127.43245726,37.12389295],[127.43038427,37.12459295],[127.42833059,37.12532859],[127.42629718,37.12609952],[127.424285,37.12690539],[127.42229496,37.12774583],[127.42032801,37.12862044],[127.41838505,37.12952881],[127.41646699,37.13047053],[127.41457472,37.13144516],[127.41270912,37.13245224],[127.41087106,37.13349131],[127.4090614,37.13456188],[127.40728098,37.13566345],[127.40553063,37.13679552],[127.40381116,37.13795755],[127.40212338,37.13914901],[127.40046806,37.14036933],[127.39884599,37.14161797],[127.39725791,37.14289433],[127.39570458,37.14419781],[127.39418671,37.14552782],[127.392705,37.14688374],[127.39126016,37.14826493],[127.38985286,37.14967075],[127.38848374,37.15110055],[127.38715346,37.15255366],[127.38586264,37.1540294],[127.38461187,37.1555271],[127.38340174,37.15704605],[127.38223281,37.15858555],[127.38110564,37.16014488],[127.38002075,37.1617233],[127.37897864,37.1633201],[127.37797982,37.16493452],[127.37702473,37.16656582],[127.37611384,37.16821323],[127.37524756,37.16987599],[127.3744263,37.17155333],[127.37365046,37.17324445],[127.37292039,37.17494858],[127.37223643,37.17666493],[127.37159892,37.17839268],[127.37100814,37.18013104],[127.37046438,37.18187921],[127.36996789,37.18363635],[127.36951891,37.18540166],[127.36911765,37.18717431],[127.3687643,37.18895348],[127.36845903,37.19073833],[127.36820199,37.19252805],[127.36799329,37.19432178],[127.36783304,37.1961187],[127.36772132,37.19791797],[127.36765818,37.19971875],[127.36764365,37.20152019],[127.36767775,37.20332147],[127.36776047,37.20512174],[127.36789176,37.20692016],[127.36807157,37.2087159],[127.36829982,37.21050811],[127.36857641,37.21229596],[127.36890121,37.21407861],[127.36927407,37.21585524],[127.36969482,37.21762502],[127.37016327,37.21938712],[127.37067922,37.22114071],[127.3712424,37.22288499],[127.37185257,37.22461913],[127.37250945,37.22634233],[127.37321273,37.22805378],[127.3739621,37.22975269],[127.37475719,37.23143826],[127.37559764,37.2331097],[127.37648307,37.23476624],[127.37741306,37.2364071],[127.37838718,37.23803152],[127.37940499,37.23963873],[127.380466,37.24122799],[127.38156973,37.24279855],[127.38271565,37.24434969],[127.38390325,37.24588067],[127.38513197,37.24739079],[127.38640124,37.24887933],[127.38771046,37.2503456],[127.38905902,37.25178892],[127.39044631,37.25320861],[127.39187167,37.25460401],[127.39333444,37.25597447],[127.39483394,37.25731935],[127.39636946,37.25863801],[127.3979403,37.25992985],[127.39954573,37.26119426],[127.40118498,37.26243065],[127.40285731,37.26363843],[127.40456192,37.26481705],[127.40629803,37.26596596],[127.40806482,37.26708462],[127.40986147,37.2681725],[127.41168714,37.2692291],[127.41354098,37.27025392],[127.41542212,37.27124649],[127.41732969,37.27220633],[127.4192628,37.27313301],[127.42122053,37.27402609],[127.42320198,37.27488515],[127.42520622,37.27570978],[127.42723232,37.27649961],[127.42927932,37.27725426],[127.43134628,37.27797339],[127.43343222,37.27865665],[127.43553618,37.27930372],[127.43765716,37.27991431],[127.43979417,37.28048812],[127.44194623,37.2810249],[127.44411231,37.28152438],[127.44629141,37.28198634],[127.44848251,37.28241055],[127.45068459,37.28279682],[127.45289661,37.28314498],[127.45511754,37.28345485],[127.45734634,37.28372629],[127.45958197,37.28395917],[127.46182338,37.2841534],[127.46406953,37.28430886],[127.46631937,37.2844255],[127.46857183,37.28450326],[127.47082588,37.28454209],[127.47308045,37.284542]]]]},"geometry_name":"ag_geom","properties":{"zone_type":"관제권","layer":"lt_c_aisctrc","name":"ICHEON","upper":null,"lower":null,"color":"#c2185b","dist_km":236.15},"bbox":[127.36764365,37.11767524,127.5762512,37.28454209]},{"type":"Feature","id":"lt_c_aisctrc.49","geometry":{"type":"MultiPolygon","coordinates":[[[[127.21572807,36.28172481],[127.21683369,36.2701194],[127.2159336,36.25850213],[127.21304626,36.24709963],[127.20822931,36.23613375],[127.20157713,36.22581662],[127.19321885,36.21635008],[127.18331846,36.2079167],[127.17206833,36.20068176],[127.15968686,36.19478419],[127.14641494,36.19034009],[127.13251063,36.18743417],[127.11824315,36.18612372],[127.10388945,36.18643409],[127.08972832,36.18835861],[127.07603386,36.19186064],[127.06307309,36.19687245],[127.05109649,36.20329573],[127.04033746,36.21100703],[127.03100542,36.21985526],[127.0232818,36.22966965],[127.0173175,36.24025922],[127.01322894,36.25141776],[127.01109653,36.26292882],[127.01096261,36.2745682],[127.01283097,36.28610943],[127.01666576,36.2973278],[127.02239346,36.30800432],[127.02990332,36.31793177],[127.03904882,36.32691568],[127.04965255,36.33478137],[127.06150868,36.34137548],[127.07438488,36.34656897],[127.08803125,36.35026068],[127.10218023,36.35237831],[127.11655653,36.35288106],[127.13087911,36.35175803],[127.14486855,36.34903237],[127.15825109,36.34475676],[127.17076649,36.33901445],[127.18216955,36.33191781],[127.19223907,36.32360536],[127.20077886,36.31423879],[127.20762269,36.30400148],[127.21263833,36.29309254],[127.21572807,36.28172481]]]]},"geometry_name":"ag_geom","properties":{"zone_type":"관제권","layer":"lt_c_aisctrc","name":"NONSAN","upper":null,"lower":null,"color":"#c2185b","dist_km":169.13},"bbox":[127.01096261,36.18612372,127.21683369,36.35288106]},{"type":"Feature","id":"lt_c_aisctrc.50","geometry":{"type":"MultiPolygon","coordinates":[[[[127.03397923,37.04343454],[127.03622625,37.04340393],[127.03847192,37.0433344],[127.04071519,37.04322597],[127.042955,37.04307871],[127.04519031,37.04289267],[127.04742009,37.04266795],[127.04964327,37.04240464],[127.05185883,37.04210288],[127.05406572,37.04176281],[127.05626292,37.04138457],[127.0584494,37.04096836],[127.06062413,37.04051436],[127.06278609,37.04002279],[127.06493429,37.03949387],[127.06706771,37.03892787],[127.06918536,37.03832502],[127.07128623,37.03768563],[127.07336937,37.03700999],[127.07543378,37.03629842],[127.07747851,37.03555125],[127.0795026,37.03476882],[127.08150511,37.03395151],[127.08348509,37.03309969],[127.08544162,37.03221377],[127.0873738,37.03129415],[127.08928071,37.03034128],[127.09116147,37.02935558],[127.09301519,37.02833753],[127.09484102,37.02728761],[127.0966381,37.02620629],[127.0984056,37.0250941],[127.10014268,37.02395153],[127.10184854,37.02277914],[127.10352237,37.02157747],[127.10516341,37.02034708],[127.10677088,37.01908854],[127.10834404,37.01780245],[127.10988215,37.01648939],[127.1113845,37.01515],[127.11285038,37.01378489],[127.11427912,37.0123947],[127.11567004,37.01098009],[127.1170225,37.0095417],[127.11833587,37.00808022],[127.11960954,37.00659632],[127.12084292,37.00509071],[127.12203543,37.00356407],[127.12318652,37.00201713],[127.12429565,37.00045061],[127.12536231,36.99886524],[127.126386,36.99726175],[127.12736625,36.9956409],[127.12830261,36.99400345],[127.12919463,36.99235016],[127.13004191,36.9906818],[127.13084405,36.98899915],[127.13160068,36.98730299],[127.13231145,36.98559412],[127.13297603,36.98387333],[127.13359412,36.98214143],[127.13416543,36.98039923],[127.1346897,36.97864753],[127.13516668,36.97688716],[127.13559616,36.97511894],[127.13597794,36.97334368],[127.13631185,36.97156223],[127.13659772,36.9697754],[127.13683545,36.96798404],[127.1370249,36.96618898],[127.13716601,36.96439106],[127.1372587,36.96259111],[127.13730294,36.96078997],[127.13729871,36.95898848],[127.13724602,36.95718749],[127.13714489,36.95538783],[127.13699539,36.95359034],[127.13679756,36.95179587],[127.13655152,36.95000523],[127.13625739,36.94821928],[127.13591529,36.94643884],[127.1355254,36.94466474],[127.1350879,36.94289781],[127.134603,36.94113887],[127.13407092,36.93938874],[127.13349193,36.93764824],[127.13286628,36.93591818],[127.13219428,36.93419936],[127.13147624,36.93249258],[127.1307125,36.93079864],[127.12990341,36.92911832],[127.12904937,36.92745242],[127.12815076,36.9258017],[127.12720801,36.92416693],[127.12622156,36.92254888],[127.12519187,36.9209483],[127.12411943,36.91936592],[127.12300473,36.9178025],[127.1218483,36.91625875],[127.12065068,36.9147354],[127.11941244,36.91323316],[127.11813414,36.91175271],[127.11681638,36.91029476],[127.11545978,36.90885998],[127.11406497,36.90744904],[127.11263261,36.90606259],[127.11116336,36.90470128],[127.10965791,36.90336575],[127.10811696,36.90205661],[127.10654122,36.90077447],[127.10493144,36.89951993],[127.10328836,36.89829357],[127.10161275,36.89709596],[127.0999054,36.89592767],[127.09816708,36.89478923],[127.09639863,36.89368117],[127.09460085,36.89260401],[127.09277459,36.89155824],[127.09092069,36.89054436],[127.08904002,36.88956284],[127.08713346,36.88861413],[127.08520189,36.88769867],[127.0832462,36.88681689],[127.08126732,36.8859692],[127.07926616,36.885156],[127.07724365,36.88437765],[127.07520073,36.88363453],[127.07313836,36.88292697],[127.07105749,36.88225532],[127.06895908,36.88161987],[127.06684412,36.88102092],[127.06471359,36.88045876],[127.06256848,36.87993364],[127.06040978,36.87944581],[127.0582385,36.8789955],[127.05605565,36.87858291],[127.05386224,36.87820823],[127.0516593,36.87787165],[127.04944784,36.87757331],[127.04722889,36.87731335],[127.04500349,36.8770919],[127.04277267,36.87690906],[127.04053747,36.87676492],[127.03829891,36.87665953],[127.03605805,36.87659295],[127.03381593,36.87656522],[127.03157358,36.87657633],[127.02933205,36.87662629],[127.02709239,36.87671508],[127.02485562,36.87684266],[127.02262279,36.87700895],[127.02039495,36.8772139],[127.01817312,36.87745739],[127.01595833,36.87773933],[127.01375162,36.87805957],[127.011554,36.87841798],[127.00936651,36.87881437],[127.00719016,36.87924857],[127.00502596,36.87972038],[127.00287491,36.88022957],[127.00073802,36.88077592],[126.99861628,36.88135916],[126.99651067,36.88197903],[126.99442218,36.88263523],[126.99235177,36.88332747],[126.99030042,36.88405542],[126.98826906,36.88481874],[126.98625865,36.88561708],[126.98427013,36.88645006],[126.98230441,36.88731731],[126.98036241,36.88821841],[126.97844504,36.88915294],[126.97655319,36.89012049],[126.97468773,36.89112058],[126.97284954,36.89215276],[126.97103947,36.89321655],[126.96925837,36.89431145],[126.96750706,36.89543696],[126.96578637,36.89659255],[126.96409708,36.89777769],[126.96243999,36.89899181],[126.96081587,36.90023437],[126.95922549,36.90150477],[126.95766957,36.90280244],[126.95614884,36.90412676],[126.95466402,36.90547712],[126.95321579,36.90685289],[126.95180484,36.90825343],[126.95043182,36.90967809],[126.94909737,36.91112622],[126.94780211,36.91259712],[126.94654666,36.91409012],[126.94533159,36.91560453],[126.94415747,36.91713964],[126.94302486,36.91869473],[126.94193428,36.92026908],[126.94088624,36.92186197],[126.93988124,36.92347264],[126.93891973,36.92510035],[126.93800219,36.92674434],[126.93712903,36.92840384],[126.93630066,36.93007808],[126.93551748,36.93176629],[126.93477985,36.93346767],[126.93408811,36.93518144],[126.93344259,36.9369068],[126.9328436,36.93864293],[126.93229142,36.94038904],[126.93178631,36.9421443],[126.93132851,36.94390792],[126.93091823,36.94567905],[126.93055566,36.94745688],[126.93024099,36.94924057],[126.92997436,36.95102931],[126.9297559,36.95282224],[126.92958571,36.95461855],[126.92946388,36.95641738],[126.92939046,36.9582179],[126.9293655,36.96001928],[126.92938901,36.96182066],[126.92946098,36.96362123],[126.92958138,36.96542012],[126.92975016,36.96721651],[126.92996724,36.96900955],[126.93023253,36.97079842],[126.93054591,36.97258227],[126.93090722,36.97436028],[126.93131632,36.97613161],[126.931773,36.97789545],[126.93227707,36.97965095],[126.93282829,36.98139732],[126.9334264,36.98313373],[126.93407113,36.98485937],[126.93476218,36.98657343],[126.93549923,36.98827512],[126.93628195,36.98996365],[126.93710996,36.99163822],[126.93798289,36.99329805],[126.93890033,36.99494237],[126.93986185,36.99657042],[126.94086702,36.99818142],[126.94191536,36.99977463],[126.94300638,37.00134931],[126.94413958,37.00290471],[126.94531444,37.00444012],[126.9465304,37.00595482],[126.94778691,37.00744809],[126.94908337,37.00891925],[126.95041918,37.01036759],[126.95179373,37.01179246],[126.95320636,37.01319318],[126.95465643,37.0145691],[126.95614327,37.01591957],[126.95766616,37.01724397],[126.95922441,37.01854167],[126.9608173,37.01981207],[126.96244407,37.02105457],[126.96410397,37.0222686],[126.96579623,37.02345358],[126.96752005,37.02460898],[126.96927463,37.02573423],[126.97105915,37.02682882],[126.97287279,37.02789223],[126.97471468,37.02892398],[126.97658398,37.02992357],[126.97847981,37.03089054],[126.98040129,37.03182444],[126.98234751,37.03272483],[126.98431758,37.03359129],[126.98631056,37.03442341],[126.98832553,37.0352208],[126.99036154,37.0359831],[126.99241765,37.03670995],[126.9944929,37.037401],[126.9965863,37.03805594],[126.9986969,37.03867445],[127.00082369,37.03925625],[127.00296568,37.03980107],[127.00512188,37.04030864],[127.00729128,37.04077874],[127.00947285,37.04121114],[127.01166559,37.04160565],[127.01386846,37.04196207],[127.01608044,37.04228024],[127.01830049,37.04256001],[127.02052757,37.04280125],[127.02276064,37.04300386],[127.02499866,37.04316772],[127.02724057,37.04329277],[127.02948534,37.04337895],[127.03173191,37.04342621],[127.03397923,37.04343454]]]]},"geometry_name":"ag_geom","properties":{"zone_type":"관제권","layer":"lt_c_aisctrc","name":"PYEONGTAEK","upper":null,"lower":null,"color":"#c2185b","dist_km":232.22},"bbox":[126.9293655,36.87656522,127.13730294,37.04343454]},{"type":"Feature","id":"lt_c_aisctrc.51","geometry":{"type":"MultiPolygon","coordinates":[[[[128.69655384,35.22814509],[128.69874836,35.22808334],[128.70094074,35.22798268],[128.70312996,35.22784317],[128.70531498,35.22766486],[128.70749479,35.22744785],[128.70966837,35.22719222],[128.7118347,35.22689812],[128.71399276,35.22656566],[128.71614156,35.226195],[128.71828009,35.22578633],[128.72040733,35.22533982],[128.72252231,35.2248557],[128.72462403,35.22433418],[128.7267115,35.22377551],[128.72878376,35.22317995],[128.73083984,35.22254777],[128.73287876,35.22187929],[128.73489959,35.2211748],[128.73690137,35.22043463],[128.73888318,35.21965914],[128.74084407,35.21884869],[128.74278315,35.21800365],[128.7446995,35.21712442],[128.74659222,35.21621141],[128.74846044,35.21526504],[128.75030328,35.21428577],[128.75211988,35.21327405],[128.7539094,35.21223034],[128.75567099,35.21115515],[128.75740383,35.21004896],[128.75910713,35.20891231],[128.76078007,35.20774571],[128.76242188,35.20654972],[128.7640318,35.20532489],[128.76560908,35.2040718],[128.76715297,35.20279103],[128.76866277,35.20148318],[128.77013776,35.20014886],[128.77157725,35.1987887],[128.77298059,35.19740332],[128.77434711,35.19599339],[128.77567618,35.19455955],[128.77696718,35.19310248],[128.7782195,35.19162285],[128.77943258,35.19012136],[128.78060583,35.18859871],[128.78173872,35.18705561],[128.78283072,35.18549278],[128.78388132,35.18391095],[128.78489004,35.18231086],[128.7858564,35.18069326],[128.78677996,35.1790589],[128.78766029,35.17740854],[128.78849698,35.17574296],[128.78928964,35.17406293],[128.79003791,35.17236923],[128.79074144,35.17066267],[128.7913999,35.16894402],[128.79201299,35.1672141],[128.79258043,35.16547372],[128.79310196,35.16372368],[128.79357733,35.1619648],[128.79400633,35.1601979],[128.79438875,35.15842381],[128.79472444,35.15664335],[128.79501322,35.15485736],[128.79525497,35.15306666],[128.79544959,35.1512721],[128.79559697,35.1494745],[128.79569707,35.14767471],[128.79574983,35.14587357],[128.79575523,35.14407191],[128.79571327,35.14227058],[128.79562398,35.14047041],[128.79548741,35.13867225],[128.79530361,35.13687694],[128.79507268,35.1350853],[128.79479473,35.13329817],[128.79446989,35.1315164],[128.79409831,35.1297408],[128.79368017,35.1279722],[128.79321568,35.12621144],[128.79270504,35.12445932],[128.79214851,35.12271667],[128.79154634,35.12098429],[128.79089882,35.119263],[128.79020624,35.11755359],[128.78946894,35.11585687],[128.78868727,35.11417362],[128.78786158,35.11250462],[128.78699227,35.11085065],[128.78607975,35.10921249],[128.78512444,35.10759089],[128.78412679,35.10598661],[128.78308726,35.1044004],[128.78200634,35.10283299],[128.78088455,35.10128511],[128.7797224,35.0997575],[128.77852043,35.09825084],[128.77727921,35.09676585],[128.77599932,35.09530322],[128.77468136,35.09386363],[128.77332593,35.09244775],[128.77193368,35.09105623],[128.77050525,35.08968973],[128.76904131,35.08834887],[128.76754254,35.08703429],[128.76600965,35.0857466],[128.76444334,35.08448638],[128.76284434,35.08325424],[128.76121341,35.08205074],[128.7595513,35.08087644],[128.75785878,35.07973189],[128.75613665,35.07861762],[128.7543857,35.07753415],[128.75260676,35.07648198],[128.75080064,35.0754616],[128.74896819,35.07447349],[128.74711027,35.0735181],[128.74522773,35.07259588],[128.74332146,35.07170726],[128.74139234,35.07085265],[128.73944127,35.07003245],[128.73746916,35.06924704],[128.73547691,35.06849679],[128.73346547,35.06778203],[128.73143576,35.06710311],[128.72938873,35.06646034],[128.72732534,35.06585402],[128.72524653,35.06528444],[128.72315328,35.06475185],[128.72104656,35.0642565],[128.71892735,35.06379863],[128.71679664,35.06337844],[128.7146554,35.06299613],[128.71250465,35.06265188],[128.71034538,35.06234586],[128.70817859,35.06207819],[128.7060053,35.06184901],[128.7038265,35.06165842],[128.70164321,35.06150652],[128.69945645,35.06139336],[128.69726724,35.06131901],[128.69507658,35.06128349],[128.69288551,35.06128684],[128.69069503,35.06132903],[128.68850616,35.06141006],[128.68631993,35.06152989],[128.68413734,35.06168845],[128.68195942,35.06188568],[128.67978717,35.06212149],[128.6776216,35.06239577],[128.67546373,35.06270838],[128.67331454,35.06305918],[128.67117505,35.06344802],[128.66904624,35.0638747],[128.66692911,35.06433903],[128.66482464,35.06484081],[128.6627338,35.06537978],[128.66065758,35.0659557],[128.65859693,35.06656831],[128.65655282,35.06721732],[128.65452618,35.06790242],[128.65251798,35.0686233],[128.65052913,35.06937963],[128.64856057,35.07017106],[128.64661321,35.0709972],[128.64468796,35.07185769],[128.64278571,35.07275212],[128.64090734,35.07368007],[128.63905374,35.07464112],[128.63722577,35.07563481],[128.63542426,35.07666069],[128.63365008,35.07771828],[128.63190403,35.07880708],[128.63018693,35.0799266],[128.62849959,35.0810763],[128.62684279,35.08225566],[128.62521729,35.08346413],[128.62362387,35.08470114],[128.62206325,35.08596612],[128.62053618,35.08725848],[128.61904335,35.08857762],[128.61758547,35.08992293],[128.61616322,35.09129378],[128.61477726,35.09268954],[128.61342823,35.09410954],[128.61211677,35.09555314],[128.61084349,35.09701967],[128.60960898,35.09850843],[128.60841383,35.10001874],[128.60725858,35.10154989],[128.60614378,35.10310117],[128.60506995,35.10467186],[128.60403759,35.10626124],[128.60304718,35.10786855],[128.6020992,35.10949305],[128.60119408,35.11113398],[128.60033225,35.11279058],[128.5995141,35.11446209],[128.59874003,35.11614771],[128.5980104,35.11784667],[128.59732555,35.11955818],[128.59668581,35.12128143],[128.59609147,35.12301563],[128.59554281,35.12475997],[128.59504009,35.12651363],[128.59458355,35.1282758],[128.59417341,35.13004565],[128.59380986,35.13182237],[128.59349307,35.13360513],[128.5932232,35.13539308],[128.59300036,35.13718541],[128.59282468,35.13898128],[128.59269623,35.14077984],[128.59261508,35.14258026],[128.59258127,35.14438171],[128.59259481,35.14618334],[128.59265571,35.1479843],[128.59276394,35.14978377],[128.59291945,35.1515809],[128.59312218,35.15337486],[128.59337203,35.15516481],[128.59366889,35.15694991],[128.59401262,35.15872933],[128.59440306,35.16050224],[128.59484005,35.16226782],[128.59532337,35.16402523],[128.59585281,35.16577367],[128.59642812,35.16751231],[128.59704903,35.16924034],[128.59771527,35.17095697],[128.59842651,35.17266137],[128.59918244,35.17435277],[128.59998269,35.17603037],[128.60082691,35.17769339],[128.6017147,35.17934105],[128.60264565,35.18097258],[128.60361933,35.18258723],[128.60463528,35.18418423],[128.60569303,35.18576284],[128.6067921,35.18732233],[128.60793196,35.18886196],[128.6091121,35.19038103],[128.61033196,35.1918788],[128.61159098,35.1933546],[128.61288856,35.19480773],[128.61422411,35.1962375],[128.61559701,35.19764326],[128.61700661,35.19902435],[128.61845225,35.20038011],[128.61993327,35.20170992],[128.62144898,35.20301316],[128.62299866,35.20428921],[128.6245816,35.20553748],[128.62619705,35.20675739],[128.62784428,35.20794837],[128.62952249,35.20910986],[128.63123092,35.21024131],[128.63296876,35.2113422],[128.63473521,35.21241202],[128.63652944,35.21345026],[128.63835061,35.21445644],[128.64019788,35.21543009],[128.64207037,35.21637075],[128.64396722,35.21727798],[128.64588754,35.21815136],[128.64783043,35.21899048],[128.64979498,35.21979495],[128.65178029,35.22056439],[128.65378541,35.22129845],[128.65580941,35.22199677],[128.65785136,35.22265904],[128.65991028,35.22328494],[128.66198522,35.22387418],[128.66407522,35.22442648],[128.66617928,35.22494159],[128.66829644,35.22541926],[128.67042569,35.22585928],[128.67256605,35.22626143],[128.67471651,35.22662553],[128.67687607,35.22695141],[128.67904372,35.22723891],[128.68121844,35.2274879],[128.68339922,35.22769827],[128.68558504,35.22786991],[128.68777487,35.22800275],[128.68996769,35.22809672],[128.69216248,35.22815178],[128.6943582,35.22816791],[128.69655384,35.22814509]]]]},"geometry_name":"ag_geom","properties":{"zone_type":"관제권","layer":"lt_c_aisctrc","name":"JINHAE","upper":null,"lower":null,"color":"#c2185b","dist_km":4.15},"bbox":[128.59258127,35.06128349,128.79575523,35.22816791]},{"type":"Feature","id":"lt_c_aisctrc.52","geometry":{"type":"MultiPolygon","coordinates":[[[[126.38104262,34.84231627],[126.38322741,34.84229807],[126.38541121,34.84224095],[126.38759299,34.84214492],[126.38977175,34.84201004],[126.39194646,34.84183637],[126.3941161,34.84162399],[126.39627966,34.841373],[126.39843614,34.84108351],[126.4005845,34.84075567],[126.40272376,34.84038962],[126.40485292,34.83998553],[126.40697097,34.8395436],[126.40907694,34.83906404],[126.41116982,34.83854705],[126.41324866,34.8379929],[126.41531246,34.83740183],[126.41736027,34.83677413],[126.41939114,34.83611008],[126.42140411,34.83541],[126.42339824,34.83467422],[126.4253726,34.83390307],[126.42732627,34.83309693],[126.42925833,34.83225616],[126.43116788,34.83138116],[126.43305404,34.83047234],[126.43491591,34.82953012],[126.43675263,34.82855495],[126.43856335,34.82754727],[126.44034721,34.82650757],[126.44210339,34.82543632],[126.44383106,34.82433404],[126.44552942,34.82320123],[126.44719768,34.82203841],[126.44883505,34.82084615],[126.45044077,34.81962499],[126.45201411,34.8183755],[126.45355431,34.81709827],[126.45506067,34.8157939],[126.45653248,34.81446299],[126.45796905,34.81310616],[126.45936972,34.81172406],[126.46073384,34.81031732],[126.46206076,34.80888661],[126.46334987,34.80743258],[126.46460058,34.80595593],[126.4658123,34.80445734],[126.46698445,34.8029375],[126.46811651,34.80139714],[126.46920795,34.79983697],[126.47025825,34.79825772],[126.47126693,34.79666012],[126.47223352,34.79504492],[126.47315758,34.79341288],[126.47403866,34.79176475],[126.47487638,34.79010132],[126.47567033,34.78842334],[126.47642015,34.78673161],[126.47712549,34.78502692],[126.47778602,34.78331005],[126.47840145,34.78158183],[126.47897149,34.77984304],[126.47949586,34.7780945],[126.47997434,34.77633703],[126.4804067,34.77457144],[126.48079275,34.77279857],[126.4811323,34.77101923],[126.4814252,34.76923425],[126.48167133,34.76744448],[126.48187055,34.76565074],[126.4820228,34.76385387],[126.48212799,34.76205472],[126.48218609,34.7602541],[126.48219706,34.75845288],[126.48216091,34.75665187],[126.48207767,34.75485194],[126.48194736,34.75305391],[126.48177005,34.75125862],[126.48154584,34.74946692],[126.48127482,34.74767963],[126.48095713,34.74589758],[126.48059291,34.74412161],[126.48018235,34.74235256],[126.47972564,34.74059122],[126.47922298,34.73883844],[126.47867463,34.73709502],[126.47808083,34.73536179],[126.47744187,34.73363954],[126.47675804,34.73192907],[126.47602968,34.73023119],[126.47525711,34.72854669],[126.47444071,34.72687635],[126.47358085,34.72522094],[126.47267795,34.72358124],[126.47173242,34.72195801],[126.4707447,34.72035201],[126.46971526,34.71876398],[126.46864458,34.71719467],[126.46753316,34.7156448],[126.46638152,34.71411509],[126.4651902,34.71260627],[126.46395975,34.71111901],[126.46269075,34.70965404],[126.4613838,34.70821201],[126.4600395,34.70679361],[126.45865847,34.70539949],[126.45724138,34.70403031],[126.45578886,34.70268669],[126.45430162,34.70136926],[126.45278032,34.70007865],[126.4512257,34.69881544],[126.44963846,34.69758022],[126.44801936,34.69637357],[126.44636914,34.69519605],[126.44468857,34.69404822],[126.44297845,34.69293059],[126.44123955,34.69184369],[126.4394727,34.69078802],[126.43767871,34.68976409],[126.43585842,34.68877235],[126.43401268,34.68781328],[126.43214235,34.68688733],[126.4302483,34.68599491],[126.4283314,34.68513644],[126.42639255,34.68431233],[126.42443266,34.68352296],[126.42245263,34.68276868],[126.42045339,34.68204987],[126.41843586,34.68136684],[126.41640098,34.68071992],[126.4143497,34.6801094],[126.41228298,34.67953558],[126.41020177,34.67899871],[126.40810704,34.67849905],[126.40599977,34.67803683],[126.40388093,34.67761226],[126.40175151,34.67722554],[126.3996125,34.67687685],[126.3974649,34.67656635],[126.3953097,34.67629419],[126.3931479,34.67606049],[126.3909805,34.67586537],[126.38880853,34.67570891],[126.38663297,34.67559118],[126.38445485,34.67551224],[126.38227518,34.67547213],[126.38009497,34.67547086],[126.37791523,34.67550844],[126.37573698,34.67558484],[126.37356123,34.67570004],[126.37138899,34.67585398],[126.36922127,34.67604658],[126.36705907,34.67627777],[126.3649034,34.67654742],[126.36275527,34.67685542],[126.36061567,34.67720162],[126.3584856,34.67758586],[126.35636604,34.67800797],[126.35425798,34.67846774],[126.3521624,34.67896497],[126.35008028,34.67949941],[126.34801258,34.68007083],[126.34596027,34.68067897],[126.34392429,34.68132352],[126.3419056,34.6820042],[126.33990514,34.68272069],[126.33792383,34.68347266],[126.33596259,34.68425975],[126.33402235,34.68508161],[126.33210399,34.68593784],[126.33020842,34.68682806],[126.32833651,34.68775184],[126.32648914,34.68870876],[126.32466717,34.68969838],[126.32287144,34.69072023],[126.32110279,34.69177383],[126.31936204,34.69285871],[126.31765001,34.69397435],[126.3159675,34.69512023],[126.31431527,34.69629583],[126.31269411,34.6975006],[126.31110478,34.69873396],[126.309548,34.69999536],[126.30802451,34.70128421],[126.30653502,34.7025999],[126.30508022,34.70394183],[126.30366079,34.70530937],[126.3022774,34.70670188],[126.30093068,34.70811871],[126.29962127,34.70955922],[126.29834978,34.71102272],[126.2971168,34.71250854],[126.2959229,34.71401598],[126.29476866,34.71554434],[126.2936546,34.71709292],[126.29258124,34.71866098],[126.29154909,34.72024781],[126.29055864,34.72185266],[126.28961034,34.72347479],[126.28870464,34.72511343],[126.28784196,34.72676784],[126.28702271,34.72843723],[126.28624728,34.73012084],[126.28551602,34.73181787],[126.28482927,34.73352753],[126.28418737,34.73524904],[126.28359062,34.73698158],[126.28303929,34.73872436],[126.28253365,34.74047655],[126.28207392,34.74223735],[126.28166034,34.74400593],[126.2812931,34.74578148],[126.28097237,34.74756315],[126.2806983,34.74935012],[126.28047102,34.75114156],[126.28029066,34.75293664],[126.28015728,34.75473452],[126.28007096,34.75653435],[126.28003173,34.75833531],[126.28003963,34.76013655],[126.28009466,34.76193723],[126.28019678,34.76373651],[126.28034595,34.76553355],[126.28054212,34.76732752],[126.28078518,34.76911758],[126.28107503,34.77090288],[126.28141154,34.77268262],[126.28179456,34.77445594],[126.2822239,34.77622203],[126.28269938,34.77798005],[126.28322077,34.7797292],[126.28378783,34.78146865],[126.2844003,34.78319759],[126.2850579,34.78491522],[126.28576033,34.78662073],[126.28650726,34.78831333],[126.28729834,34.78999222],[126.2881332,34.79165663],[126.28901147,34.79330578],[126.28993273,34.7949389],[126.29089656,34.79655522],[126.29190251,34.79815399],[126.29295011,34.79973446],[126.29403887,34.8012959],[126.2951683,34.80283758],[126.29633786,34.80435877],[126.29754701,34.80585877],[126.29879519,34.80733688],[126.30008181,34.8087924],[126.30140628,34.81022466],[126.30276799,34.81163298],[126.30416629,34.81301671],[126.30560054,34.8143752],[126.30707007,34.81570782],[126.30857419,34.81701395],[126.31011221,34.81829297],[126.3116834,34.81954428],[126.31328704,34.82076731],[126.31492237,34.82196148],[126.31658863,34.82312623],[126.31828505,34.82426102],[126.32001083,34.82536531],[126.32176517,34.8264386],[126.32354726,34.82748038],[126.32535624,34.82849016],[126.32719129,34.82946746],[126.32905155,34.83041185],[126.33093615,34.83132286],[126.3328442,34.83220008],[126.33477482,34.8330431],[126.33672711,34.83385152],[126.33870014,34.83462496],[126.34069301,34.83536306],[126.34270478,34.83606548],[126.3447345,34.83673189],[126.34678124,34.83736198],[126.34884403,34.83795544],[126.35092191,34.83851201],[126.35301391,34.83903143],[126.35511905,34.83951344],[126.35723635,34.83995784],[126.35936481,34.8403644],[126.36150344,34.84073294],[126.36365124,34.84106328],[126.36580722,34.84135528],[126.36797034,34.84160878],[126.37013962,34.84182369],[126.37231403,34.84199989],[126.37449255,34.8421373],[126.37667417,34.84223587],[126.37885787,34.84229553],[126.38104262,34.84231627]]]]},"geometry_name":"ag_geom","properties":{"zone_type":"관제권","layer":"lt_c_aisctrc","name":"MOKPO","upper":null,"lower":null,"color":"#c2185b","dist_km":193.99},"bbox":[126.28003173,34.67547086,126.48219706,34.84231627]},{"type":"Feature","id":"lt_c_aisctrc.53","geometry":{"type":"MultiPolygon","coordinates":[[[[127.03197073,37.15844549],[127.03744585,37.15966033],[127.04273028,37.16107227],[127.04899445,37.16308835],[127.05402686,37.16499659],[127.06363486,37.16943004],[127.0656328,37.16888169],[127.07189219,37.16685528],[127.07596815,37.16532581],[127.08191762,37.16277093],[127.08950454,37.15889493],[127.09664461,37.15450915],[127.10167424,37.15090485],[127.10486052,37.14836031],[127.10790638,37.14570796],[127.11219956,37.14153817],[127.11738171,37.13564895],[127.12190923,37.12942361],[127.12485486,37.12456191],[127.12659734,37.12124031],[127.12815897,37.11786154],[127.13015611,37.11270004],[127.13216195,37.10567759],[127.13340371,37.09854273],[127.13373501,37.09494975],[127.1338682,37.08954717],[127.13356459,37.08414901],[127.13312012,37.08056388],[127.13165428,37.0734564],[127.12942912,37.06647668],[127.12727183,37.06135706],[127.12560597,37.05801078],[127.12277348,37.05310714],[127.12066784,37.04992412],[127.11595297,37.04379119],[127.11059648,37.03800689],[127.10768996,37.03525904],[127.10305999,37.03133207],[127.09641287,37.02648505],[127.09290012,37.02423844],[127.08741283,37.02110145],[127.08361911,37.0191711],[127.07774292,37.01652598],[127.0696,37.01348349],[127.06541353,37.01217625],[127.05901192,37.01048983],[127.05029067,37.00876414],[127.04586863,37.00812908],[127.03918192,37.00746463],[127.03020965,37.0071205],[127.02123379,37.00739767],[127.01453967,37.0080122],[127.01011047,37.00861424],[127.00136959,37.01027478],[126.99494871,37.01191337],[126.99074728,37.01318932],[126.98256944,37.01617092],[126.97666284,37.01877208],[126.97284692,37.02067404],[126.96553924,37.0248648],[126.96036882,37.02833088],[126.9570818,37.03078747],[126.95091901,37.03603004],[126.94667925,37.0402309],[126.94404484,37.04314985],[126.94156987,37.0461572],[126.93816643,37.05082166],[126.9342272,37.0572968],[126.93252255,37.0606305],[126.9303059,37.0657338],[126.92799976,37.07269661],[126.92712998,37.07623134],[126.92618421,37.08158158],[126.9257947,37.08517081],[126.92557383,37.09057154],[126.9259588,37.0977688],[126.92675566,37.10313459],[126.92752723,37.10668397],[126.92964063,37.11368615],[126.93097855,37.1171259],[126.93333016,37.12219077],[126.93709341,37.1287341],[126.94037143,37.13345749],[126.94276625,37.13650768],[126.94666156,37.14092058],[126.94945345,37.14374626],[126.95548169,37.14909493],[126.96036954,37.15282202],[126.96379144,37.1551625],[126.96915332,37.15844592],[126.97287087,37.16047738],[126.97993986,37.15885898],[126.98511275,37.15785743],[126.9895337,37.15717977],[126.99622322,37.1564509],[127.00295757,37.15606976],[127.00867918,37.15602502],[127.01420462,37.15621091],[127.02329167,37.15704067],[127.03197073,37.15844549]]]]},"geometry_name":"ag_geom","properties":{"zone_type":"관제권","layer":"lt_c_aisctrc","name":"OSAN","upper":null,"lower":null,"color":"#c2185b","dist_km":244.45},"bbox":[126.92557383,37.0071205,127.1338682,37.16943004]},{"type":"Feature","id":"lt_c_aisdngc.2","geometry":{"type":"MultiPolygon","coordinates":[[[[128.24806586,37.07136428],[128.24582302,37.07136428],[128.24358419,37.07147172],[128.24135737,37.07168621],[128.23915053,37.07200699],[128.23697156,37.07243291],[128.23482825,37.07296245],[128.23272826,37.07359371],[128.2306791,37.07432444],[128.22868811,37.07515202],[128.22676241,37.07607349],[128.22490888,37.07708556],[128.22313415,37.07818462],[128.22144458,37.07936672],[128.21984622,37.08062764],[128.21834478,37.08196287],[128.21694564,37.08336763],[128.21565382,37.08483691],[128.21447393,37.08636544],[128.21341021,37.08794775],[128.21246647,37.08957819],[128.2116461,37.09125092],[128.21095204,37.09295995],[128.21038677,37.09469917],[128.20995234,37.09646236],[128.2096503,37.0982432],[128.20948175,37.10003532],[128.2094473,37.10183231],[128.20954708,37.10362773],[128.20978075,37.10541516],[128.21014748,37.10718819],[128.21064595,37.10894048],[128.21127441,37.11066576],[128.2120306,37.11235784],[128.21291183,37.11401067],[128.21391495,37.11561832],[128.21503637,37.11717505],[128.21627208,37.11867526],[128.21761767,37.1201136],[128.21906832,37.1214849],[128.22061883,37.12278426],[128.22226367,37.12400701],[128.22399693,37.12514879],[128.22581242,37.12620549],[128.22770362,37.12717333],[128.22966378,37.12804884],[128.23168586,37.12882889],[128.23376262,37.12951068],[128.23588662,37.13009177],[128.23805025,37.13057007],[128.24024576,37.13094387],[128.24246527,37.13121183],[128.24470084,37.131373],[128.24694444,37.13142678],[128.24918805,37.131373],[128.25142362,37.13121183],[128.25364313,37.13094387],[128.25583864,37.13057007],[128.25800227,37.13009177],[128.26012627,37.12951068],[128.26220303,37.12882889],[128.26422511,37.12804884],[128.26618526,37.12717333],[128.26807647,37.12620549],[128.26989196,37.12514879],[128.27162522,37.12400701],[128.27327006,37.12278426],[128.27482057,37.1214849],[128.27627122,37.1201136],[128.27761681,37.11867526],[128.27885252,37.11717505],[128.27997394,37.11561832],[128.28097706,37.11401067],[128.28185829,37.11235784],[128.28261448,37.11066576],[128.28324293,37.10894048],[128.28374141,37.10718819],[128.28410814,37.10541516],[128.2843418,37.10362773],[128.28444159,37.10183231],[128.28440714,37.10003532],[128.28423859,37.0982432],[128.28393655,37.09646236],[128.28350212,37.09469917],[128.28293685,37.09295995],[128.28224279,37.09125092],[128.28142241,37.08957819],[128.28047867,37.08794775],[128.27941496,37.08636544],[128.27823507,37.08483691],[128.27694324,37.08336763],[128.27554411,37.08196287],[128.27404267,37.08062764],[128.2724443,37.07936672],[128.27075474,37.07818462],[128.26898001,37.07708556],[128.26712648,37.07607349],[128.26520078,37.07515202],[128.26320979,37.07432444],[128.26116063,37.07359371],[128.25906064,37.07296245],[128.25691733,37.07243291],[128.25473836,37.07200699],[128.25253152,37.07168621],[128.2503047,37.07147172],[128.24806586,37.07136428]]]]},"geometry_name":"ag_geom","properties":{"zone_type":"위험구역","layer":"lt_c_aisdngc","name":"D14","upper":"3 000 AGL","lower":"GND","color":"#7b1fa2","dist_km":212.24},"bbox":[128.2094473,37.07136428,128.28444159,37.13142678]},{"type":"Feature","id":"lt_c_aisdngc.3","geometry":{"type":"MultiPolygon","coordinates":[[[[127.16304886,36.90805321],[127.16084003,36.90805321],[127.15864151,36.90822437],[127.1564738,36.90856508],[127.15435713,36.90907217],[127.15231126,36.90974091],[127.15035527,36.91056506],[127.14850742,36.91153692],[127.14678496,36.91264743],[127.14520395,36.91388623],[127.14377918,36.91524176],[127.14252393,36.91670136],[127.14144994,36.91825141],[127.14056724,36.91987745],[127.13988409,36.9215643],[127.13940686,36.92329621],[127.13914004,36.92505701],[127.13908612,36.92683026],[127.13924564,36.92859942],[127.1396171,36.93034796],[127.14019706,36.93205954],[127.14098011,36.9337182],[127.14195896,36.93530844],[127.14312447,36.9368154],[127.14446577,36.93822501],[127.14597034,36.93952411],[127.14762413,36.94070055],[127.1494117,36.94174336],[127.15131636,36.94264278],[127.15332031,36.94339041],[127.15540483,36.94397928],[127.15755046,36.94440387],[127.15973714,36.94466022],[127.16194444,36.94474594],[127.16415175,36.94466022],[127.16633843,36.94440387],[127.16848406,36.94397928],[127.17056858,36.94339041],[127.17257253,36.94264278],[127.17447719,36.94174336],[127.17626476,36.94070055],[127.17791855,36.93952411],[127.17942312,36.93822501],[127.18076442,36.9368154],[127.18192993,36.93530844],[127.18290878,36.9337182],[127.18369183,36.93205954],[127.18427179,36.93034796],[127.18464325,36.92859942],[127.18480276,36.92683026],[127.18474885,36.92505701],[127.18448203,36.92329621],[127.1840048,36.9215643],[127.18332165,36.91987745],[127.18243895,36.91825141],[127.18136496,36.91670136],[127.18010971,36.91524176],[127.17868493,36.91388623],[127.17710393,36.91264743],[127.17538147,36.91153692],[127.17353362,36.91056506],[127.17157763,36.90974091],[127.16953176,36.90907217],[127.16741509,36.90856508],[127.16524738,36.90822437],[127.16304886,36.90805321]]]]},"geometry_name":"ag_geom","properties":{"zone_type":"위험구역","layer":"lt_c_aisdngc","name":"D13","upper":"3 000 AGL","lower":"GND","color":"#7b1fa2","dist_km":229.86},"bbox":[127.13908612,36.90805321,127.18480276,36.94474594]},{"type":"Feature","id":"lt_c_aisdngc.4","geometry":{"type":"MultiPolygon","coordinates":[[[[129.34029075,35.32130645],[129.34068475,35.31665995],[129.34028625,35.31201345],[129.33910275,35.30745795],[129.33715725,35.30308195],[129.33448775,35.29896995],[129.33114675,35.29520295],[129.32719925,35.29185345],[129.32272125,35.28898645],[129.31780125,35.28665845],[129.31253375,35.28491445],[129.30702175,35.28378795],[129.30137225,35.28330145],[129.29569475,35.28346395],[129.29010025,35.28427245],[129.28469775,35.28571095],[129.27959125,35.28775245],[129.27488075,35.29035595],[129.27065775,35.29347145],[129.26700475,35.29703845],[129.26399225,35.30098795],[129.26167925,35.30524195],[129.26011075,35.30971895],[129.25931775,35.31433095],[129.25931525,35.31898895],[129.26010375,35.32360145],[129.26166825,35.32807895],[129.26397825,35.33233495],[129.26698875,35.33628595],[129.27064125,35.33985445],[129.27486475,35.34297245],[129.27957675,35.34557745],[129.28468575,35.34762045],[129.29009275,35.34905995],[129.29569125,35.34986945],[129.30137325,35.35003195],[129.30702725,35.34954495],[129.31254325,35.34841745],[129.31781425,35.34667195],[129.32273675,35.34434245],[129.32721575,35.34147395],[129.33116325,35.33812245],[129.33450275,35.33435345],[129.33716975,35.33023995],[129.33911125,35.32586245],[129.34029075,35.32130645]]]]},"geometry_name":"ag_geom","properties":{"zone_type":"위험구역","layer":"lt_c_aisdngc","name":"D1","upper":"10 000 AGL","lower":"GND","color":"#7b1fa2","dist_km":65.84},"bbox":[129.25931525,35.28330145,129.34068475,35.35003195]},{"type":"Feature","id":"lt_c_aisdngc.5","geometry":{"type":"MultiPolygon","coordinates":[[[[127.232764,35.7162085],[127.2329625,35.7138855],[127.2327625,35.7115625],[127.2321685,35.7092845],[127.2311915,35.7070965],[127.2298505,35.7050405],[127.228172,35.703157],[127.2261885,35.701482],[127.2239385,35.7000485],[127.221466,35.6988845],[127.218819,35.698012],[127.216049,35.697449],[127.21321,35.6972055],[127.210357,35.697287],[127.2075455,35.697691],[127.20483,35.6984105],[127.202264,35.6994315],[127.199897,35.700733],[127.1977755,35.702291],[127.19594,35.704075],[127.1944265,35.7060495],[127.1932645,35.7081765],[127.192477,35.710415],[127.192079,35.712721],[127.1920785,35.7150495],[127.1924755,35.717356],[127.193262,35.7195945],[127.194423,35.721722],[127.1959355,35.723697],[127.197771,35.725481],[127.199893,35.7270395],[127.2022605,35.728342],[127.2048275,35.729363],[127.2075435,35.730083],[127.210356,35.7304875],[127.21321,35.7305685],[127.2160505,35.730325],[127.2188215,35.7297615],[127.2214695,35.728889],[127.2239425,35.7277245],[127.226193,35.7262905],[127.2281765,35.7246155],[127.2298545,35.722731],[127.2311945,35.720675],[127.232171,35.7184865],[127.232764,35.7162085]]]]},"geometry_name":"ag_geom","properties":{"zone_type":"위험구역","layer":"lt_c_aisdngc","name":"D5","upper":"3 000 AGL","lower":"GND","color":"#7b1fa2","dist_km":133.83},"bbox":[127.1920785,35.6972055,127.2329625,35.7305685]},{"type":"Feature","id":"lt_c_aisdngc.13","geometry":{"type":"MultiPolygon","coordinates":[[[[126.4484225,35.412688],[126.448817,35.4080415],[126.448418,35.4033955],[126.447233,35.39884],[126.4452855,35.394464],[126.442613,35.390352],[126.4392685,35.386585],[126.4353165,35.3832355],[126.430834,35.380369],[126.425908,35.378041],[126.420635,35.376297],[126.415117,35.3751705],[126.4094615,35.3746835],[126.403778,35.374846],[126.3981775,35.3756545],[126.3927685,35.3770935],[126.387657,35.3791345],[126.382941,35.381738],[126.3787135,35.384854],[126.3750565,35.388421],[126.3720405,35.39237],[126.369725,35.396624],[126.368155,35.401101],[126.367361,35.405713],[126.3673585,35.4103705],[126.368148,35.414983],[126.3697145,35.419461],[126.3720265,35.4237165],[126.3750405,35.4276675],[126.378697,35.431236],[126.382925,35.4343535],[126.3876425,35.436959],[126.392757,35.4390015],[126.3981695,35.4404415],[126.4037745,35.4412505],[126.4094625,35.441413],[126.4151225,35.440926],[126.420645,35.439799],[126.4259215,35.4380535],[126.4308495,35.435724],[126.435333,35.4328555],[126.439285,35.429504],[126.4426285,35.425735],[126.445298,35.4216215],[126.447242,35.4172445],[126.4484225,35.412688]]]]},"geometry_name":"ag_geom","properties":{"zone_type":"위험구역","layer":"lt_c_aisdngc","name":"D7","upper":"10 000 AGL","lower":"GND","color":"#7b1fa2","dist_km":193.15},"bbox":[126.3673585,35.3746835,126.448817,35.441413]},{"type":"Feature","id":"lt_c_aisdngc.25","geometry":{"type":"MultiPolygon","coordinates":[[[[127.0375,37.50527778],[127.04333333,37.50055556],[127.02611111,37.49361111],[127.02416667,37.49833333],[127.0375,37.50527778]]]]},"geometry_name":"ag_geom","properties":{"zone_type":"위험구역","layer":"lt_c_aisdngc","name":"D24","upper":"1 700 AGL","lower":"GND","color":"#7b1fa2","dist_km":292.5},"bbox":[127.02416667,37.49361111,127.04333333,37.50527778]},{"type":"Feature","id":"lt_c_aisdngc.14","geometry":{"type":"MultiPolygon","coordinates":[[[[129.424579,37.1046305],[129.424982,37.0999855],[129.424574,37.0953405],[129.4233635,37.0907865],[129.421373,37.0864115],[129.4186425,37.082301],[129.415225,37.078535],[129.411187,37.0751865],[129.4066065,37.0723205],[129.4015735,37.0699935],[129.3961855,37.0682495],[129.3905475,37.0671235],[129.3847685,37.066637],[129.3789615,37.0667995],[129.373239,37.067608],[129.3677125,37.069046],[129.3624895,37.0710865],[129.357671,37.0736895],[129.3533515,37.076804],[129.3496145,37.08037],[129.3465325,37.084318],[129.3441665,37.088571],[129.342562,37.0930465],[129.3417505,37.097657],[129.341748,37.1023135],[129.3425545,37.1069245],[129.344155,37.111401],[129.3465175,37.1156555],[129.349597,37.1196055],[129.353333,37.1231735],[129.3576535,37.12629],[129.3624735,37.128895],[129.3677,37.130937],[129.3732305,37.1323765],[129.3789575,37.133185],[129.38477,37.133348],[129.3905535,37.132861],[129.3961965,37.131734],[129.401588,37.129989],[129.4066235,37.12766],[129.411205,37.124792],[129.415243,37.1214415],[129.418659,37.1176735],[129.4213865,37.1135615],[129.423373,37.1091855],[129.424579,37.1046305]]]]},"geometry_name":"ag_geom","properties":{"zone_type":"위험구역","layer":"lt_c_aisdngc","name":"D8","upper":"8 000 AGL","lower":"GND","color":"#7b1fa2","dist_km":222.83},"bbox":[129.341748,37.066637,129.424982,37.133348]},{"type":"Feature","id":"lt_c_aisdngc.15","geometry":{"type":"MultiPolygon","coordinates":[[[[126.87444444,37.53389684],[126.87661372,37.53366939],[126.87863513,37.53300254],[126.88037088,37.53194174],[126.88170269,37.53055931],[126.88253979,37.52894946],[126.88282517,37.52722192],[126.88253941,37.52549442],[126.88170204,37.52388469],[126.88037014,37.5225024],[126.87863448,37.52144175],[126.87661335,37.52077501],[126.87444444,37.5205476],[126.87227554,37.52077501],[126.87025441,37.52144175],[126.86851875,37.5225024],[126.86718685,37.52388469],[126.86634948,37.52549442],[126.86606372,37.52722192],[126.8663491,37.52894946],[126.8671862,37.53055931],[126.868518,37.53194174],[126.87025376,37.53300254],[126.87227517,37.53366939],[126.87444444,37.53389684]]]]},"geometry_name":"ag_geom","properties":{"zone_type":"위험구역","layer":"lt_c_aisdngc","name":"D30","upper":"1 900 AGL","lower":"GND","color":"#7b1fa2","dist_km":301.84},"bbox":[126.86606372,37.5205476,126.88282517,37.53389684]},{"type":"Feature","id":"lt_c_aisdngc.6","geometry":{"type":"MultiPolygon","coordinates":[[[[127.73249852,36.12386271],[127.73027925,36.12386271],[127.72806444,36.12397687],[127.72586301,36.12420471],[127.72368379,36.12454534],[127.72153558,36.12499737],[127.71942699,36.12555899],[127.71736653,36.12622794],[127.71536247,36.12700153],[127.71342289,36.12787664],[127.71155557,36.12884976],[127.70976805,36.12991698],[127.70806752,36.13107399],[127.70646082,36.13231614],[127.70495441,36.13363844],[127.70355438,36.13503556],[127.70226635,36.13650189],[127.70109552,36.13803151],[127.7000466,36.13961828],[127.69912382,36.14125582],[127.69833092,36.14293752],[127.69767107,36.14465662],[127.69714696,36.1464062],[127.6967607,36.14817921],[127.69651385,36.14996853],[127.69640742,36.15176694],[127.69644185,36.1535672],[127.696617,36.15536207],[127.69693218,36.15714431],[127.69738613,36.15890675],[127.69797704,36.16064229],[127.69870252,36.16234394],[127.69955967,36.16400485],[127.70054505,36.16561832],[127.70165469,36.16717786],[127.70288412,36.16867718],[127.7042284,36.17011024],[127.70568213,36.17147127],[127.70723944,36.17275478],[127.70889407,36.1739556],[127.71063935,36.1750689],[127.71246825,36.17609017],[127.71437342,36.17701532],[127.71634716,36.17784061],[127.71838153,36.17856271],[127.72046833,36.17917872],[127.72259914,36.17968614],[127.72476539,36.18008295],[127.72695833,36.18036752],[127.72916914,36.18053873],[127.73138889,36.18059588],[127.73360864,36.18053873],[127.73581944,36.18036752],[127.73801239,36.18008295],[127.74017864,36.17968614],[127.74230945,36.17917872],[127.74439625,36.17856271],[127.74643062,36.17784061],[127.74840436,36.17701532],[127.75030952,36.17609017],[127.75213843,36.1750689],[127.75388371,36.1739556],[127.75553834,36.17275478],[127.75709565,36.17147127],[127.75854937,36.17011024],[127.75989366,36.16867718],[127.76112309,36.16717786],[127.76223273,36.16561832],[127.7632181,36.16400485],[127.76407526,36.16234394],[127.76480074,36.16064229],[127.76539165,36.15890675],[127.7658456,36.15714431],[127.76616078,36.15536207],[127.76633593,36.1535672],[127.76637036,36.15176694],[127.76626393,36.14996853],[127.76601708,36.14817921],[127.76563081,36.1464062],[127.7651067,36.14465662],[127.76444686,36.14293752],[127.76365395,36.14125582],[127.76273118,36.13961828],[127.76168226,36.13803151],[127.76051143,36.13650189],[127.7592234,36.13503556],[127.75782336,36.13363844],[127.75631696,36.13231614],[127.75471026,36.13107399],[127.75300972,36.12991698],[127.7512222,36.12884976],[127.74935489,36.12787664],[127.7474153,36.12700153],[127.74541125,36.12622794],[127.74335078,36.12555899],[127.7412422,36.12499737],[127.73909398,36.12454534],[127.73691477,36.12420471],[127.73471333,36.12397687],[127.73249852,36.12386271]]]]},"geometry_name":"ag_geom","properties":{"zone_type":"위험구역","layer":"lt_c_aisdngc","name":"D6","upper":"3 000 AGL","lower":"GND","color":"#7b1fa2","dist_km":128.31},"bbox":[127.69640742,36.12386271,127.76637036,36.18059588]},{"type":"Feature","id":"lt_c_aisdngc.7","geometry":{"type":"MultiPolygon","coordinates":[[[[126.89083333,37.51306154],[126.8929827,37.51275962],[126.89487277,37.51189029],[126.89627556,37.51055842],[126.89702187,37.50892467],[126.89702173,37.50718611],[126.8962752,37.50555244],[126.89487236,37.50422068],[126.89298243,37.50335145],[126.89083333,37.50304957],[126.88868424,37.50335145],[126.8867943,37.50422068],[126.88539147,37.50555244],[126.88464494,37.50718611],[126.88464479,37.50892467],[126.8853911,37.51055842],[126.88679389,37.51189029],[126.88868397,37.51275962],[126.89083333,37.51306154]]]]},"geometry_name":"ag_geom","properties":{"zone_type":"위험구역","layer":"lt_c_aisdngc","name":"D28","upper":"1 700 AGL","lower":"GND","color":"#7b1fa2","dist_km":299.44},"bbox":[126.88464479,37.50304957,126.89702187,37.51306154]},{"type":"Feature","id":"lt_c_aisdngc.8","geometry":{"type":"MultiPolygon","coordinates":[[[[126.90083333,37.52166667],[126.90611111,37.51722222],[126.90305556,37.515],[126.8975,37.51944444],[126.90083333,37.52166667]]]]},"geometry_name":"ag_geom","properties":{"zone_type":"위험구역","layer":"lt_c_aisdngc","name":"D29","upper":"1 600 AGL","lower":"GND","color":"#7b1fa2","dist_km":300.1},"bbox":[126.8975,37.515,126.90611111,37.52166667]},{"type":"Feature","id":"lt_c_aisdngc.9","geometry":{"type":"MultiPolygon","coordinates":[[[[127.16721923,36.63531499],[127.165,36.63524646],[127.16278077,36.63531499],[127.16057455,36.6355202],[127.15839427,36.63586087],[127.15625273,36.63633501],[127.15416248,36.63693985],[127.15213577,36.63767182],[127.15018449,36.63852665],[127.14832009,36.63949931],[127.1465535,36.64058411],[127.14489509,36.64177468],[127.14335458,36.64306405],[127.14194102,36.64444464],[127.14066271,36.64590837],[127.13952715,36.64744664],[127.138541,36.64905044],[127.13771007,36.65071035],[127.13703924,36.65241664],[127.13653246,36.65415929],[127.1361927,36.65592809],[127.13602198,36.65771266],[127.13602131,36.65950251],[127.13619071,36.66128716],[127.13652918,36.66305612],[127.13703476,36.66479901],[127.1377045,36.66650561],[127.13853446,36.66816589],[127.13951979,36.66977011],[127.14065471,36.67130885],[127.14193257,36.67277308],[127.14334588,36.6741542],[127.14488633,36.67544409],[127.1465449,36.6766352],[127.14831184,36.67772051],[127.1501768,36.67869366],[127.1521288,36.67954894],[127.1541564,36.68028131],[127.15624769,36.68088648],[127.15839039,36.6813609],[127.1605719,36.68170177],[127.16277943,36.6819071],[127.165,36.68197567],[127.16722057,36.6819071],[127.1694281,36.68170177],[127.17160961,36.6813609],[127.17375231,36.68088648],[127.1758436,36.68028131],[127.1778712,36.67954894],[127.1798232,36.67869366],[127.18168815,36.67772051],[127.1834551,36.6766352],[127.18511367,36.67544409],[127.18665412,36.6741542],[127.18806743,36.67277308],[127.18934529,36.67130885],[127.19048021,36.66977011],[127.19146554,36.66816589],[127.1922955,36.66650561],[127.19296523,36.66479901],[127.19347082,36.66305612],[127.19380929,36.66128716],[127.19397869,36.65950251],[127.19397801,36.65771266],[127.1938073,36.65592809],[127.19346754,36.65415929],[127.19296076,36.65241664],[127.19228993,36.65071035],[127.191459,36.64905044],[127.19047285,36.64744664],[127.18933729,36.64590837],[127.18805898,36.64444464],[127.18664542,36.64306405],[127.18510491,36.64177468],[127.1834465,36.64058411],[127.18167991,36.63949931],[127.17981551,36.63852665],[127.17786423,36.63767182],[127.17583752,36.63693985],[127.17374727,36.63633501],[127.17160572,36.63586087],[127.16942545,36.6355202],[127.16721923,36.63531499]]]]},"geometry_name":"ag_geom","properties":{"zone_type":"위험구역","layer":"lt_c_aisdngc","name":"D15","upper":"3 000 AGL","lower":"GND","color":"#7b1fa2","dist_km":204.8},"bbox":[127.13602131,36.63524646,127.19397869,36.68197567]},{"type":"Feature","id":"lt_c_aisdngc.10","geometry":{"type":"MultiPolygon","coordinates":[[[[127.44498773,36.40444506],[127.44279004,36.40444506],[127.4406048,36.40463386],[127.43845674,36.40500931],[127.43637019,36.40556716],[127.43436878,36.4063011],[127.43247518,36.40720281],[127.43071083,36.40826209],[127.42909572,36.40946694],[127.42764814,36.41080371],[127.42638451,36.41225727],[127.42531914,36.41381115],[127.42446412,36.41544774],[127.42382913,36.41714852],[127.4234214,36.41889421],[127.42324556,36.42066504],[127.4233036,36.42244094],[127.4235949,36.42420179],[127.42411617,36.42592765],[127.42486151,36.42759894],[127.42582249,36.42919673],[127.42698823,36.43070292],[127.42834553,36.43210043],[127.42987903,36.43337342],[127.43157133,36.43450745],[127.43340327,36.43548969],[127.43535408,36.43630898],[127.43740165,36.43695605],[127.43952276,36.43742355],[127.44169338,36.43770619],[127.44388889,36.43780076],[127.4460844,36.43770619],[127.44825502,36.43742355],[127.45037613,36.43695605],[127.4524237,36.43630898],[127.45437451,36.43548969],[127.45620645,36.43450745],[127.45789875,36.43337342],[127.45943224,36.43210043],[127.46078955,36.43070292],[127.46195529,36.42919673],[127.46291627,36.42759894],[127.46366161,36.42592765],[127.46418287,36.42420179],[127.46447417,36.42244094],[127.46453222,36.42066504],[127.46435637,36.41889421],[127.46394864,36.41714852],[127.46331366,36.41544774],[127.46245864,36.41381115],[127.46139327,36.41225727],[127.46012964,36.41080371],[127.45868206,36.40946694],[127.45706695,36.40826209],[127.4553026,36.40720281],[127.45340899,36.4063011],[127.45140759,36.40556716],[127.44932104,36.40500931],[127.44717298,36.40463386],[127.44498773,36.40444506]]]]},"geometry_name":"ag_geom","properties":{"zone_type":"위험구역","layer":"lt_c_aisdngc","name":"D16","upper":"2 000 AGL","lower":"GND","color":"#7b1fa2","dist_km":169.17},"bbox":[127.42324556,36.40444506,127.46453222,36.43780076]},{"type":"Feature","id":"lt_c_aisdngc.11","geometry":{"type":"MultiPolygon","coordinates":[[[[129.50718,35.704632],[129.507576,35.699986],[129.5071755,35.69534],[129.505986,35.690785],[129.5040315,35.686409],[129.5013495,35.6822975],[129.4979925,35.6785305],[129.4940265,35.675181],[129.4895275,35.6723145],[129.484584,35.6699865],[129.4792915,35.6682425],[129.4737535,35.6671165],[129.4680775,35.6666295],[129.4623735,35.666792],[129.4567525,35.6676005],[129.451324,35.6690395],[129.446194,35.67108],[129.441461,35.673684],[129.437218,35.676799],[129.4335475,35.680366],[129.430521,35.684315],[129.428197,35.688569],[129.426621,35.6930455],[129.425824,35.6976575],[129.4258215,35.7023145],[129.426614,35.706927],[129.428186,35.7114045],[129.4305065,35.71566],[129.4335315,35.7196105],[129.437201,35.7231795],[129.4414445,35.726297],[129.446179,35.728902],[129.4513125,35.7309445],[129.4567445,35.7323845],[129.46237,35.7331935],[129.4680785,35.733356],[129.4737595,35.732869],[129.4793015,35.7317415],[129.4845975,35.7299965],[129.4895435,35.727667],[129.494043,35.7247985],[129.4980095,35.7214475],[129.501365,35.7176785],[129.504044,35.7135655],[129.505995,35.709188],[129.50718,35.704632]]]]},"geometry_name":"ag_geom","properties":{"zone_type":"위험구역","layer":"lt_c_aisdngc","name":"D2","upper":"10 000 AGL","lower":"GND","color":"#7b1fa2","dist_km":97.45},"bbox":[129.4258215,35.6666295,129.507576,35.733356]},{"type":"Feature","id":"lt_c_aisdngc.12","geometry":{"type":"MultiPolygon","coordinates":[[[[128.9969935,35.963153],[128.9971925,35.96083],[128.996992,35.958507],[128.996396,35.9562295],[128.995416,35.9540415],[128.994071,35.9519855],[128.9923875,35.950102],[128.9903975,35.948427],[128.9881405,35.9469935],[128.9856605,35.9458295],[128.9830055,35.9449575],[128.9802265,35.944394],[128.9773785,35.9441505],[128.974517,35.944232],[128.9716965,35.944636],[128.968973,35.9453555],[128.966399,35.9463765],[128.9640245,35.947678],[128.9618965,35.949236],[128.960055,35.9510195],[128.958537,35.952994],[128.9573715,35.9551215],[128.9565815,35.9573595],[128.9561825,35.9596655],[128.956182,35.961994],[128.95658,35.9643],[128.957369,35.9665385],[128.9585335,35.968666],[128.960051,35.970641],[128.961892,35.972425],[128.9640205,35.9739835],[128.9663955,35.975286],[128.96897,35.976307],[128.9716945,35.9770265],[128.974516,35.977431],[128.977379,35.9775125],[128.980228,35.977269],[128.983008,35.9767055],[128.985664,35.975833],[128.9881445,35.9746685],[128.990402,35.9732345],[128.9923915,35.9715595],[128.994075,35.969675],[128.9954195,35.967619],[128.9963985,35.9654305],[128.9969935,35.963153]]]]},"geometry_name":"ag_geom","properties":{"zone_type":"위험구역","layer":"lt_c_aisdngc","name":"D9","upper":"3 000 AGL","lower":"GND","color":"#7b1fa2","dist_km":93.09},"bbox":[128.956182,35.9441505,128.9971925,35.9775125]},{"type":"Feature","id":"lt_c_aisdngc.23","geometry":{"type":"MultiPolygon","coordinates":[[[[127.05916667,37.5225],[127.065,37.51861111],[127.06638889,37.51222222],[127.055,37.50111111],[127.04944444,37.50555556],[127.05805556,37.51444444],[127.05388889,37.51777778],[127.05916667,37.5225]]]]},"geometry_name":"ag_geom","properties":{"zone_type":"위험구역","layer":"lt_c_aisdngc","name":"D22","upper":"1 800 AGL","lower":"GND","color":"#7b1fa2","dist_km":292.06},"bbox":[127.04944444,37.50111111,127.06638889,37.5225]},{"type":"Feature","id":"lt_c_aisdngc.24","geometry":{"type":"MultiPolygon","coordinates":[[[[127.05472222,37.49],[127.05583333,37.48833333],[127.05166667,37.48583333],[127.05027778,37.48805556],[127.05472222,37.49]]]]},"geometry_name":"ag_geom","properties":{"zone_type":"위험구역","layer":"lt_c_aisdngc","name":"D23","upper":"1 900 AGL","lower":"GND","color":"#7b1fa2","dist_km":290.7},"bbox":[127.05027778,37.48583333,127.05583333,37.49]},{"type":"Feature","id":"lt_c_aisdngc.16","geometry":{"type":"MultiPolygon","coordinates":[[[[128.99944444,35.21334124],[129.00153148,35.21303921],[129.00336674,35.21216955],[129.00472886,35.21083717],[129.00545354,35.2092028],[129.00545341,35.20746357],[129.00472853,35.20582926],[129.00336637,35.20449698],[129.00153124,35.20362741],[128.99944444,35.20332542],[128.99735765,35.20362741],[128.99552251,35.20449698],[128.99416036,35.20582926],[128.99343548,35.20746357],[128.99343535,35.2092028],[128.99416003,35.21083717],[128.99552215,35.21216955],[128.99735741,35.21303921],[128.99944444,35.21334124]]]]},"geometry_name":"ag_geom","properties":{"zone_type":"위험구역","layer":"lt_c_aisdngc","name":"D31","upper":"1 600 AGL","lower":"GND","color":"#7b1fa2","dist_km":40.11},"bbox":[128.99343535,35.20332542,129.00545354,35.21334124]},{"type":"Feature","id":"lt_c_aisdngc.17","geometry":{"type":"MultiPolygon","coordinates":[[[[129.08305556,35.2275],[129.0925,35.22361111],[129.085,35.21],[129.07416667,35.21444444],[129.08305556,35.2275]]]]},"geometry_name":"ag_geom","properties":{"zone_type":"위험구역","layer":"lt_c_aisdngc","name":"D32","upper":"1 600 AGL","lower":"GND","color":"#7b1fa2","dist_km":47.49},"bbox":[129.07416667,35.21,129.0925,35.2275]},{"type":"Feature","id":"lt_c_aisdngc.18","geometry":{"type":"MultiPolygon","coordinates":[[[[127.25416667,35.69643904],[127.25636336,35.69639089],[127.25855371,35.69624659],[127.2607314,35.69600655],[127.26289013,35.69567147],[127.26502368,35.69524231],[127.26712589,35.69472031],[127.26919069,35.69410698],[127.27121213,35.69340409],[127.27318436,35.69261367],[127.27510169,35.69173799],[127.2769586,35.6907796],[127.27874973,35.68974124],[127.28046991,35.68862593],[127.28211418,35.68743688],[127.28367779,35.68617751],[127.28515624,35.68485147],[127.28654527,35.68346258],[127.28784087,35.68201485],[127.28903931,35.68051245],[127.29013714,35.67895973],[127.29113119,35.67736116],[127.29201861,35.67572134],[127.29279684,35.67404502],[127.29346364,35.67233703],[127.2940171,35.67060229],[127.29445563,35.66884581],[127.29477797,35.66707265],[127.2949832,35.66528793],[127.29507074,35.66349679],[127.29504034,35.6617044],[127.29489209,35.65991592],[127.29462644,35.65813651],[127.29424415,35.65637131],[127.29374633,35.65462539],[127.29313444,35.6529038],[127.29241023,35.65121149],[127.2915758,35.64955334],[127.29063357,35.64793414],[127.28958626,35.64635854],[127.28843688,35.64483108],[127.28718876,35.64335617],[127.28584551,35.64193806],[127.28441098,35.64058084],[127.28288933,35.6392884],[127.28128493,35.63806448],[127.27960242,35.63691261],[127.27784664,35.63583609],[127.27602266,35.63483804],[127.27413572,35.63392132],[127.27219128,35.63308858],[127.27019492,35.63234221],[127.2681524,35.63168436],[127.2660696,35.63111694],[127.26395253,35.63064156],[127.26180727,35.63025961],[127.25964001,35.62997218],[127.25745699,35.6297801],[127.25526449,35.62968392],[127.25306884,35.62968392],[127.25087634,35.6297801],[127.24869332,35.62997218],[127.24652606,35.63025961],[127.24438081,35.63064156],[127.24226373,35.63111694],[127.24018093,35.63168436],[127.23813842,35.63234221],[127.23614206,35.63308858],[127.23419761,35.63392132],[127.23231068,35.63483804],[127.23048669,35.63583609],[127.22873091,35.63691261],[127.2270484,35.63806448],[127.22544401,35.6392884],[127.22392235,35.64058084],[127.22248783,35.64193806],[127.22114457,35.64335617],[127.21989645,35.64483108],[127.21874707,35.64635854],[127.21769976,35.64793414],[127.21675753,35.64955334],[127.2159231,35.65121149],[127.2151989,35.6529038],[127.214587,35.65462539],[127.21408919,35.65637131],[127.2137069,35.65813651],[127.21344124,35.65991592],[127.213293,35.6617044],[127.21326259,35.66349679],[127.21335013,35.66528793],[127.21355536,35.66707265],[127.2138777,35.66884581],[127.21431623,35.67060229],[127.21486969,35.67233703],[127.21553649,35.67404502],[127.21631472,35.67572134],[127.21720214,35.67736116],[127.2181962,35.67895973],[127.21929402,35.68051245],[127.22049246,35.68201485],[127.22178806,35.68346258],[127.22317709,35.68485147],[127.22465554,35.68617751],[127.22621916,35.68743688],[127.22786342,35.68862593],[127.2295836,35.68974124],[127.23137473,35.6907796],[127.23323164,35.69173799],[127.23514898,35.69261367],[127.23712121,35.69340409],[127.23914264,35.69410698],[127.24120744,35.69472031],[127.24330965,35.69524231],[127.2454432,35.69567147],[127.24760194,35.69600655],[127.24977962,35.69624659],[127.25196997,35.69639089],[127.25416667,35.69643904]]]]},"geometry_name":"ag_geom","properties":{"zone_type":"위험구역","layer":"lt_c_aisdngc","name":"D17","upper":"3 000 AGL","lower":"GND","color":"#7b1fa2","dist_km":126.13},"bbox":[127.21326259,35.62968392,127.29507074,35.69643904]},{"type":"Feature","id":"lt_c_aisdngc.19","geometry":{"type":"MultiPolygon","coordinates":[[[[127.70722222,36.08752396],[127.70940795,36.08742939],[127.7115689,36.08714673],[127.71368056,36.0866792],[127.71571901,36.0860321],[127.71766113,36.08521276],[127.71948491,36.08423047],[127.72116968,36.08309637],[127.72269634,36.08182331],[127.7240476,36.08042572],[127.72520816,36.07891945],[127.72616487,36.07732156],[127.72690689,36.07565017],[127.72742584,36.07392422],[127.72771585,36.07216326],[127.72777364,36.07038726],[127.72759858,36.06861632],[127.72719267,36.06687053],[127.72656052,36.06516965],[127.72570931,36.06353296],[127.72464869,36.06197899],[127.72339068,36.06052534],[127.72194956,36.05918849],[127.72034164,36.05798357],[127.71858514,36.05692423],[127.71669996,36.05602246],[127.71470746,36.05528847],[127.7126302,36.05473058],[127.7104917,36.05435511],[127.70831618,36.05416631],[127.70612827,36.05416631],[127.70395275,36.05435511],[127.70181425,36.05473058],[127.69973698,36.05528847],[127.69774448,36.05602246],[127.6958593,36.05692423],[127.69410281,36.05798357],[127.69249489,36.05918849],[127.69105376,36.06052534],[127.68979575,36.06197899],[127.68873513,36.06353296],[127.68788392,36.06516965],[127.68725177,36.06687053],[127.68684586,36.06861632],[127.6866708,36.07038726],[127.6867286,36.07216326],[127.6870186,36.07392422],[127.68753755,36.07565017],[127.68827958,36.07732156],[127.68923628,36.07891945],[127.69039684,36.08042572],[127.6917481,36.08182331],[127.69327477,36.08309637],[127.69495953,36.08423047],[127.69678331,36.08521276],[127.69872543,36.0860321],[127.70076388,36.0866792],[127.70287555,36.08714673],[127.70503649,36.08742939],[127.70722222,36.08752396]]]]},"geometry_name":"ag_geom","properties":{"zone_type":"위험구역","layer":"lt_c_aisdngc","name":"D18","upper":"3 000 AGL","lower":"GND","color":"#7b1fa2","dist_km":123.61},"bbox":[127.6866708,36.05416631,127.72777364,36.08752396]},{"type":"Feature","id":"lt_c_aisdngc.20","geometry":{"type":"MultiPolygon","coordinates":[[[[127.09638889,37.53889286],[127.09848438,37.53844573],[127.10001833,37.53722415],[127.10057972,37.53555548],[127.10001817,37.53388685],[127.09848422,37.53266534],[127.09638889,37.53221825],[127.09429356,37.53266534],[127.09275961,37.53388685],[127.09219806,37.53555548],[127.09275944,37.53722415],[127.09429339,37.53844573],[127.09638889,37.53889286]]]]},"geometry_name":"ag_geom","properties":{"zone_type":"위험구역","layer":"lt_c_aisdngc","name":"D20","upper":"1 600 AGL","lower":"GND","color":"#7b1fa2","dist_km":293.36},"bbox":[127.09219806,37.53221825,127.10057972,37.53889286]},{"type":"Feature","id":"lt_c_aisdngc.21","geometry":{"type":"MultiPolygon","coordinates":[[[[127.07277778,37.54250596],[127.07492799,37.54220404],[127.07681881,37.54133472],[127.07822215,37.54000285],[127.07896875,37.53836911],[127.07896861,37.53663056],[127.07822178,37.53499689],[127.07681839,37.53366514],[127.07492772,37.53279592],[127.07277778,37.53249404],[127.07062784,37.53279592],[127.06873716,37.53366514],[127.06733377,37.53499689],[127.06658695,37.53663056],[127.06658681,37.53836911],[127.06733341,37.54000285],[127.06873675,37.54133472],[127.07062757,37.54220404],[127.07277778,37.54250596]]]]},"geometry_name":"ag_geom","properties":{"zone_type":"위험구역","layer":"lt_c_aisdngc","name":"D21","upper":"1 700 AGL","lower":"GND","color":"#7b1fa2","dist_km":294.35},"bbox":[127.06658681,37.53249404,127.07896875,37.54250596]},{"type":"Feature","id":"lt_c_aisdngc.22","geometry":{"type":"MultiPolygon","coordinates":[[[[127.74611111,36.99613896],[127.74834461,36.99606484],[127.75056285,36.99584299],[127.75275064,36.99547493],[127.75489305,36.99496317],[127.75697541,36.99431121],[127.75898351,36.99352351],[127.76090361,36.99260545],[127.76272259,36.99156331],[127.76442801,36.99040421],[127.76600824,36.98913608],[127.76745247,36.98776758],[127.76875085,36.98630807],[127.76989449,36.98476752],[127.77087561,36.98315646],[127.77168751,36.9814859],[127.77232464,36.97976725],[127.77278267,36.97801225],[127.77305848,36.97623291],[127.7731502,36.97444137],[127.77305722,36.97264986],[127.77278018,36.97087064],[127.77232099,36.96911585],[127.77168279,36.96739748],[127.77086997,36.96572725],[127.76988807,36.96411659],[127.76874382,36.96257648],[127.76744503,36.96111744],[127.76600059,36.95974944],[127.76442037,36.95848181],[127.76271515,36.95732321],[127.76089658,36.95628154],[127.75897708,36.95536393],[127.75696977,36.95457662],[127.75488833,36.953925],[127.75274699,36.95341352],[127.75056035,36.95304565],[127.74834335,36.95282393],[127.74611111,36.95274985],[127.74387887,36.95282393],[127.74166187,36.95304565],[127.73947523,36.95341352],[127.73733389,36.953925],[127.73525245,36.95457662],[127.73324514,36.95536393],[127.73132564,36.95628154],[127.72950708,36.95732321],[127.72780186,36.95848181],[127.72622163,36.95974944],[127.72477719,36.96111744],[127.7234784,36.96257648],[127.72233415,36.96411659],[127.72135225,36.96572725],[127.72053943,36.96739748],[127.71990123,36.96911585],[127.71944204,36.97087064],[127.719165,36.97264986],[127.71907202,36.97444137],[127.71916374,36.97623291],[127.71943955,36.97801225],[127.71989758,36.97976725],[127.72053471,36.9814859],[127.72134661,36.98315646],[127.72232773,36.98476752],[127.72347137,36.98630807],[127.72476975,36.98776758],[127.72621398,36.98913608],[127.72779421,36.99040421],[127.72949964,36.99156331],[127.73131861,36.99260545],[127.73323871,36.99352351],[127.73524681,36.99431121],[127.73732917,36.99496317],[127.73947158,36.99547493],[127.74165938,36.99584299],[127.74387761,36.99606484],[127.74611111,36.99613896]]]]},"geometry_name":"ag_geom","properties":{"zone_type":"위험구역","layer":"lt_c_aisdngc","name":"D19","upper":"1 000 AGL","lower":"GND","color":"#7b1fa2","dist_km":210.31},"bbox":[127.71907202,36.95274985,127.7731502,36.99613896]},{"type":"Feature","id":"lt_c_aisdngc.26","geometry":{"type":"MultiPolygon","coordinates":[[[[127.01666667,37.48833933],[127.01881533,37.48803742],[127.02070478,37.48716808],[127.0221071,37.48583621],[127.02285317,37.48420245],[127.02285302,37.48246389],[127.02210674,37.4808302],[127.02070436,37.47949844],[127.01881506,37.47862921],[127.01666667,37.47832733],[127.01451828,37.47862921],[127.01262897,37.47949844],[127.01122659,37.4808302],[127.01048031,37.48246389],[127.01048017,37.48420245],[127.01122623,37.48583621],[127.01262856,37.48716808],[127.01451801,37.48803742],[127.01666667,37.48833933]]]]},"geometry_name":"ag_geom","properties":{"zone_type":"위험구역","layer":"lt_c_aisdngc","name":"D25","upper":"1 500 AGL","lower":"GND","color":"#7b1fa2","dist_km":291.41},"bbox":[127.01048017,37.47832733,127.02285317,37.48833933]},{"type":"Feature","id":"lt_c_aisdngc.27","geometry":{"type":"MultiPolygon","coordinates":[[[[126.92444444,37.49611711],[126.92659333,37.49581519],[126.92848297,37.49494586],[126.92988544,37.49361398],[126.93063158,37.49198023],[126.93063144,37.49024167],[126.92988508,37.48860799],[126.92848256,37.48727622],[126.92659306,37.48640699],[126.92444444,37.48610511],[126.92229583,37.48640699],[126.92040633,37.48727622],[126.91900381,37.48860799],[126.91825745,37.49024167],[126.9182573,37.49198023],[126.91900345,37.49361398],[126.92040591,37.49494586],[126.92229556,37.49581519],[126.92444444,37.49611711]]]]},"geometry_name":"ag_geom","properties":{"zone_type":"위험구역","layer":"lt_c_aisdngc","name":"D26","upper":"1 600 AGL","lower":"GND","color":"#7b1fa2","dist_km":296.27},"bbox":[126.9182573,37.48610511,126.93063158,37.49611711]},{"type":"Feature","id":"lt_c_aisdngc.28","geometry":{"type":"MultiPolygon","coordinates":[[[[126.92972222,37.52861111],[126.94138889,37.51972222],[126.93972222,37.5175],[126.92083333,37.51888889],[126.91722222,37.52166667],[126.92972222,37.52861111]]]]},"geometry_name":"ag_geom","properties":{"zone_type":"위험구역","layer":"lt_c_aisdngc","name":"D27","upper":"1 900 AGL","lower":"GND","color":"#7b1fa2","dist_km":298.69},"bbox":[126.91722222,37.5175,126.94138889,37.52861111]},{"type":"Feature","id":"lt_c_aisdngc.29","geometry":{"type":"MultiPolygon","coordinates":[[[[129.08361111,35.17973016],[129.08569729,35.17942813],[129.08753179,35.17855846],[129.08889335,35.17722608],[129.08961773,35.17559169],[129.0896176,35.17385245],[129.08889302,35.17221814],[129.08753143,35.17088585],[129.08569704,35.17001628],[129.08361111,35.16971428],[129.08152518,35.17001628],[129.0796908,35.17088585],[129.0783292,35.17221814],[129.07760462,35.17385245],[129.07760449,35.17559169],[129.07832887,35.17722608],[129.07969043,35.17855846],[129.08152494,35.17942813],[129.08361111,35.17973016]]]]},"geometry_name":"ag_geom","properties":{"zone_type":"위험구역","layer":"lt_c_aisdngc","name":"D33","upper":"1 500 AGL","lower":"GND","color":"#7b1fa2","dist_km":47.66},"bbox":[129.07760449,35.16971428,129.08961773,35.17973016]},{"type":"Feature","id":"lt_c_aisdngc.30","geometry":{"type":"MultiPolygon","coordinates":[[[[129.10666667,35.14528575],[129.10875196,35.14498371],[129.1105857,35.14411404],[129.11194668,35.14278165],[129.11267075,35.14114725],[129.11267062,35.139408],[129.11194635,35.13777368],[129.11058533,35.13644138],[129.10875172,35.1355718],[129.10666667,35.1352698],[129.10458161,35.1355718],[129.102748,35.13644138],[129.10138698,35.13777368],[129.10066271,35.139408],[129.10066258,35.14114725],[129.10138666,35.14278165],[129.10274763,35.14411404],[129.10458137,35.14498371],[129.10666667,35.14528575]]]]},"geometry_name":"ag_geom","properties":{"zone_type":"위험구역","layer":"lt_c_aisdngc","name":"D34","upper":"1 600 AGL","lower":"GND","color":"#7b1fa2","dist_km":49.96},"bbox":[129.10066258,35.1352698,129.11267075,35.14528575]},{"type":"Feature","id":"lt_c_aisdngc.31","geometry":{"type":"MultiPolygon","coordinates":[[[[129.04833333,35.15722222],[129.05805556,35.16388889],[129.07388889,35.14694444],[129.06416667,35.14027778],[129.04833333,35.15722222]]]]},"geometry_name":"ag_geom","properties":{"zone_type":"위험구역","layer":"lt_c_aisdngc","name":"D35","upper":"2 000 AGL","lower":"GND","color":"#7b1fa2","dist_km":45.07},"bbox":[129.04833333,35.14027778,129.07388889,35.16388889]},{"type":"Feature","id":"lt_c_aisdngc.32","geometry":{"type":"MultiPolygon","coordinates":[[[[129.145,35.14694444],[129.11055556,35.17861111],[129.12083333,35.18666667],[129.16194444,35.15888889],[129.145,35.14694444]]]]},"geometry_name":"ag_geom","properties":{"zone_type":"위험구역","layer":"lt_c_aisdngc","name":"D36","upper":"2 000 AGL","lower":"GND","color":"#7b1fa2","dist_km":50.66},"bbox":[129.11055556,35.14694444,129.16194444,35.18666667]},{"type":"Feature","id":"lt_c_aisdngc.33","geometry":{"type":"MultiPolygon","coordinates":[[[[129.18277778,35.17083333],[129.19111111,35.16444444],[129.17916667,35.15361111],[129.17055556,35.16],[129.18277778,35.17083333]]]]},"geometry_name":"ag_geom","properties":{"zone_type":"위험구역","layer":"lt_c_aisdngc","name":"D37","upper":"1 600 AGL","lower":"GND","color":"#7b1fa2","dist_km":56.17},"bbox":[129.17055556,35.15361111,129.19111111,35.17083333]},{"type":"Feature","id":"lt_c_aisaltc.1","geometry":{"type":"MultiPolygon","coordinates":[[[[126.788674,37.481019],[126.789079,37.476374],[126.7886685,37.4717295],[126.7874515,37.4671755],[126.7854515,37.462801],[126.7827075,37.458691],[126.779273,37.454925],[126.7752145,37.4515765],[126.7706115,37.448711],[126.765553,37.446384],[126.7601385,37.4446405],[126.754472,37.4435145],[126.7486645,37.443028],[126.7428285,37.4431905],[126.7370775,37.4439985],[126.7315235,37.445437],[126.726274,37.447477],[126.7214315,37.45008],[126.7170905,37.4531945],[126.7133345,37.45676],[126.7102375,37.4607075],[126.7078595,37.4649605],[126.706247,37.4694355],[126.7054315,37.474046],[126.705429,37.478702],[126.7062395,37.483313],[126.707848,37.487789],[126.710222,37.4920435],[126.713317,37.495993],[126.7170715,37.4995605],[126.7214135,37.502677],[126.726258,37.5052815],[126.7315105,37.5073235],[126.7370685,37.508763],[126.7428245,37.509572],[126.7486655,37.5097345],[126.7544785,37.5092475],[126.7601495,37.5081205],[126.765568,37.506376],[126.7706285,37.504047],[126.775233,37.5011795],[126.779291,37.497829],[126.782724,37.494061],[126.7854655,37.4899495],[126.7874615,37.4855735],[126.788674,37.481019]]]]},"geometry_name":"ag_geom","properties":{"zone_type":"경계구역","layer":"lt_c_aisaltc","name":"A811","upper":"1 000 AGL","lower":"SFC","color":"#5d4037","dist_km":300.07},"bbox":[126.705429,37.443028,126.789079,37.5097345]},{"type":"Feature","id":"lt_c_aisaltc.2","geometry":{"type":"MultiPolygon","coordinates":[[[[127.232128,37.5410605],[127.232634,37.5352545],[127.23212,37.529449],[127.2305965,37.5237565],[127.228094,37.5182885],[127.2246605,37.5131515],[127.2203635,37.5084445],[127.2152865,37.5042595],[127.2095285,37.500678],[127.2032015,37.497769],[127.196428,37.49559],[127.18934,37.494183],[127.182076,37.493575],[127.174776,37.493778],[127.1675825,37.494788],[127.160635,37.4965855],[127.1540685,37.4991355],[127.148011,37.5023885],[127.1425805,37.5062815],[127.137882,37.510738],[127.1340075,37.5156725],[127.131032,37.520988],[127.129014,37.5265815],[127.127993,37.5323445],[127.127989,37.5381645],[127.129002,37.543928],[127.131013,37.5495235],[127.133983,37.5548415],[127.137854,37.5597785],[127.142551,37.5642385],[127.147983,37.5681345],[127.1540435,37.5713905],[127.1606145,37.573943],[127.1675685,37.5757425],[127.17477,37.5767535],[127.182078,37.576957],[127.18935,37.576348],[127.196445,37.5749395],[127.2032245,37.572758],[127.2095555,37.569847],[127.2153155,37.566262],[127.2203925,37.562074],[127.224687,37.557364],[127.2281155,37.552224],[127.230612,37.546754],[127.232128,37.5410605]]]]},"geometry_name":"ag_geom","properties":{"zone_type":"경계구역","layer":"lt_c_aisaltc","name":"A810","upper":"1 000 AGL","lower":"SFC","color":"#5d4037","dist_km":285.67},"bbox":[127.127989,37.493575,127.232634,37.576957]},{"type":"Feature","id":"lt_c_aisaltc.3","geometry":{"type":"MultiPolygon","coordinates":[[[[126.5,37],[126.85,36.5],[126.5,36.4],[126.1666665,36.725],[126.5,37]]]]},"geometry_name":"ag_geom","properties":{"zone_type":"경계구역","layer":"lt_c_aisaltc","name":"A20T","upper":"2 000 AGL","lower":"700 AGL","color":"#5d4037","dist_km":213.51},"bbox":[126.1666665,36.4,126.85,37]},{"type":"Feature","id":"lt_c_aisaltc.4","geometry":{"type":"MultiPolygon","coordinates":[[[[127.6333335,37.1333335],[127.8833335,37.1333335],[127.7833335,37.05],[127.8833335,36.9833335],[127.8833335,36.9333335],[127.6333335,36.9333335],[127.6333335,37.1333335]]]]},"geometry_name":"ag_geom","properties":{"zone_type":"경계구역","layer":"lt_c_aisaltc","name":"A19T","upper":"2 000 AGL","lower":"800 AGL","color":"#5d4037","dist_km":204.38},"bbox":[127.6333335,36.9333335,127.8833335,37.1333335]},{"type":"Feature","id":"lt_c_aisaltc.5","geometry":{"type":"MultiPolygon","coordinates":[[[[128.95,37.833429],[128.952271,37.8334095],[128.954541,37.833351],[128.956809,37.833254],[128.9590735,37.8331175],[128.961334,37.832943],[128.963589,37.832729],[128.965838,37.832477],[128.9680795,37.832186],[128.9703125,37.831857],[128.972536,37.8314895],[128.9747485,37.8310845],[128.97695,37.830641],[128.9791385,37.8301605],[128.9813135,37.829642],[128.983474,37.829087],[128.985619,37.8284945],[128.987747,37.8278655],[128.9898575,37.8272005],[128.9919495,37.826499],[128.9940215,37.825762],[128.996073,37.8249895],[128.9981035,37.8241825],[129.000111,37.8233405],[129.002095,37.8224645],[129.004055,37.8215545],[129.0059895,37.820611],[129.0078975,37.819635],[129.009779,37.818626],[129.0116325,37.817585],[129.013457,37.816513],[129.015252,37.8154095],[129.017016,37.8142755],[129.018749,37.813112],[129.02045,37.8119185],[129.022118,37.8106965],[129.0237525,37.809446],[129.025352,37.808168],[129.026917,37.8068625],[129.0284455,37.8055305],[129.0299375,37.804173],[129.031392,37.80279],[129.032809,37.8013825],[129.034187,37.799951],[129.0355255,37.798496],[129.036824,37.7970185],[129.038082,37.795519],[129.039299,37.7939985],[129.0404745,37.7924575],[129.0416075,37.7908965],[129.042698,37.7893165],[129.043745,37.7877185],[129.044748,37.7861025],[129.045707,37.78447],[129.0466215,37.782821],[129.0474905,37.781157],[129.048314,37.7794785],[129.049092,37.7777865],[129.0498235,37.7760815],[129.0505085,37.774364],[129.0511465,37.772635],[129.0517375,37.770896],[129.052281,37.769147],[129.0527765,37.7673895],[129.0532245,37.7656235],[129.053624,37.76385],[129.053975,37.7620705],[129.054278,37.7602855],[129.054532,37.758495],[129.0547375,37.7567015],[129.054894,37.754904],[129.0550015,37.753105],[129.0550605,37.751304],[129.05507,37.749503],[129.055031,37.7477015],[129.0549425,37.745902],[129.0548055,37.7441035],[129.0546195,37.7423085],[129.0543845,37.7405165],[129.054101,37.7387295],[129.0537695,37.7369475],[129.053389,37.7351715],[129.0529605,37.7334025],[129.0524845,37.7316415],[129.05196,37.729889],[129.0513885,37.7281455],[129.0507695,37.7264125],[129.050104,37.724691],[129.0493915,37.7229805],[129.048633,37.721283],[129.047828,37.719599],[129.046978,37.717929],[129.0460825,37.716274],[129.0451425,37.7146345],[129.0441585,37.713012],[129.04313,37.7114065],[129.0420585,37.7098185],[129.040944,37.70825],[129.0397875,37.7067005],[129.038589,37.7051715],[129.0373495,37.703663],[129.036069,37.7021765],[129.0347485,37.7007125],[129.033389,37.699271],[129.03199,37.697853],[129.0305535,37.69646],[129.029079,37.6950915],[129.027568,37.6937485],[129.026021,37.692432],[129.0244385,37.691142],[129.0228215,37.6898795],[129.0211705,37.688645],[129.0194865,37.6874395],[129.0177705,37.686263],[129.0160225,37.685116],[129.014244,37.683999],[129.0124355,37.682913],[129.010598,37.6818585],[129.0087325,37.6808355],[129.0068395,37.6798445],[129.00492,37.6788865],[129.002975,37.6779615],[129.0010055,37.6770705],[128.9990125,37.676213],[128.9969965,37.67539],[128.9949585,37.6746015],[128.9929,37.6738485],[128.9908215,37.6731305],[128.9887235,37.672449],[128.986608,37.671803],[128.9844755,37.6711935],[128.9823265,37.670621],[128.980163,37.6700855],[128.9779855,37.669587],[128.9757945,37.6691255],[128.973592,37.6687025],[128.971378,37.668317],[128.9691545,37.6679695],[128.966922,37.66766],[128.964682,37.667389],[128.9624345,37.6671565],[128.9601815,37.666963],[128.957924,37.6668075],[128.9556625,37.666691],[128.9533985,37.6666135],[128.951133,37.6665745],[128.948867,37.6665745],[128.9466015,37.6666135],[128.9443375,37.666691],[128.942076,37.6668075],[128.9398185,37.666963],[128.9375655,37.6671565],[128.935318,37.667389],[128.933078,37.66766],[128.9308455,37.6679695],[128.928622,37.668317],[128.926408,37.6687025],[128.9242055,37.6691255],[128.9220145,37.669587],[128.919837,37.6700855],[128.9176735,37.670621],[128.9155245,37.6711935],[128.913392,37.671803],[128.9112765,37.672449],[128.9091785,37.6731305],[128.9071,37.6738485],[128.9050415,37.6746015],[128.9030035,37.67539],[128.9009875,37.676213],[128.8989945,37.6770705],[128.897025,37.6779615],[128.89508,37.6788865],[128.8931605,37.6798445],[128.8912675,37.6808355],[128.889402,37.6818585],[128.8875645,37.682913],[128.885756,37.683999],[128.8839775,37.685116],[128.8822295,37.686263],[128.8805135,37.6874395],[128.8788295,37.688645],[128.8771785,37.6898795],[128.8755615,37.691142],[128.873979,37.692432],[128.872432,37.6937485],[128.870921,37.6950915],[128.8694465,37.69646],[128.86801,37.697853],[128.866611,37.699271],[128.8652515,37.7007125],[128.863931,37.7021765],[128.8626505,37.703663],[128.861411,37.7051715],[128.8602125,37.7067005],[128.859056,37.70825],[128.8579415,37.7098185],[128.85687,37.7114065],[128.8558415,37.713012],[128.8548575,37.7146345],[128.8539175,37.716274],[128.853022,37.717929],[128.852172,37.719599],[128.851367,37.721283],[128.8506085,37.7229805],[128.849896,37.724691],[128.8492305,37.7264125],[128.8486115,37.7281455],[128.84804,37.729889],[128.8475155,37.7316415],[128.8470395,37.7334025],[128.846611,37.7351715],[128.8462305,37.7369475],[128.845899,37.7387295],[128.8456155,37.7405165],[128.8453805,37.7423085],[128.8451945,37.7441035],[128.8450575,37.745902],[128.844969,37.7477015],[128.84493,37.749503],[128.8449395,37.751304],[128.8449985,37.753105],[128.845106,37.754904],[128.8452625,37.7567015],[128.845468,37.758495],[128.845722,37.7602855],[128.846025,37.7620705],[128.846376,37.76385],[128.8467755,37.7656235],[128.8472235,37.7673895],[128.847719,37.769147],[128.8482625,37.770896],[128.8488535,37.772635],[128.8494915,37.774364],[128.8501765,37.7760815],[128.850908,37.7777865],[128.851686,37.7794785],[128.8525095,37.781157],[128.8533785,37.782821],[128.854293,37.78447],[128.855252,37.7861025],[128.856255,37.7877185],[128.857302,37.7893165],[128.8583925,37.7908965],[128.8595255,37.7924575],[128.860701,37.7939985],[128.861918,37.795519],[128.863176,37.7970185],[128.8644745,37.798496],[128.865813,37.799951],[128.867191,37.8013825],[128.868608,37.80279],[128.8700625,37.804173],[128.8715545,37.8055305],[128.873083,37.8068625],[128.874648,37.808168],[128.8762475,37.809446],[128.877882,37.8106965],[128.87955,37.8119185],[128.881251,37.813112],[128.882984,37.8142755],[128.884748,37.8154095],[128.886543,37.816513],[128.8883675,37.817585],[128.890221,37.818626],[128.8921025,37.819635],[128.8940105,37.820611],[128.895945,37.8215545],[128.897905,37.8224645],[128.899889,37.8233405],[128.9018965,37.8241825],[128.903927,37.8249895],[128.9059785,37.825762],[128.9080505,37.826499],[128.9101425,37.8272005],[128.912253,37.8278655],[128.914381,37.8284945],[128.916526,37.829087],[128.9186865,37.829642],[128.9208615,37.8301605],[128.92305,37.830641],[128.9252515,37.8310845],[128.927464,37.8314895],[128.9296875,37.831857],[128.9319205,37.832186],[128.934162,37.832477],[128.936411,37.832729],[128.938666,37.832943],[128.9409265,37.8331175],[128.943191,37.833254],[128.945459,37.833351],[128.947729,37.8334095],[128.95,37.833429]]]]},"geometry_name":"ag_geom","properties":{"zone_type":"경계구역","layer":"lt_c_aisaltc","name":"A18","upper":"FL 150","lower":"SFC","color":"#5d4037","dist_km":278.94},"bbox":[128.84493,37.6665745,129.05507,37.833429]},{"type":"Feature","id":"lt_c_aisaltc.6","geometry":{"type":"MultiPolygon","coordinates":[[[[127.7833335,37.05],[127.8833335,37.1333335],[127.9833335,37.0666665],[127.8833335,36.9833335],[127.7833335,37.05]]]]},"geometry_name":"ag_geom","properties":{"zone_type":"경계구역","layer":"lt_c_aisaltc","name":"A19","upper":"FL 150","lower":"SFC","color":"#5d4037","dist_km":209.69},"bbox":[127.7833335,36.9833335,127.9833335,37.1333335]},{"type":"Feature","id":"lt_c_aisaltc.7","geometry":{"type":"MultiPolygon","coordinates":[[[[126.87305556,36.855],[127.13333333,36.85472222],[127.1325,36.75027778],[126.90194444,36.74638889],[126.87305556,36.855]]]]},"geometry_name":"ag_geom","properties":{"zone_type":"경계구역","layer":"lt_c_aisaltc","name":"A2","upper":"5 000 MSL","lower":"SFC","color":"#5d4037","dist_km":217.34},"bbox":[126.87305556,36.74638889,127.13333333,36.855]},{"type":"Feature","id":"lt_c_aisaltc.8","geometry":{"type":"MultiPolygon","coordinates":[[[[124.50138889,33.16666667],[125.76611111,33.16722222],[125.76333333,32.31222222],[125.67888889,32.11111111],[124.50944444,32.10694444],[124.50138889,33.16666667]]]]},"geometry_name":"ag_geom","properties":{"zone_type":"경계구역","layer":"lt_c_aisaltc","name":"A8","upper":"FL 140","lower":"SFC","color":"#5d4037","dist_km":338.51},"bbox":[124.50138889,32.10694444,125.76611111,33.16722222]},{"type":"Feature","id":"lt_c_aisaltc.9","geometry":{"type":"MultiPolygon","coordinates":[[[[124.09777778,31.91694444],[124.88527778,31.91694444],[124.88638889,31.08388889],[124.09694444,31.08388889],[124.09777778,31.91694444]]]]},"geometry_name":"ag_geom","properties":{"zone_type":"경계구역","layer":"lt_c_aisaltc","name":"A9A","upper":"3 000 AMSL","lower":"SFC","color":"#5d4037","dist_km":493.4},"bbox":[124.09694444,31.08388889,124.88638889,31.91694444]},{"type":"Feature","id":"lt_c_aisaltc.10","geometry":{"type":"MultiPolygon","coordinates":[[[[124.09694444,30.91694444],[124.88666667,30.91694444],[124.88805556,30.08388889],[124.09611111,30.08388889],[124.09694444,30.91694444]]]]},"geometry_name":"ag_geom","properties":{"zone_type":"경계구역","layer":"lt_c_aisaltc","name":"A9B","upper":"3 000 AMSL","lower":"SFC","color":"#5d4037","dist_km":580.22},"bbox":[124.09611111,30.08388889,124.88805556,30.91694444]},{"type":"Feature","id":"lt_c_aistemp.1","geometry":{"type":"MultiPolygon","coordinates":[[[[126.57833333,37.36027778],[126.62083333,37.36027778],[126.62083333,37.33555556],[126.57833333,37.33555556],[126.57833333,37.36027778]]]]},"geometry_name":"ag_geom","properties":{"zone_type":"임시금지구역","layer":"lt_c_aistemp","name":null,"upper":"500 AGL","lower":"SFC","color":"#b71c1c","dist_km":297.41},"bbox":[126.57833333,37.33555556,126.62083333,37.36027778]},{"type":"Feature","id":"lt_c_aistemp.2","geometry":{"type":"MultiPolygon","coordinates":[[[[126.97472222,37.59473208],[126.97690225,37.59454974],[126.97898696,37.59401069],[126.98088523,37.59313851],[126.98251408,37.59197132],[126.9838023,37.59056014],[126.98469362,37.58896666],[126.9851491,37.58726053],[126.98514886,37.58551633],[126.98469293,37.58381028],[126.98380129,37.58221694],[126.98251291,37.58080594],[126.98088412,37.57963894],[126.97898609,37.57876692],[126.97690177,37.57822799],[126.97472222,37.57804569],[126.97254267,37.57822799],[126.97045835,37.57876692],[126.96856033,37.57963894],[126.96693153,37.58080594],[126.96564315,37.58221694],[126.96475151,37.58381028],[126.96429559,37.58551633],[126.96429534,37.58726053],[126.96475082,37.58896666],[126.96564214,37.59056014],[126.96693037,37.59197132],[126.96855921,37.59313851],[126.97045748,37.59401069],[126.9725422,37.59454974],[126.97472222,37.59473208]]]]},"geometry_name":"ag_geom","properties":{"zone_type":"임시금지구역","layer":"lt_c_aistemp","name":null,"upper":"1700 FT","lower":"SFC","color":"#b71c1c","dist_km":302.94},"bbox":[126.96429534,37.57804569,126.9851491,37.59473208]},{"type":"Feature","id":"lt_c_aistemp.3","geometry":{"type":"MultiPolygon","coordinates":[[[[126.97555556,37.62309489],[126.97780768,37.62304675],[126.98005331,37.6229025],[126.98228595,37.62266253],[126.98449916,37.62232754],[126.98668655,37.62189851],[126.9888418,37.62137667],[126.9909587,37.62076352],[126.99303113,37.62006084],[126.99505312,37.61927065],[126.99701882,37.61839524],[126.99892256,37.61743712],[127.00075886,37.61639908],[127.00252241,37.6152841],[127.00420813,37.61409541],[127.00581116,37.61283642],[127.00732687,37.61151078],[127.00875089,37.61012232],[127.01007913,37.60867503],[127.01130775,37.6071731],[127.01243321,37.60562085],[127.01345228,37.60402278],[127.01436202,37.60238347],[127.01515981,37.60070768],[127.01584337,37.59900022],[127.01641072,37.59726603],[127.01686024,37.59551011],[127.01719064,37.59373752],[127.01740098,37.59195337],[127.01749065,37.59016281],[127.01745941,37.588371],[127.01730736,37.5865831],[127.01703495,37.58480428],[127.01664296,37.58303966],[127.01613254,37.58129432],[127.01550516,37.5795733],[127.01476264,37.57788156],[127.01390714,37.57622396],[127.01294112,37.5746053],[127.01186737,37.57303023],[127.01068899,37.5715033],[127.00940939,37.57002889],[127.00803225,37.56861127],[127.00656156,37.56725451],[127.00500155,37.56596252],[127.00335672,37.56473903],[127.00163181,37.56358755],[126.9998318,37.56251141],[126.99796186,37.5615137],[126.9960274,37.5605973],[126.99403398,37.55976485],[126.99198735,37.55901875],[126.9898934,37.55836113],[126.98775816,37.55779391],[126.98558778,37.5573187],[126.98338851,37.55693688],[126.98116669,37.55664955],[126.97892871,37.55645754],[126.97668102,37.55636139],[126.97443009,37.55636139],[126.9721824,37.55645754],[126.96994442,37.55664955],[126.9677226,37.55693688],[126.96552333,37.5573187],[126.96335295,37.55779391],[126.96121771,37.55836113],[126.95912376,37.55901875],[126.95707713,37.55976485],[126.95508371,37.5605973],[126.95314925,37.5615137],[126.95127931,37.56251141],[126.9494793,37.56358755],[126.94775439,37.56473903],[126.94610956,37.56596252],[126.94454955,37.56725451],[126.94307886,37.56861127],[126.94170172,37.57002889],[126.94042212,37.5715033],[126.93924375,37.57303023],[126.93817,37.5746053],[126.93720397,37.57622396],[126.93634847,37.57788156],[126.93560595,37.5795733],[126.93497857,37.58129432],[126.93446815,37.58303966],[126.93407616,37.58480428],[126.93380375,37.5865831],[126.9336517,37.588371],[126.93362046,37.59016281],[126.93371013,37.59195337],[126.93392047,37.59373752],[126.93425087,37.59551011],[126.93470039,37.59726603],[126.93526774,37.59900022],[126.9359513,37.60070768],[126.93674909,37.60238347],[126.93765883,37.60402278],[126.9386779,37.60562085],[126.93980337,37.6071731],[126.94103199,37.60867503],[126.94236022,37.61012232],[126.94378425,37.61151078],[126.94529996,37.61283642],[126.94690298,37.61409541],[126.9485887,37.6152841],[126.95035225,37.61639908],[126.95218855,37.61743712],[126.95409229,37.61839524],[126.95605799,37.61927065],[126.95807998,37.62006084],[126.96015241,37.62076352],[126.96226931,37.62137667],[126.96442456,37.62189851],[126.96661195,37.62232754],[126.96882516,37.62266253],[126.9710578,37.6229025],[126.97330343,37.62304675],[126.97555556,37.62309489]]]]},"geometry_name":"ag_geom","properties":{"zone_type":"임시금지구역","layer":"lt_c_aistemp","name":"D3554/25","upper":"UND","lower":"SFC","color":"#b71c1c","dist_km":300.42},"bbox":[126.93362046,37.55636139,127.01749065,37.62309489]},{"type":"Feature","id":"lt_c_aisuac.1","geometry":{"type":"MultiPolygon","coordinates":[[[[127.0075,35.7558695],[127.009678,35.755775],[127.0118315,35.755492],[127.013936,35.7550245],[127.015967,35.7543765],[127.0179025,35.753557],[127.01972,35.7525735],[127.021399,35.751439],[127.02292,35.750165],[127.024267,35.748766],[127.0254235,35.747259],[127.0263765,35.7456595],[127.027116,35.743987],[127.0276335,35.74226],[127.0279225,35.7404975],[127.02798,35.7387205],[127.0278055,35.736948],[127.027401,35.735201],[127.026771,35.733499],[127.025923,35.731861],[127.024866,35.730306],[127.023612,35.728851],[127.022176,35.727513],[127.020574,35.7263075],[127.0188235,35.7252475],[127.016945,35.724345],[127.014959,35.7236105],[127.012889,35.723052],[127.010758,35.722676],[127.00859,35.7224875],[127.00641,35.7224875],[127.004242,35.722676],[127.002111,35.723052],[127.000041,35.7236105],[126.998055,35.724345],[126.9961765,35.7252475],[126.994426,35.7263075],[126.992824,35.727513],[126.991388,35.728851],[126.990134,35.730306],[126.989077,35.731861],[126.988229,35.733499],[126.987599,35.735201],[126.9871945,35.736948],[126.98702,35.7387205],[126.9870775,35.7404975],[126.9873665,35.74226],[126.987884,35.743987],[126.9886235,35.7456595],[126.9895765,35.747259],[126.990733,35.748766],[126.99208,35.750165],[126.993601,35.751439],[126.99528,35.7525735],[126.9970975,35.753557],[126.999033,35.7543765],[127.001064,35.7550245],[127.0031685,35.755492],[127.005322,35.755775],[127.0075,35.7558695]]]]},"geometry_name":"ag_geom","properties":{"zone_type":"초경량비행장치공역(UA)","layer":"lt_c_aisuac","name":"GUSEONGSAN","upper":"GUSEONGSAN","lower":"GUSEONGSAN","color":"#388e3c","dist_km":151.93},"bbox":[126.98702,35.7224875,127.02798,35.7558695]},{"type":"Feature","id":"lt_c_aisuac.2","geometry":{"type":"MultiPolygon","coordinates":[[[[129.092222,35.662025],[129.0944145,35.6619815],[129.0966015,35.6618505],[129.0987785,35.661633],[129.1009395,35.6613295],[129.10308,35.66094],[129.1051945,35.6604665],[129.1072785,35.659909],[129.1093265,35.659269],[129.111334,35.658549],[129.113296,35.65775],[129.115208,35.6568735],[129.1170655,35.6559225],[129.118864,35.6548985],[129.1205995,35.653804],[129.122267,35.6526425],[129.1238635,35.6514155],[129.125385,35.650127],[129.1268275,35.648779],[129.128188,35.6473755],[129.129463,35.6459195],[129.13065,35.644415],[129.1317455,35.6428645],[129.132747,35.6412725],[129.1336525,35.6396425],[129.1344595,35.6379785],[129.1351665,35.6362845],[129.1357715,35.6345645],[129.1362735,35.6328225],[129.1366705,35.6310625],[129.1369625,35.6292885],[129.137148,35.6275055],[129.137227,35.625717],[129.1371995,35.6239275],[129.137065,35.622141],[129.1368245,35.620362],[129.136478,35.618595],[129.1360265,35.6168435],[129.135471,35.6151125],[129.134813,35.613405],[129.1340545,35.6117265],[129.1331965,35.6100795],[129.1322415,35.6084685],[129.1311915,35.606898],[129.130049,35.6053705],[129.128817,35.6038905],[129.1274985,35.602461],[129.126096,35.601086],[129.1246135,35.599768],[129.123054,35.5985105],[129.1214215,35.5973165],[129.11972,35.596189],[129.117953,35.5951305],[129.1161255,35.5941435],[129.114241,35.59323],[129.1123045,35.592393],[129.1103205,35.5916335],[129.1082935,35.590954],[129.1062285,35.590356],[129.1041305,35.5898405],[129.102004,35.589409],[129.0998545,35.589063],[129.0976865,35.5888025],[129.095506,35.5886285],[129.0933175,35.588541],[129.0911265,35.588541],[129.0889385,35.5886285],[129.0867575,35.5888025],[129.08459,35.589063],[129.0824405,35.589409],[129.080314,35.5898405],[129.078216,35.590356],[129.076151,35.590954],[129.074124,35.5916335],[129.07214,35.592393],[129.0702035,35.59323],[129.068319,35.5941435],[129.0664915,35.5951305],[129.0647245,35.596189],[129.063023,35.5973165],[129.0613905,35.5985105],[129.059831,35.599768],[129.0583485,35.601086],[129.056946,35.602461],[129.0556275,35.6038905],[129.0543955,35.6053705],[129.053253,35.606898],[129.052203,35.6084685],[129.051248,35.6100795],[129.05039,35.6117265],[129.049631,35.613405],[129.0489735,35.6151125],[129.048418,35.6168435],[129.0479665,35.618595],[129.04762,35.620362],[129.0473795,35.622141],[129.047245,35.6239275],[129.0472175,35.625717],[129.0472965,35.6275055],[129.047482,35.6292885],[129.047774,35.6310625],[129.048171,35.6328225],[129.0486725,35.6345645],[129.049278,35.6362845],[129.0499845,35.6379785],[129.050792,35.6396425],[129.0516975,35.6412725],[129.052699,35.6428645],[129.0537945,35.644415],[129.0549815,35.6459195],[129.0562565,35.6473755],[129.057617,35.648779],[129.0590595,35.650127],[129.060581,35.6514155],[129.0621775,35.6526425],[129.063845,35.653804],[129.0655805,35.6548985],[129.067379,35.6559225],[129.0692365,35.6568735],[129.0711485,35.65775],[129.0731105,35.658549],[129.075118,35.659269],[129.077166,35.659909],[129.07925,35.6604665],[129.0813645,35.66094],[129.083505,35.6613295],[129.085666,35.661633],[129.087843,35.6618505],[129.09003,35.6619815],[129.092222,35.662025]]]]},"geometry_name":"ag_geom","properties":{"zone_type":"초경량비행장치공역(UA)","layer":"lt_c_aisuac","name":"BONGHWASAN","upper":"BONGHWASAN","lower":"BONGHWASAN","color":"#388e3c","dist_km":65.51},"bbox":[129.0472175,35.588541,129.137227,35.662025]},{"type":"Feature","id":"lt_c_aisuac.3","geometry":{"type":"MultiPolygon","coordinates":[[[[127.5325,35.451478],[127.534698,35.451438],[127.536892,35.4513165],[127.5390765,35.451115],[127.541248,35.4508335],[127.543402,35.4504725],[127.545534,35.450033],[127.5476395,35.449515],[127.5497145,35.4489205],[127.551755,35.4482505],[127.5537565,35.447506],[127.555715,35.446689],[127.557627,35.445801],[127.5594885,35.4448435],[127.561295,35.4438185],[127.563044,35.442728],[127.564731,35.4415745],[127.566353,35.4403605],[127.567907,35.439088],[127.5693895,35.4377595],[127.5707975,35.436378],[127.5721285,35.4349465],[127.57338,35.433467],[127.5745485,35.4319435],[127.5756325,35.4303785],[127.5766295,35.428775],[127.5775375,35.4271365],[127.578355,35.4254665],[127.57908,35.423768],[127.579711,35.422045],[127.580247,35.4203],[127.580687,35.4185375],[127.5810295,35.4167605],[127.5812745,35.4149725],[127.5814215,35.4131775],[127.5814695,35.411379],[127.581419,35.4095805],[127.58127,35.4077855],[127.581023,35.405998],[127.5806785,35.404221],[127.5802365,35.4024585],[127.5796985,35.4007145],[127.5790655,35.3989915],[127.578339,35.397294],[127.57752,35.3956245],[127.5766105,35.3939865],[127.575612,35.392384],[127.574527,35.3908195],[127.5733575,35.389297],[127.5721055,35.3878185],[127.570774,35.3863875],[127.5693655,35.385007],[127.567883,35.3836795],[127.566329,35.3824075],[127.564707,35.3811945],[127.56302,35.380042],[127.561272,35.3789525],[127.559466,35.377928],[127.557606,35.3769715],[127.555695,35.376084],[127.5537375,35.3752675],[127.5517375,35.374524],[127.5496985,35.3738545],[127.5476255,35.3732605],[127.5455215,35.3727435],[127.5433915,35.372304],[127.5412395,35.3719435],[127.53907,35.371662],[127.5368875,35.3714605],[127.534696,35.3713395],[127.5325,35.3712995],[127.530304,35.3713395],[127.5281125,35.3714605],[127.52593,35.371662],[127.5237605,35.3719435],[127.5216085,35.372304],[127.5194785,35.3727435],[127.5173745,35.3732605],[127.5153015,35.3738545],[127.5132625,35.374524],[127.5112625,35.3752675],[127.509305,35.376084],[127.507394,35.3769715],[127.505534,35.377928],[127.503728,35.3789525],[127.50198,35.380042],[127.500293,35.3811945],[127.498671,35.3824075],[127.497117,35.3836795],[127.4956345,35.385007],[127.494226,35.3863875],[127.4928945,35.3878185],[127.4916425,35.389297],[127.490473,35.3908195],[127.489388,35.392384],[127.4883895,35.3939865],[127.48748,35.3956245],[127.486661,35.397294],[127.4859345,35.3989915],[127.4853015,35.4007145],[127.4847635,35.4024585],[127.4843215,35.404221],[127.483977,35.405998],[127.48373,35.4077855],[127.483581,35.4095805],[127.4835305,35.411379],[127.4835785,35.4131775],[127.4837255,35.4149725],[127.4839705,35.4167605],[127.484313,35.4185375],[127.484753,35.4203],[127.485289,35.422045],[127.48592,35.423768],[127.486645,35.4254665],[127.4874625,35.4271365],[127.4883705,35.428775],[127.4893675,35.4303785],[127.4904515,35.4319435],[127.49162,35.433467],[127.4928715,35.4349465],[127.4942025,35.436378],[127.4956105,35.4377595],[127.497093,35.439088],[127.498647,35.4403605],[127.500269,35.4415745],[127.501956,35.442728],[127.503705,35.4438185],[127.5055115,35.4448435],[127.507373,35.445801],[127.509285,35.446689],[127.5112435,35.447506],[127.513245,35.4482505],[127.5152855,35.4489205],[127.5173605,35.449515],[127.519466,35.450033],[127.521598,35.4504725],[127.523752,35.4508335],[127.5259235,35.451115],[127.528108,35.4513165],[127.530302,35.451438],[127.5325,35.451478]]]]},"geometry_name":"ag_geom","properties":{"zone_type":"초경량비행장치공역(UA)","layer":"lt_c_aisuac","name":"DEOKDUSAN","upper":"DEOKDUSAN","lower":"DEOKDUSAN","color":"#388e3c","dist_km":91.94},"bbox":[127.4835305,35.3712995,127.5814695,35.451478]},{"type":"Feature","id":"lt_c_aisuac.4","geometry":{"type":"MultiPolygon","coordinates":[[[[127.981111,34.754765],[127.98326,34.7546795],[127.985389,34.754423],[127.9874775,34.753998],[127.989507,34.7534085],[127.991458,34.75266],[127.9933125,34.7517595],[127.9950525,34.7507155],[127.9966625,34.749538],[127.9981275,34.7482375],[127.9994335,34.7468265],[128.000568,34.745318],[128.001521,34.743726],[128.0022835,34.7420655],[128.002848,34.7403525],[128.0032095,34.738602],[128.003365,34.736831],[128.0033125,34.735056],[128.003053,34.733293],[128.0025885,34.7315595],[128.001923,34.729871],[128.001064,34.728243],[128.0000185,34.7266915],[127.9987965,34.72523],[127.997409,34.723873],[127.99587,34.722633],[127.994193,34.7215215],[127.992394,34.7205485],[127.9904895,34.7197235],[127.988498,34.719054],[127.986437,34.7185465],[127.984327,34.7182055],[127.9821865,34.718034],[127.980036,34.718034],[127.9778955,34.7182055],[127.975785,34.7185465],[127.9737245,34.719054],[127.9717325,34.7197235],[127.969828,34.7205485],[127.968029,34.7215215],[127.9663525,34.722633],[127.964813,34.723873],[127.963426,34.72523],[127.962204,34.7266915],[127.9611585,34.728243],[127.960299,34.729871],[127.959634,34.7315595],[127.9591695,34.733293],[127.9589095,34.735056],[127.958857,34.736831],[127.9590125,34.738602],[127.959374,34.7403525],[127.959939,34.7420655],[127.960701,34.743726],[127.961654,34.745318],[127.962789,34.7468265],[127.964095,34.7482375],[127.9655595,34.749538],[127.9671695,34.7507155],[127.96891,34.7517595],[127.970764,34.75266],[127.972715,34.7534085],[127.9747445,34.753998],[127.9768335,34.754423],[127.978962,34.7546795],[127.981111,34.754765]]]]},"geometry_name":"ag_geom","properties":{"zone_type":"초경량비행장치공역(UA)","layer":"lt_c_aisuac","name":"GUMSAN","upper":"GUMSAN","lower":"GUMSAN","color":"#388e3c","dist_km":69.84},"bbox":[127.958857,34.718034,128.003365,34.754765]},{"type":"Feature","id":"lt_c_aisuac.5","geometry":{"type":"MultiPolygon","coordinates":[[[[127.3833335,37.502778],[127.385572,37.502779],[127.387811,37.5027805],[127.3900495,37.502782],[127.3922885,37.502783],[127.3945275,37.5027845],[127.396766,37.5027855],[127.399005,37.5027865],[127.401244,37.502788],[127.4034825,37.502789],[127.4057215,37.50279],[127.40796,37.502791],[127.410199,37.502792],[127.412438,37.5027925],[127.4146765,37.5027935],[127.4169155,37.5027945],[127.419154,37.502795],[127.421393,37.502796],[127.423632,37.5027965],[127.4258705,37.502797],[127.4281095,37.5027975],[127.4303485,37.5027985],[127.432587,37.502799],[127.434826,37.502799],[127.4370645,37.5027995],[127.4393035,37.5028],[127.4415425,37.5028005],[127.443781,37.5028005],[127.44602,37.502801],[127.4482585,37.502801],[127.4504975,37.5028015],[127.4527365,37.5028015],[127.454975,37.5028015],[127.457214,37.5028015],[127.4594525,37.5028015],[127.4616915,37.5028015],[127.4639305,37.5028015],[127.466169,37.5028015],[127.468408,37.502801],[127.470647,37.502801],[127.4728855,37.5028005],[127.4751245,37.5028005],[127.477363,37.5028],[127.479602,37.5027995],[127.481841,37.502799],[127.4840795,37.502799],[127.4863185,37.5027985],[127.488557,37.5027975],[127.490796,37.502797],[127.493035,37.5027965],[127.4952735,37.502796],[127.4975125,37.502795],[127.499751,37.5027945],[127.50199,37.5027935],[127.504229,37.5027925],[127.5064675,37.502792],[127.5087065,37.502791],[127.5109455,37.50279],[127.513184,37.502789],[127.515423,37.502788],[127.5176615,37.5027865],[127.5199005,37.5027855],[127.5221395,37.5027845],[127.524378,37.502783],[127.526617,37.502782],[127.5288555,37.5027805],[127.5310945,37.502779],[127.5333335,37.502778],[127.5333335,37.5010185],[127.5333335,37.4992595],[127.5333335,37.4975],[127.5333335,37.495741],[127.5333335,37.4939815],[127.5333335,37.4922225],[127.5333335,37.490463],[127.5333335,37.4887035],[127.5333335,37.4869445],[127.5333335,37.485185],[127.5333335,37.483426],[127.5333335,37.4816665],[127.5333335,37.4799075],[127.5333335,37.478148],[127.5333335,37.476389],[127.5333335,37.4746295],[127.5333335,37.4728705],[127.5333335,37.471111],[127.5333335,37.469352],[127.5333335,37.4675925],[127.5333335,37.4658335],[127.5333335,37.464074],[127.5333335,37.462315],[127.5333335,37.4605555],[127.5333335,37.4587965],[127.5333335,37.457037],[127.5333335,37.455278],[127.5333335,37.4535185],[127.5333335,37.4517595],[127.5333335,37.45],[127.5310945,37.4500015],[127.5288555,37.450003],[127.526617,37.450004],[127.524378,37.4500055],[127.5221395,37.4500065],[127.5199005,37.450008],[127.5176615,37.450009],[127.515423,37.45001],[127.513184,37.450011],[127.5109455,37.450012],[127.5087065,37.450013],[127.5064675,37.450014],[127.504229,37.450015],[127.50199,37.4500155],[127.499751,37.4500165],[127.4975125,37.4500175],[127.4952735,37.450018],[127.493035,37.4500185],[127.490796,37.4500195],[127.488557,37.45002],[127.4863185,37.4500205],[127.4840795,37.450021],[127.481841,37.4500215],[127.479602,37.450022],[127.477363,37.4500225],[127.4751245,37.4500225],[127.4728855,37.450023],[127.470647,37.450023],[127.468408,37.4500235],[127.466169,37.4500235],[127.4639305,37.4500235],[127.4616915,37.4500235],[127.4594525,37.450024],[127.457214,37.450024],[127.454975,37.4500235],[127.4527365,37.4500235],[127.4504975,37.4500235],[127.4482585,37.4500235],[127.44602,37.450023],[127.443781,37.450023],[127.4415425,37.4500225],[127.4393035,37.4500225],[127.4370645,37.450022],[127.434826,37.4500215],[127.432587,37.450021],[127.4303485,37.4500205],[127.4281095,37.45002],[127.4258705,37.4500195],[127.423632,37.4500185],[127.421393,37.450018],[127.419154,37.4500175],[127.4169155,37.4500165],[127.4146765,37.4500155],[127.412438,37.450015],[127.410199,37.450014],[127.40796,37.450013],[127.4057215,37.450012],[127.4034825,37.450011],[127.401244,37.45001],[127.399005,37.450009],[127.396766,37.450008],[127.3945275,37.4500065],[127.3922885,37.4500055],[127.3900495,37.450004],[127.387811,37.450003],[127.385572,37.4500015],[127.3833335,37.45],[127.3833335,37.4517595],[127.3833335,37.4535185],[127.3833335,37.455278],[127.3833335,37.457037],[127.3833335,37.4587965],[127.3833335,37.4605555],[127.3833335,37.462315],[127.3833335,37.464074],[127.3833335,37.4658335],[127.3833335,37.4675925],[127.3833335,37.469352],[127.3833335,37.471111],[127.3833335,37.4728705],[127.3833335,37.4746295],[127.3833335,37.476389],[127.3833335,37.478148],[127.3833335,37.4799075],[127.3833335,37.4816665],[127.3833335,37.483426],[127.3833335,37.485185],[127.3833335,37.4869445],[127.3833335,37.4887035],[127.3833335,37.490463],[127.3833335,37.4922225],[127.3833335,37.4939815],[127.3833335,37.495741],[127.3833335,37.4975],[127.3833335,37.4992595],[127.3833335,37.5010185],[127.3833335,37.502778]]]]},"geometry_name":"ag_geom","properties":{"zone_type":"초경량비행장치공역(UA)","layer":"lt_c_aisuac","name":"YANGPYEONG","upper":"YANGPYEONG","lower":"YANGPYEONG","color":"#388e3c","dist_km":269.1},"bbox":[127.3833335,37.45,127.5333335,37.5028015]},{"type":"Feature","id":"lt_c_aisuac.6","geometry":{"type":"MultiPolygon","coordinates":[[[[126.731389,35.4231375],[126.7335745,35.423094],[126.7357555,35.4229635],[126.7379255,35.422746],[126.7400805,35.422442],[126.7422145,35.4220525],[126.744323,35.421579],[126.7464005,35.4210215],[126.7484425,35.4203815],[126.750444,35.4196615],[126.7524005,35.418862],[126.754307,35.417986],[126.756159,35.4170345],[126.757952,35.4160105],[126.759682,35.4149165],[126.761345,35.4137545],[126.7629365,35.412528],[126.7644535,35.411239],[126.765892,35.409891],[126.7672485,35.4084875],[126.7685195,35.4070315],[126.769703,35.4055265],[126.770795,35.4039765],[126.771794,35.4023845],[126.7726965,35.4007545],[126.7735015,35.3990905],[126.7742065,35.3973965],[126.7748095,35.395676],[126.77531,35.393934],[126.775706,35.3921735],[126.775997,35.3904],[126.776182,35.3886165],[126.7762605,35.386828],[126.776233,35.3850385],[126.776099,35.383252],[126.775859,35.381473],[126.7755135,35.379706],[126.7750635,35.3779545],[126.77451,35.376223],[126.773854,35.374516],[126.7730975,35.372837],[126.772242,35.37119],[126.7712895,35.369579],[126.770243,35.368008],[126.769104,35.366481],[126.7678755,35.3650005],[126.7665605,35.3635715],[126.7651625,35.362196],[126.7636845,35.360878],[126.7621295,35.3596205],[126.760502,35.358427],[126.7588055,35.357299],[126.757044,35.3562405],[126.7552215,35.3552535],[126.753343,35.35434],[126.751412,35.3535025],[126.749434,35.3527435],[126.747413,35.352064],[126.745354,35.3514655],[126.743262,35.35095],[126.7411415,35.350519],[126.7389985,35.3501725],[126.736837,35.349912],[126.734663,35.349738],[126.732481,35.349651],[126.7302965,35.349651],[126.7281145,35.349738],[126.7259405,35.349912],[126.7237795,35.3501725],[126.721636,35.350519],[126.719516,35.35095],[126.717424,35.3514655],[126.715365,35.352064],[126.713344,35.3527435],[126.711366,35.3535025],[126.709435,35.35434],[126.707556,35.3552535],[126.705734,35.3562405],[126.7039725,35.357299],[126.702276,35.358427],[126.700648,35.3596205],[126.6990935,35.360878],[126.6976155,35.362196],[126.696217,35.3635715],[126.6949025,35.3650005],[126.693674,35.366481],[126.692535,35.368008],[126.691488,35.369579],[126.690536,35.37119],[126.6896805,35.372837],[126.688924,35.374516],[126.688268,35.376223],[126.687714,35.3779545],[126.687264,35.379706],[126.6869185,35.381473],[126.6866785,35.383252],[126.6865445,35.3850385],[126.686517,35.386828],[126.686596,35.3886165],[126.686781,35.3904],[126.687072,35.3921735],[126.687468,35.393934],[126.687968,35.395676],[126.6885715,35.3973965],[126.6892765,35.3990905],[126.690081,35.4007545],[126.690984,35.4023845],[126.6919825,35.4039765],[126.693075,35.4055265],[126.694258,35.4070315],[126.6955295,35.4084875],[126.696886,35.409891],[126.6983245,35.411239],[126.699841,35.412528],[126.701433,35.4137545],[126.703096,35.4149165],[126.704826,35.4160105],[126.706619,35.4170345],[126.708471,35.417986],[126.7103775,35.418862],[126.7123335,35.4196615],[126.714335,35.4203815],[126.716377,35.4210215],[126.718455,35.421579],[126.7205635,35.4220525],[126.7226975,35.422442],[126.724852,35.422746],[126.7270225,35.4229635],[126.729203,35.423094],[126.731389,35.4231375]]]]},"geometry_name":"ag_geom","properties":{"zone_type":"초경량비행장치공역(UA)","layer":"lt_c_aisuac","name":"GOCHANG","upper":"GOCHANG","lower":"GOCHANG","color":"#388e3c","dist_km":163.3},"bbox":[126.686517,35.349651,126.7762605,35.4231375]},{"type":"Feature","id":"lt_c_aisuac.7","geometry":{"type":"MultiPolygon","coordinates":[[[[127.00916667,36.51055556],[127.12027778,36.50055556],[127.09805556,36.43444444],[126.96388889,36.45805556],[127.00916667,36.51055556]]]]},"geometry_name":"ag_geom","properties":{"zone_type":"초경량비행장치공역(UA)","layer":"lt_c_aisuac","name":"GONGJU","upper":"GONGJU","lower":"GONGJU","color":"#388e3c","dist_km":192.38},"bbox":[126.96388889,36.43444444,127.12027778,36.51055556]},{"type":"Feature","id":"lt_c_aisuac.8","geometry":{"type":"MultiPolygon","coordinates":[[[[126.55527778,37.23722222],[126.7041666,37.2975],[126.8333335,37.29],[126.8333333,37.2416667],[126.77444444,37.22083333],[126.67472222,37.21222222],[126.56166667,37.21222222],[126.55527778,37.23722222]]]]},"geometry_name":"ag_geom","properties":{"zone_type":"초경량비행장치공역(UA)","layer":"lt_c_aisuac","name":"SIHWAHO","upper":"SIHWAHO","lower":"SIHWAHO","color":"#388e3c","dist_km":277.71},"bbox":[126.55527778,37.21222222,126.8333335,37.2975]},{"type":"Feature","id":"lt_c_aisuac.9","geometry":{"type":"MultiPolygon","coordinates":[[[[126.73805556,35.47606332],[126.73984789,35.47602291],[126.74163479,35.47590179],[126.74341082,35.47570034],[126.74517058,35.47541915],[126.74690873,35.4750591],[126.74862,35.47462127],[126.75029918,35.47410698],[126.75194118,35.4735178],[126.75354101,35.47285552],[126.75509381,35.47212214],[126.75659487,35.4713199],[126.75803962,35.47045122],[126.75942369,35.46951874],[126.76074285,35.46852529],[126.76199312,35.46747389],[126.76317069,35.46636773],[126.76427199,35.46521016],[126.76529366,35.46400469],[126.76623262,35.46275499],[126.767086,35.46146486],[126.76785122,35.46013819],[126.76852595,35.45877903],[126.76910814,35.4573915],[126.76959603,35.45597982],[126.76998813,35.45454825],[126.77028325,35.45310117],[126.7704805,35.45164295],[126.77057927,35.45017803],[126.77057927,35.44871085],[126.7704805,35.44724588],[126.77028325,35.44578755],[126.76998813,35.44434031],[126.76959603,35.44290854],[126.76910814,35.44149659],[126.76852595,35.44010876],[126.76785122,35.43874926],[126.767086,35.43742222],[126.76623262,35.43613167],[126.76529366,35.43488154],[126.76427199,35.43367562],[126.76317069,35.43251757],[126.76199312,35.43141092],[126.76074285,35.43035903],[126.75942369,35.42936509],[126.75803962,35.42843214],[126.75659487,35.42756299],[126.75509381,35.42676029],[126.75354101,35.42602649],[126.75194118,35.42536382],[126.75029918,35.42477428],[126.74862,35.42425967],[126.74690873,35.42382156],[126.74517058,35.42346127],[126.74341082,35.42317991],[126.74163479,35.42297832],[126.73984789,35.42285712],[126.73805556,35.42281668],[126.73626322,35.42285712],[126.73447632,35.42297832],[126.73270029,35.42317991],[126.73094053,35.42346127],[126.72920238,35.42382156],[126.72749111,35.42425967],[126.72581193,35.42477428],[126.72416993,35.42536382],[126.7225701,35.42602649],[126.7210173,35.42676029],[126.71951624,35.42756299],[126.71807149,35.42843214],[126.71668742,35.42936509],[126.71536826,35.43035903],[126.71411799,35.43141092],[126.71294042,35.43251757],[126.71183912,35.43367562],[126.71081745,35.43488154],[126.70987849,35.43613167],[126.70902511,35.43742222],[126.70825989,35.43874926],[126.70758516,35.44010876],[126.70700297,35.44149659],[126.70651508,35.44290854],[126.70612298,35.44434031],[126.70582786,35.44578755],[126.70563061,35.44724588],[126.70553184,35.44871085],[126.70553184,35.45017803],[126.70563061,35.45164295],[126.70582786,35.45310117],[126.70612298,35.45454825],[126.70651508,35.45597982],[126.70700297,35.4573915],[126.70758516,35.45877903],[126.70825989,35.46013819],[126.70902511,35.46146486],[126.70987849,35.46275499],[126.71081745,35.46400469],[126.71183912,35.46521016],[126.71294042,35.46636773],[126.71411799,35.46747389],[126.71536826,35.46852529],[126.71668742,35.46951874],[126.71807149,35.47045122],[126.71951624,35.4713199],[126.7210173,35.47212214],[126.7225701,35.47285552],[126.72416993,35.4735178],[126.72581193,35.47410698],[126.72749111,35.47462127],[126.72920238,35.4750591],[126.73094053,35.47541915],[126.73270029,35.47570034],[126.73447632,35.47590179],[126.73626322,35.47602291],[126.73805556,35.47606332]]]]},"geometry_name":"ag_geom","properties":{"zone_type":"초경량비행장치공역(UA)","layer":"lt_c_aisuac","name":"BANGJANGSAN","upper":"BANGJANGSAN","lower":"BANGJANGSAN","color":"#388e3c","dist_km":164.93},"bbox":[126.70553184,35.42281668,126.77057927,35.47606332]},{"type":"Feature","id":"lt_c_aisuac.10","geometry":{"type":"MultiPolygon","coordinates":[[[[126.82277778,33.50301075],[126.82455896,33.50296609],[126.82633376,33.50283227],[126.82809583,33.50260977],[126.82983886,33.50229938],[126.83155662,33.50190222],[126.83324296,33.5014197],[126.83489183,33.50085355],[126.83649733,33.5002058],[126.83805372,33.49947876],[126.83955543,33.49867503],[126.84099708,33.49779749],[126.84237351,33.49684928],[126.84367979,33.49583379],[126.84491124,33.49475465],[126.84606347,33.49361572],[126.84713234,33.49242108],[126.84811402,33.491175],[126.84900501,33.48988195],[126.84980211,33.48854654],[126.85050247,33.48717355],[126.85110359,33.48576791],[126.8516033,33.48433464],[126.85199983,33.48287886],[126.85229175,33.48140579],[126.85247801,33.47992071],[126.85255796,33.47842892],[126.8525313,33.47693577],[126.85239814,33.47544661],[126.85215894,33.47396675],[126.85181456,33.47250151],[126.85136624,33.47105613],[126.85081558,33.46963578],[126.85016455,33.46824555],[126.84941548,33.46689042],[126.84857106,33.46557523],[126.8476343,33.46430471],[126.84660857,33.4630834],[126.84549753,33.46191567],[126.84430515,33.46080571],[126.84303571,33.45975749],[126.84169376,33.45877477],[126.84028409,33.45786106],[126.83881175,33.45701965],[126.83728202,33.45625354],[126.83570036,33.45556548],[126.83407245,33.45495794],[126.8324041,33.45443308],[126.83070129,33.4539928],[126.82897012,33.45363867],[126.82721678,33.45337195],[126.82544755,33.45319361],[126.82366877,33.45310427],[126.82188679,33.45310427],[126.820108,33.45319361],[126.81833877,33.45337195],[126.81658544,33.45363867],[126.81485426,33.4539928],[126.81315146,33.45443308],[126.81148311,33.45495794],[126.80985519,33.45556548],[126.80827354,33.45625354],[126.8067438,33.45701965],[126.80527146,33.45786106],[126.8038618,33.45877477],[126.80251984,33.45975749],[126.8012504,33.46080571],[126.80005803,33.46191567],[126.79894699,33.4630834],[126.79792125,33.46430471],[126.79698449,33.46557523],[126.79614007,33.46689042],[126.79539101,33.46824555],[126.79473998,33.46963578],[126.79418932,33.47105613],[126.79374099,33.47250151],[126.79339662,33.47396675],[126.79315742,33.47544661],[126.79302425,33.47693577],[126.79299759,33.47842892],[126.79307754,33.47992071],[126.79326381,33.48140579],[126.79355573,33.48287886],[126.79395225,33.48433464],[126.79445197,33.48576791],[126.79505308,33.48717355],[126.79575344,33.48854654],[126.79655054,33.48988195],[126.79744153,33.491175],[126.79842322,33.49242108],[126.79949209,33.49361572],[126.80064431,33.49475465],[126.80187577,33.49583379],[126.80318205,33.49684928],[126.80455848,33.49779749],[126.80600012,33.49867503],[126.80750183,33.49947876],[126.80905822,33.5002058],[126.81066373,33.50085355],[126.8123126,33.5014197],[126.81399893,33.50190222],[126.81571669,33.50229938],[126.81745972,33.50260977],[126.8192218,33.50283227],[126.8209966,33.50296609],[126.82277778,33.50301075]]]]},"geometry_name":"ag_geom","properties":{"zone_type":"초경량비행장치공역(UA)","layer":"lt_c_aisuac","name":"GUJOA","upper":"GUJOA","lower":"GUJOA","color":"#388e3c","dist_km":243.72},"bbox":[126.79299759,33.45310427,126.85255796,33.50301075]},{"type":"Feature","id":"lt_c_aisuac.11","geometry":{"type":"MultiPolygon","coordinates":[[[[127.72361111,35.02972222],[127.79472222,35.02916667],[127.79416667,34.9875],[127.72333333,34.98777778],[127.72361111,35.02972222]]]]},"geometry_name":"ag_geom","properties":{"zone_type":"초경량비행장치공역(UA)","layer":"lt_c_aisuac","name":"HADONG","upper":"HADONG","lower":"HADONG","color":"#388e3c","dist_km":71.11},"bbox":[127.72333333,34.9875,127.79472222,35.02972222]},{"type":"Feature","id":"lt_c_aisuac.12","geometry":{"type":"MultiPolygon","coordinates":[[[[128.40527778,37.39388889],[128.46944444,37.40277778],[128.43611111,37.36472222],[128.39194444,37.36972222],[128.40527778,37.39388889]]]]},"geometry_name":"ag_geom","properties":{"zone_type":"초경량비행장치공역(UA)","layer":"lt_c_aisuac","name":"JANGAMSAN","upper":"JANGAMSAN","lower":"JANGAMSAN","color":"#388e3c","dist_km":243.32},"bbox":[128.39194444,37.36472222,128.46944444,37.40277778]},{"type":"Feature","id":"lt_c_aisuac.13","geometry":{"type":"MultiPolygon","coordinates":[[[[127.28305556,36.94891259],[127.28526298,36.94882687],[127.28744978,36.94857052],[127.28959552,36.94814593],[127.29168016,36.94755707],[127.29368422,36.94680943],[127.29558898,36.94591001],[127.29737665,36.94486721],[127.29903053,36.94369076],[127.30053518,36.94239167],[127.30187656,36.94098206],[127.30304213,36.9394751],[127.30402103,36.93788486],[127.30480413,36.93622621],[127.30538412,36.93451462],[127.3057556,36.93276609],[127.30591512,36.93099693],[127.3058612,36.92922368],[127.30559436,36.92746287],[127.30511711,36.92573097],[127.30443392,36.92404412],[127.30355117,36.92241808],[127.30247712,36.92086803],[127.30122181,36.91940843],[127.29979696,36.91805291],[127.29821587,36.91681411],[127.29649331,36.9157036],[127.29464536,36.91473173],[127.29268926,36.91390759],[127.29064328,36.91323885],[127.2885265,36.91273176],[127.28635867,36.91239105],[127.28416003,36.91221989],[127.28195108,36.91221989],[127.27975244,36.91239105],[127.27758461,36.91273176],[127.27546783,36.91323885],[127.27342185,36.91390759],[127.27146575,36.91473173],[127.2696178,36.9157036],[127.26789524,36.91681411],[127.26631415,36.91805291],[127.2648893,36.91940843],[127.26363399,36.92086803],[127.26255994,36.92241808],[127.26167719,36.92404412],[127.260994,36.92573097],[127.26051675,36.92746287],[127.26024991,36.92922368],[127.26019599,36.93099693],[127.26035551,36.93276609],[127.26072699,36.93451462],[127.26130698,36.93622621],[127.26209008,36.93788486],[127.26306898,36.9394751],[127.26423455,36.94098206],[127.26557593,36.94239167],[127.26708058,36.94369076],[127.26873446,36.94486721],[127.27052213,36.94591001],[127.27242689,36.94680943],[127.27443095,36.94755707],[127.27651559,36.94814593],[127.27866133,36.94857052],[127.28084813,36.94882687],[127.28305556,36.94891259]]]]},"geometry_name":"ag_geom","properties":{"zone_type":"초경량비행장치공역(UA)","layer":"lt_c_aisuac","name":"SEOUNSAN","upper":"SEOUNSAN","lower":"SEOUNSAN","color":"#388e3c","dist_km":224.43},"bbox":[127.26019599,36.91221989,127.30591512,36.94891259]},{"type":"Feature","id":"lt_c_aisuac.14","geometry":{"type":"MultiPolygon","coordinates":[[[[127.28777778,36.97141252],[127.28998585,36.97132681],[127.29217329,36.97107045],[127.29431967,36.97064586],[127.29640492,36.970057],[127.29840957,36.96930937],[127.30031489,36.96840995],[127.30210309,36.96736715],[127.30375746,36.96619071],[127.30526255,36.96489162],[127.30660432,36.96348202],[127.30777023,36.96197506],[127.30874942,36.96038483],[127.30953275,36.95872618],[127.31011291,36.9570146],[127.3104845,36.95526608],[127.31064406,36.95349693],[127.31059013,36.95172368],[127.31032321,36.94996288],[127.30984582,36.94823098],[127.30916243,36.94654415],[127.30827942,36.94491811],[127.30720505,36.94336807],[127.30594937,36.94190847],[127.3045241,36.94055296],[127.30294255,36.93931416],[127.30121948,36.93820365],[127.29937099,36.93723179],[127.29741432,36.93640765],[127.29536773,36.93573892],[127.29325033,36.93523183],[127.29108187,36.93489112],[127.28888258,36.93471996],[127.28667298,36.93471996],[127.28447369,36.93489112],[127.28230523,36.93523183],[127.28018782,36.93573892],[127.27814124,36.93640765],[127.27618457,36.93723179],[127.27433607,36.93820365],[127.27261301,36.93931416],[127.27103146,36.94055296],[127.26960618,36.94190847],[127.2683505,36.94336807],[127.26727613,36.94491811],[127.26639313,36.94654415],[127.26570973,36.94823098],[127.26523234,36.94996288],[127.26496543,36.95172368],[127.26491149,36.95349693],[127.26507106,36.95526608],[127.26544265,36.9570146],[127.26602281,36.95872618],[127.26680613,36.96038483],[127.26778532,36.96197506],[127.26895124,36.96348202],[127.27029301,36.96489162],[127.2717981,36.96619071],[127.27345247,36.96736715],[127.27524066,36.96840995],[127.27714598,36.96930937],[127.27915063,36.970057],[127.28123589,36.97064586],[127.28338226,36.97107045],[127.2855697,36.97132681],[127.28777778,36.97141252]]]]},"geometry_name":"ag_geom","properties":{"zone_type":"초경량비행장치공역(UA)","layer":"lt_c_aisuac","name":"OCHON","upper":"OCHON","lower":"OCHON","color":"#388e3c","dist_km":226.37},"bbox":[127.26491149,36.93471996,127.31064406,36.97141252]},{"type":"Feature","id":"lt_c_aisuac.15","geometry":{"type":"MultiPolygon","coordinates":[[[[127.32777778,37.06335668],[127.32998851,37.06327097],[127.33217859,37.06301462],[127.33432756,37.06259003],[127.33641532,37.06200118],[127.33842239,37.06125356],[127.34033001,37.06035416],[127.34212035,37.05931137],[127.34377672,37.05813495],[127.34528362,37.05683588],[127.34662701,37.05542629],[127.34779433,37.05391936],[127.34877469,37.05232916],[127.34955896,37.05067053],[127.35013982,37.04895898],[127.35051186,37.04721048],[127.35067161,37.04544136],[127.35061761,37.04366814],[127.35035037,37.04190737],[127.3498724,37.0401755],[127.34918818,37.03848868],[127.34830411,37.03686268],[127.34722845,37.03531266],[127.34597126,37.03385309],[127.34454427,37.03249759],[127.34296081,37.03125882],[127.34123567,37.03014833],[127.33938495,37.02917648],[127.33742592,37.02835235],[127.33537687,37.02768363],[127.33325692,37.02717655],[127.33108584,37.02683584],[127.32888391,37.02666469],[127.32667165,37.02666469],[127.32446971,37.02683584],[127.32229864,37.02717655],[127.32017868,37.02768363],[127.31812964,37.02835235],[127.31617061,37.02917648],[127.31431989,37.03014833],[127.31259475,37.03125882],[127.31101129,37.03249759],[127.3095843,37.03385309],[127.3083271,37.03531266],[127.30725144,37.03686268],[127.30636737,37.03848868],[127.30568315,37.0401755],[127.30520518,37.04190737],[127.30493794,37.04366814],[127.30488394,37.04544136],[127.3050437,37.04721048],[127.30541574,37.04895898],[127.30599659,37.05067053],[127.30678086,37.05232916],[127.30776123,37.05391936],[127.30892855,37.05542629],[127.31027193,37.05683588],[127.31177884,37.05813495],[127.3134352,37.05931137],[127.31522555,37.06035416],[127.31713317,37.06125356],[127.31914023,37.06200118],[127.321228,37.06259003],[127.32337696,37.06301462],[127.32556704,37.06327097],[127.32777778,37.06335668]]]]},"geometry_name":"ag_geom","properties":{"zone_type":"초경량비행장치공역(UA)","layer":"lt_c_aisuac","name":"BUKJWA","upper":"BUKJWA","lower":"BUKJWA","color":"#388e3c","dist_km":233.52},"bbox":[127.30488394,37.02666469,127.35067161,37.06335668]},{"type":"Feature","id":"lt_c_aisuac.16","geometry":{"type":"MultiPolygon","coordinates":[[[[126.62888889,37.56666667],[126.63055556,37.56416667],[126.62666667,37.5625],[126.625,37.565],[126.62888889,37.56666667]]]]},"geometry_name":"ag_geom","properties":{"zone_type":"초경량비행장치공역(UA)","layer":"lt_c_aisuac","name":"CHEONGNA","upper":"CHEONGNA","lower":"CHEONGNA","color":"#388e3c","dist_km":317.8},"bbox":[126.625,37.5625,126.63055556,37.56666667]},{"type":"Feature","id":"lt_c_aisuac.17","geometry":{"type":"MultiPolygon","coordinates":[[[[128.80416667,35.34916667],[128.80694444,35.35027778],[128.80916667,35.34638889],[128.80638889,35.34527778],[128.80416667,35.34916667]]]]},"geometry_name":"ag_geom","properties":{"zone_type":"초경량비행장치공역(UA)","layer":"lt_c_aisuac","name":"GIMHAE","upper":"GIMHAE","lower":"GIMHAE","color":"#388e3c","dist_km":29.36},"bbox":[128.80416667,35.34527778,128.80916667,35.35027778]},{"type":"Feature","id":"lt_c_aisuac.18","geometry":{"type":"MultiPolygon","coordinates":[[[[128.77833333,35.46694444],[128.78722222,35.45805556],[128.78305556,35.45472222],[128.77416667,35.46388889],[128.77833333,35.46694444]]]]},"geometry_name":"ag_geom","properties":{"zone_type":"초경량비행장치공역(UA)","layer":"lt_c_aisuac","name":"MIRYANG","upper":"MIRYANG","lower":"MIRYANG","color":"#388e3c","dist_km":36.92},"bbox":[128.77416667,35.45472222,128.78722222,35.46694444]},{"type":"Feature","id":"lt_c_aisuac.19","geometry":{"type":"MultiPolygon","coordinates":[[[[128.64888889,35.37722222],[128.65861111,35.37722222],[128.65861111,35.37111111],[128.65583333,35.37027778],[128.64888889,35.37027778],[128.64888889,35.37722222]]]]},"geometry_name":"ag_geom","properties":{"zone_type":"초경량비행장치공역(UA)","layer":"lt_c_aisuac","name":"CHANGWON","upper":"CHANGWON","lower":"CHANGWON","color":"#388e3c","dist_km":22.77},"bbox":[128.64888889,35.37027778,128.65861111,35.37722222]},{"type":"Feature","id":"lt_c_aisuac.20","geometry":{"type":"MultiPolygon","coordinates":[[[[127.3025,37.47167268],[127.30464818,37.47137076],[127.30653721,37.47050143],[127.30793923,37.46916955],[127.30868513,37.46753579],[127.30868498,37.46579722],[127.30793886,37.46416353],[127.3065368,37.46283176],[127.30464791,37.46196253],[127.3025,37.46166065],[127.30035209,37.46196253],[127.2984632,37.46283176],[127.29706114,37.46416353],[127.29631502,37.46579722],[127.29631487,37.46753579],[127.29706077,37.46916955],[127.29846279,37.47050143],[127.30035182,37.47137076],[127.3025,37.47167268]]]]},"geometry_name":"ag_geom","properties":{"zone_type":"초경량비행장치공역(UA)","layer":"lt_c_aisuac","name":"TOECHON","upper":"TOECHON","lower":"TOECHON","color":"#388e3c","dist_km":278.18},"bbox":[127.29631487,37.46166065,127.30868513,37.47167268]},{"type":"Feature","id":"lt_c_aisuac.21","geometry":{"type":"MultiPolygon","coordinates":[[[[127.35083333,36.65111111],[127.35305556,36.65055556],[127.35166667,36.64722222],[127.34972222,36.64777778],[127.35083333,36.65111111]]]]},"geometry_name":"ag_geom","properties":{"zone_type":"초경량비행장치공역(UA)","layer":"lt_c_aisuac","name":"BYEONCHEON-CHEON","upper":"BYEONCHEON-CHEON","lower":"BYEONCHEON-CHEON","color":"#388e3c","dist_km":196.47},"bbox":[127.34972222,36.64722222,127.35305556,36.65111111]},{"type":"Feature","id":"lt_c_aisuac.22","geometry":{"type":"MultiPolygon","coordinates":[[[[127.34666667,36.61944444],[127.35138889,36.61805556],[127.34694444,36.61],[127.3425,36.61388889],[127.34666667,36.61944444]]]]},"geometry_name":"ag_geom","properties":{"zone_type":"초경량비행장치공역(UA)","layer":"lt_c_aisuac","name":"MIHO-CHEON","upper":"MIHO-CHEON","lower":"MIHO-CHEON","color":"#388e3c","dist_km":193.29},"bbox":[127.3425,36.61,127.35138889,36.61944444]},{"type":"Feature","id":"lt_c_aisuac.23","geometry":{"type":"MultiPolygon","coordinates":[[[[129.16305556,35.52472222],[129.16583333,35.52444444],[129.16694444,35.525],[129.1675,35.52388889],[129.16694444,35.52333333],[129.16277778,35.52361111],[129.16305556,35.52472222]]]]},"geometry_name":"ag_geom","properties":{"zone_type":"초경량비행장치공역(UA)","layer":"lt_c_aisuac","name":"ULJU","upper":"ULJU","lower":"ULJU","color":"#388e3c","dist_km":67.26},"bbox":[129.16277778,35.52333333,129.1675,35.525]},{"type":"Feature","id":"lt_c_aisuac.24","geometry":{"type":"MultiPolygon","coordinates":[[[[128.44416142,35.84349877],[128.44433428,35.84348575],[128.44450069,35.84344552],[128.44465427,35.84337963],[128.44478911,35.84329061],[128.44490003,35.84318189],[128.44498276,35.84305763],[128.44503414,35.84292262],[128.44505217,35.84278204],[128.44503618,35.8426413],[128.44498677,35.84250581],[128.44490585,35.84238076],[128.44479652,35.84227098],[128.44466298,35.84218066],[128.44451038,35.8421133],[128.44434456,35.84207147],[128.44417191,35.84205678],[128.44399906,35.8420698],[128.44383265,35.84211003],[128.44367907,35.84217592],[128.44354423,35.84226494],[128.44343331,35.84237366],[128.44335058,35.84249792],[128.4432992,35.84263293],[128.44328116,35.8427735],[128.44329715,35.84291424],[128.44334656,35.84304974],[128.44342748,35.84317479],[128.44353681,35.84328458],[128.44367034,35.84337489],[128.44382295,35.84344225],[128.44398877,35.84348408],[128.44416142,35.84349877]]]]},"geometry_name":"ag_geom","properties":{"zone_type":"초경량비행장치공역(UA)","layer":"lt_c_aisuac","name":"GORYEONG","upper":"GORYEONG","lower":"GORYEONG","color":"#388e3c","dist_km":74.25},"bbox":[128.44328116,35.84205678,128.44505217,35.84349877]},{"type":"Feature","id":"lt_c_aisuac.25","geometry":{"type":"MultiPolygon","coordinates":[[[[126.8825,35.915],[126.89416667,35.91611111],[126.90555556,35.91027778],[126.90222222,35.90555556],[126.89194444,35.91083333],[126.88444444,35.90972222],[126.8825,35.915]]]]},"geometry_name":"ag_geom","properties":{"zone_type":"초경량비행장치공역(UA)","layer":"lt_c_aisuac","name":"GIMJE","upper":"GIMJE","lower":"GIMJE","color":"#388e3c","dist_km":170.53},"bbox":[126.8825,35.90555556,126.90555556,35.91611111]},{"type":"Feature","id":"lt_c_aisuac.26","geometry":{"type":"MultiPolygon","coordinates":[[[[127.39055556,36.465],[127.4075,36.46583333],[127.41083333,36.45277778],[127.385,36.45194444],[127.39055556,36.465]]]]},"geometry_name":"ag_geom","properties":{"zone_type":"초경량비행장치공역(UA)","layer":"lt_c_aisuac","name":"DAEJEON","upper":"DAEJEON","lower":"DAEJEON","color":"#388e3c","dist_km":175.66},"bbox":[127.385,36.45194444,127.41083333,36.46583333]},{"type":"Feature","id":"lt_c_aisuac.27","geometry":{"type":"MultiPolygon","coordinates":[[[[126.86114744,35.22151982],[126.8611225,35.22160577],[126.86111848,35.22169406],[126.86113553,35.22178129],[126.86117298,35.22186412],[126.86122941,35.22193936],[126.86130264,35.22200412],[126.86138986,35.22205591],[126.86148772,35.22209275],[126.86159246,35.22211321],[126.86170004,35.22211651],[126.86180635,35.22210252],[126.86190729,35.22207178],[126.86199898,35.22202548],[126.8620779,35.22196538],[126.86214101,35.22189381],[126.8621859,35.22181351],[126.86221083,35.22172756],[126.86221485,35.22163927],[126.86219781,35.22155204],[126.86216035,35.22146921],[126.86210392,35.22139397],[126.86203069,35.22132921],[126.86194347,35.22127742],[126.86184561,35.22124058],[126.86174087,35.22122012],[126.86163329,35.22121682],[126.86152698,35.22123081],[126.86142605,35.22126155],[126.86133436,35.22130785],[126.86125544,35.22136795],[126.86119232,35.22143952],[126.86114744,35.22151982]]]]},"geometry_name":"ag_geom","properties":{"zone_type":"초경량비행장치공역(UA)","layer":"lt_c_aisuac","name":"GWANGJU","upper":"GWANGJU","lower":"GWANGJU","color":"#388e3c","dist_km":153.98},"bbox":[126.86111848,35.22121682,126.86221485,35.22211651]},{"type":"Feature","id":"lt_c_aisuac.28","geometry":{"type":"MultiPolygon","coordinates":[[[[128.46083333,37.17666667],[128.4625,37.17527778],[128.46194444,37.17472222],[128.46027778,37.17611111],[128.46083333,37.17666667]]]]},"geometry_name":"ag_geom","properties":{"zone_type":"초경량비행장치공역(UA)","layer":"lt_c_aisuac","name":"YEONGWOL","upper":"YEONGWOL","lower":"YEONGWOL","color":"#388e3c","dist_km":222.09},"bbox":[128.46027778,37.17472222,128.4625,37.17666667]},{"type":"Feature","id":"lt_c_aisuac.29","geometry":{"type":"MultiPolygon","coordinates":[[[[126.30555556,33.3825471],[126.30768543,33.38248326],[126.30980444,33.38229208],[126.31190178,33.38197453],[126.31396675,33.38153223],[126.31598883,33.38096743],[126.3179577,33.38028302],[126.31986332,33.37948249],[126.32169598,33.37856992],[126.32344633,33.37754995],[126.32510545,33.3764278],[126.32666489,33.37520919],[126.32811669,33.37390032],[126.32945346,33.37250788],[126.33066838,33.37103896],[126.33175528,33.36950104],[126.33270862,33.36790198],[126.33352354,33.36624992],[126.33419591,33.36455329],[126.33472229,33.36282073],[126.33510001,33.36106106],[126.33532717,33.35928327],[126.33540261,33.35749641],[126.33532595,33.35570959],[126.33509761,33.3539319],[126.33471874,33.35217242],[126.33419128,33.3504401],[126.33351795,33.34874376],[126.33270216,33.34709206],[126.33174809,33.34549341],[126.33066061,33.34395594],[126.32944525,33.34248749],[126.32810822,33.34109554],[126.32665634,33.33978717],[126.32509699,33.33856906],[126.32343813,33.33744741],[126.3216882,33.33642791],[126.31985613,33.33551578],[126.31795124,33.33471565],[126.31598323,33.3340316],[126.31396213,33.33346711],[126.31189823,33.33302505],[126.30980203,33.33270767],[126.30768421,33.3325166],[126.30555556,33.3324528],[126.3034269,33.3325166],[126.30130908,33.33270767],[126.29921288,33.33302505],[126.29714898,33.33346711],[126.29512788,33.3340316],[126.29315987,33.33471565],[126.29125498,33.33551578],[126.28942291,33.33642791],[126.28767298,33.33744741],[126.28601412,33.33856906],[126.28445477,33.33978717],[126.28300289,33.34109554],[126.28166586,33.34248749],[126.2804505,33.34395594],[126.27936302,33.34549341],[126.27840895,33.34709206],[126.27759316,33.34874376],[126.27691983,33.3504401],[126.27639237,33.35217242],[126.2760135,33.3539319],[126.27578516,33.35570959],[126.2757085,33.35749641],[126.27578394,33.35928327],[126.2760111,33.36106106],[126.27638882,33.36282073],[126.2769152,33.36455329],[126.27758757,33.36624992],[126.27840249,33.36790198],[126.27935583,33.36950104],[126.28044273,33.37103896],[126.28165765,33.37250788],[126.28299442,33.37390032],[126.28444622,33.37520919],[126.28600566,33.3764278],[126.28766478,33.37754995],[126.28941513,33.37856992],[126.29124779,33.37948249],[126.29315341,33.38028302],[126.29512228,33.38096743],[126.29714436,33.38153223],[126.29920933,33.38197453],[126.30130667,33.38229208],[126.30342568,33.38248326],[126.30555556,33.3825471]]]]},"geometry_name":"ag_geom","properties":{"zone_type":"초경량비행장치공역(UA)","layer":"lt_c_aisuac","name":"GUMAK","upper":"GUMAK","lower":"GUMAK","color":"#388e3c","dist_km":285.44},"bbox":[126.2757085,33.3324528,126.33540261,33.3825471]},{"type":"Feature","id":"lt_c_aisuac.30","geometry":{"type":"MultiPolygon","coordinates":[[[[128.37833333,37.01256424],[128.3805743,37.01253196],[128.38281237,37.01243514],[128.38504465,37.01227392],[128.38726827,37.0120485],[128.38948035,37.01175917],[128.39167804,37.01140631],[128.39385849,37.01099037],[128.39601889,37.0105119],[128.39815645,37.0099715],[128.40026841,37.00936988],[128.40235205,37.00870781],[128.40440467,37.00798614],[128.40642363,37.00720582],[128.40840632,37.00636785],[128.41035017,37.0054733],[128.41225269,37.00452334],[128.41411142,37.00351918],[128.41592396,37.00246214],[128.41768796,37.00135356],[128.41940117,37.00019489],[128.42106136,36.99898762],[128.4226664,36.9977333],[128.42421421,36.99643356],[128.42570281,36.99509007],[128.42713028,36.99370457],[128.42849477,36.99227884],[128.42979453,36.99081473],[128.43102788,36.98931412],[128.43219324,36.98777896],[128.43328911,36.98621121],[128.43431408,36.98461291],[128.43526683,36.98298612],[128.43614614,36.98133292],[128.43695087,36.97965547],[128.43768,36.97795592],[128.43833258,36.97623646],[128.43890779,36.97449931],[128.43940488,36.97274671],[128.43982323,36.97098092],[128.44016229,36.96920421],[128.44042163,36.96741889],[128.44060093,36.96562725],[128.44069996,36.96383159],[128.4407186,36.96203424],[128.44065683,36.96023751],[128.44051473,36.95844372],[128.4402925,36.95665517],[128.43999042,36.95487418],[128.4396089,36.95310304],[128.43914842,36.95134403],[128.43860959,36.94959941],[128.4379931,36.94787144],[128.43729976,36.94616234],[128.43653047,36.94447431],[128.43568621,36.94280953],[128.43476809,36.94117014],[128.43377728,36.93955825],[128.43271508,36.93797594],[128.43158284,36.93642525],[128.43038204,36.93490817],[128.42911423,36.93342665],[128.42778103,36.93198261],[128.42638418,36.93057791],[128.42492547,36.92921434],[128.42340678,36.92789367],[128.42183007,36.92661759],[128.42019738,36.92538776],[128.4185108,36.92420575],[128.41677252,36.92307308],[128.41498476,36.92199121],[128.41314984,36.92096153],[128.41127011,36.91998538],[128.409348,36.919064],[128.40738599,36.91819858],[128.40538659,36.91739023],[128.40335238,36.91664],[128.40128598,36.91594884],[128.39919005,36.91531766],[128.39706728,36.91474726],[128.39492042,36.91423837],[128.39275221,36.91379165],[128.39056545,36.91340767],[128.38836296,36.91308694],[128.38614757,36.91282985],[128.38392212,36.91263675],[128.38168948,36.91250787],[128.37945253,36.91244339],[128.37721414,36.91244339],[128.37497718,36.91250787],[128.37274454,36.91263675],[128.3705191,36.91282985],[128.3683037,36.91308694],[128.36610121,36.91340767],[128.36391446,36.91379165],[128.36174625,36.91423837],[128.35959938,36.91474726],[128.35747662,36.91531766],[128.35538069,36.91594884],[128.35331429,36.91664],[128.35128008,36.91739023],[128.34928068,36.91819858],[128.34731866,36.919064],[128.34539655,36.91998538],[128.34351683,36.92096153],[128.3416819,36.92199121],[128.33989415,36.92307308],[128.33815586,36.92420575],[128.33646929,36.92538776],[128.33483659,36.92661759],[128.33325989,36.92789367],[128.3317412,36.92921434],[128.33028249,36.93057791],[128.32888563,36.93198261],[128.32755244,36.93342665],[128.32628462,36.93490817],[128.32508382,36.93642525],[128.32395159,36.93797594],[128.32288938,36.93955825],[128.32189858,36.94117014],[128.32098045,36.94280953],[128.3201362,36.94447431],[128.3193669,36.94616234],[128.31867356,36.94787144],[128.31805708,36.94959941],[128.31751825,36.95134403],[128.31705777,36.95310304],[128.31667624,36.95487418],[128.31637417,36.95665517],[128.31615193,36.95844372],[128.31600984,36.96023751],[128.31594807,36.96203424],[128.3159667,36.96383159],[128.31606573,36.96562725],[128.31624503,36.96741889],[128.31650438,36.96920421],[128.31684344,36.97098092],[128.31726178,36.97274671],[128.31775888,36.97449931],[128.31833408,36.97623646],[128.31898667,36.97795592],[128.3197158,36.97965547],[128.32052053,36.98133292],[128.32139984,36.98298612],[128.32235259,36.98461291],[128.32337755,36.98621121],[128.32447342,36.98777896],[128.32563879,36.98931412],[128.32687214,36.99081473],[128.3281719,36.99227884],[128.32953639,36.99370457],[128.33096385,36.99509007],[128.33245245,36.99643356],[128.33400027,36.9977333],[128.33560531,36.99898762],[128.3372655,37.00019489],[128.3389787,37.00135356],[128.34074271,37.00246214],[128.34255525,37.00351918],[128.34441397,37.00452334],[128.34631649,37.0054733],[128.34826035,37.00636785],[128.35024304,37.00720582],[128.352262,37.00798614],[128.35431462,37.00870781],[128.35639826,37.00936988],[128.35851022,37.0099715],[128.36064778,37.0105119],[128.36280818,37.01099037],[128.36498863,37.01140631],[128.36718631,37.01175917],[128.36939839,37.0120485],[128.37162201,37.01227392],[128.3738543,37.01243514],[128.37609237,37.01253196],[128.37833333,37.01256424]]]]},"geometry_name":"ag_geom","properties":{"zone_type":"초경량비행장치공역(UA)","layer":"lt_c_aisuac","name":"DANYANG","upper":"DANYANG","lower":"DANYANG","color":"#388e3c","dist_km":193.37},"bbox":[128.31594807,36.91244339,128.4407186,37.01256424]},{"type":"Feature","id":"lt_c_aisuac.31","geometry":{"type":"MultiPolygon","coordinates":[[[[127.14333333,35.76785247],[127.14553886,35.76782018],[127.14774153,35.76772335],[127.14993851,35.7675621],[127.15212696,35.76733664],[127.15430406,35.76704726],[127.15646699,35.76669433],[127.15861296,35.76627832],[127.1607392,35.76579976],[127.16284296,35.76525926],[127.16492153,35.76465753],[127.16697223,35.76399534],[127.1689924,35.76327355],[127.17097944,35.76249308],[127.17293079,35.76165495],[127.17484393,35.76076024],[127.17671639,35.7598101],[127.17854575,35.75880577],[127.18032965,35.75774852],[127.18206579,35.75663974],[127.18375194,35.75548086],[127.18538592,35.75427336],[127.18696561,35.7530188],[127.188489,35.75171882],[127.1899541,35.75037507],[127.19135904,35.74898931],[127.19270201,35.74756331],[127.19398127,35.74609892],[127.19519518,35.74459802],[127.19634217,35.74306256],[127.19742077,35.74149451],[127.1984296,35.73989589],[127.19936735,35.73826878],[127.20023282,35.73661526],[127.20102489,35.73493747],[127.20174256,35.73323758],[127.20238489,35.73151778],[127.20295108,35.72978028],[127.20344038,35.72802732],[127.20385218,35.72626117],[127.20418595,35.72448411],[127.20444126,35.72269842],[127.20461779,35.7209064],[127.20471532,35.71911037],[127.20473373,35.71731265],[127.204673,35.71551554],[127.20453321,35.71372137],[127.20431455,35.71193245],[127.2040173,35.71015108],[127.20364186,35.70837956],[127.20318871,35.70662017],[127.20265844,35.70487517],[127.20205175,35.70314683],[127.2013694,35.70143736],[127.2006123,35.69974896],[127.19978142,35.69808381],[127.19887783,35.69644406],[127.19790271,35.69483182],[127.19685731,35.69324916],[127.19574298,35.69169812],[127.19456117,35.69018069],[127.19331339,35.68869885],[127.19200126,35.68725448],[127.19062647,35.68584945],[127.1891908,35.68448557],[127.18769609,35.6831646],[127.18614428,35.68188824],[127.18453735,35.68065812],[127.1828774,35.67947583],[127.18116654,35.6783429],[127.17940699,35.67726078],[127.17760101,35.67623087],[127.17575094,35.67525449],[127.17385914,35.67433289],[127.17192806,35.67346727],[127.16996019,35.67265873],[127.16795805,35.67190832],[127.16592423,35.67121701],[127.16386134,35.67058567],[127.16177204,35.67001513],[127.15965901,35.66950613],[127.15752498,35.6690593],[127.15537269,35.66867524],[127.15320491,35.66835442],[127.15102443,35.66809728],[127.14883405,35.66790413],[127.1466366,35.66777522],[127.14443489,35.66771073],[127.14223177,35.66771073],[127.14003007,35.66777522],[127.13783262,35.66790413],[127.13564224,35.66809728],[127.13346176,35.66835442],[127.13129398,35.66867524],[127.12914169,35.6690593],[127.12700765,35.66950613],[127.12489463,35.67001513],[127.12280532,35.67058567],[127.12074243,35.67121701],[127.11870861,35.67190832],[127.11670648,35.67265873],[127.1147386,35.67346727],[127.11280753,35.67433289],[127.11091573,35.67525449],[127.10906565,35.67623087],[127.10725968,35.67726078],[127.10550013,35.6783429],[127.10378927,35.67947583],[127.10212931,35.68065812],[127.10052239,35.68188824],[127.09897057,35.6831646],[127.09747587,35.68448557],[127.09604019,35.68584945],[127.09466541,35.68725448],[127.09335328,35.68869885],[127.0921055,35.69018069],[127.09092368,35.69169812],[127.08980936,35.69324916],[127.08876396,35.69483182],[127.08778883,35.69644406],[127.08688525,35.69808381],[127.08605436,35.69974896],[127.08529726,35.70143736],[127.08461492,35.70314683],[127.08400822,35.70487517],[127.08347795,35.70662017],[127.0830248,35.70837956],[127.08264936,35.71015108],[127.08235212,35.71193245],[127.08213345,35.71372137],[127.08199367,35.71551554],[127.08193293,35.71731265],[127.08195134,35.71911037],[127.08204887,35.7209064],[127.0822254,35.72269842],[127.08248072,35.72448411],[127.08281449,35.72626117],[127.08322628,35.72802732],[127.08371559,35.72978028],[127.08428177,35.73151778],[127.08492411,35.73323758],[127.08564177,35.73493747],[127.08643385,35.73661526],[127.08729932,35.73826878],[127.08823707,35.73989589],[127.08924589,35.74149451],[127.0903245,35.74306256],[127.09147149,35.74459802],[127.0926854,35.74609892],[127.09396466,35.74756331],[127.09530762,35.74898931],[127.09671256,35.75037507],[127.09817767,35.75171882],[127.09970105,35.7530188],[127.10128075,35.75427336],[127.10291473,35.75548086],[127.10460087,35.75663974],[127.10633702,35.75774852],[127.10812092,35.75880577],[127.10995028,35.7598101],[127.11182273,35.76076024],[127.11373587,35.76165495],[127.11568722,35.76249308],[127.11767427,35.76327355],[127.11969444,35.76399534],[127.12174514,35.76465753],[127.12382371,35.76525926],[127.12592747,35.76579976],[127.12805371,35.76627832],[127.13019968,35.76669433],[127.13236261,35.76704726],[127.1345397,35.76733664],[127.13672816,35.7675621],[127.13892514,35.76772335],[127.14112781,35.76782018],[127.14333333,35.76785247]]]]},"geometry_name":"ag_geom","properties":{"zone_type":"초경량비행장치공역(UA)","layer":"lt_c_aisuac","name":"GYEONGGAKSAN","upper":"GYEONGGAKSAN","lower":"GYEONGGAKSAN","color":"#388e3c","dist_km":135.97},"bbox":[127.08193293,35.66771073,127.20473373,35.76785247]},{"type":"Feature","id":"lt_c_aisuac.32","geometry":{"type":"MultiPolygon","coordinates":[[[[126.81388889,36.46472222],[126.81555556,36.46555556],[126.81638889,36.46472222],[126.81445827,36.46388889],[126.81388889,36.46472222]]]]},"geometry_name":"ag_geom","properties":{"zone_type":"초경량비행장치공역(UA)","layer":"lt_c_aisuac","name":"CHEONGYANG","upper":"CHEONGYANG","lower":"CHEONGYANG","color":"#388e3c","dist_km":213.09},"bbox":[126.81388889,36.46388889,126.81638889,36.46555556]},{"type":"Feature","id":"lt_c_aisuac.33","geometry":{"type":"MultiPolygon","coordinates":[[[[127.86722222,36.4475],[127.86777778,36.44861111],[127.86888889,36.44833333],[127.86805556,36.44722222],[127.86722222,36.4475]]]]},"geometry_name":"ag_geom","properties":{"zone_type":"초경량비행장치공역(UA)","layer":"lt_c_aisuac","name":"BOEUN","upper":"BOEUN","lower":"BOEUN","color":"#388e3c","dist_km":154.14},"bbox":[127.86722222,36.44722222,127.86888889,36.44861111]},{"type":"Feature","id":"lt_c_aisuac.34","geometry":{"type":"MultiPolygon","coordinates":[[[[126.9,36.28222222],[126.90111111,36.28194444],[126.90083333,36.28111111],[126.89972222,36.28166667],[126.9,36.28222222]]]]},"geometry_name":"ag_geom","properties":{"zone_type":"초경량비행장치공역(UA)","layer":"lt_c_aisuac","name":"BUYEO","upper":"BUYEO","lower":"BUYEO","color":"#388e3c","dist_km":193.94},"bbox":[126.89972222,36.28111111,126.90111111,36.28222222]},{"type":"Feature","id":"lt_c_aisuac.35","geometry":{"type":"MultiPolygon","coordinates":[[[[127.78138889,37.865],[127.7825,37.86583333],[127.78333333,37.86472222],[127.78166667,37.86444444],[127.78138889,37.865]]]]},"geometry_name":"ag_geom","properties":{"zone_type":"초경량비행장치공역(UA)","layer":"lt_c_aisuac","name":"CHUNCHEON","upper":"CHUNCHEON","lower":"CHUNCHEON","color":"#388e3c","dist_km":306.86},"bbox":[127.78138889,37.86444444,127.78333333,37.86583333]},{"type":"Feature","id":"lt_c_aisuac.36","geometry":{"type":"MultiPolygon","coordinates":[[[[128.80388889,35.36472222],[128.805,35.36444444],[128.805,35.36333333],[128.80388889,35.36361111],[128.80388889,35.36472222]]]]},"geometry_name":"ag_geom","properties":{"zone_type":"초경량비행장치공역(UA)","layer":"lt_c_aisuac","name":"GIMHAE2","upper":"GIMHAE2","lower":"GIMHAE2","color":"#388e3c","dist_km":30.5},"bbox":[128.80388889,35.36333333,128.805,35.36472222]},{"type":"Feature","id":"lt_c_aisuac.37","geometry":{"type":"MultiPolygon","coordinates":[[[[128.21444444,36.60416667],[128.21527778,36.60472222],[128.21638889,36.60361111],[128.21555556,36.60305556],[128.21444444,36.60416667]]]]},"geometry_name":"ag_geom","properties":{"zone_type":"초경량비행장치공역(UA)","layer":"lt_c_aisuac","name":"MUNGYEONG","upper":"MUNGYEONG","lower":"MUNGYEONG","color":"#388e3c","dist_km":161.26},"bbox":[128.21444444,36.60305556,128.21638889,36.60472222]},{"type":"Feature","id":"lt_c_aisuac.38","geometry":{"type":"MultiPolygon","coordinates":[[[[127.95972222,35.06194444],[127.96111111,35.06166667],[127.96083333,35.06083333],[127.95944444,35.06111111],[127.95972222,35.06194444]]]]},"geometry_name":"ag_geom","properties":{"zone_type":"초경량비행장치공역(UA)","layer":"lt_c_aisuac","name":"SACHEON","upper":"SACHEON","lower":"SACHEON","color":"#388e3c","dist_km":55.54},"bbox":[127.95944444,35.06083333,127.96111111,35.06194444]},{"type":"Feature","id":"lt_c_aisuac.39","geometry":{"type":"MultiPolygon","coordinates":[[[[128.92416667,35.97055556],[128.92527778,35.97],[128.92416667,35.96861111],[128.92305556,35.96888889],[128.92416667,35.97055556]]]]},"geometry_name":"ag_geom","properties":{"zone_type":"초경량비행장치공역(UA)","layer":"lt_c_aisuac","name":"YEONGCHEON","upper":"YEONGCHEON","lower":"YEONGCHEON","color":"#388e3c","dist_km":93.91},"bbox":[128.92305556,35.96861111,128.92527778,35.97055556]},{"type":"Feature","id":"lt_c_aisuac.40","geometry":{"type":"MultiPolygon","coordinates":[[[[128.16194444,35.15861111],[128.16305556,35.15833333],[128.1625,35.15722222],[128.16166667,35.1575],[128.16194444,35.15861111]]]]},"geometry_name":"ag_geom","properties":{"zone_type":"초경량비행장치공역(UA)","layer":"lt_c_aisuac","name":"JINJU","upper":"JINJU","lower":"JINJU","color":"#388e3c","dist_km":35.64},"bbox":[128.16166667,35.15722222,128.16305556,35.15861111]},{"type":"Feature","id":"lt_c_aisuac.41","geometry":{"type":"MultiPolygon","coordinates":[[[[127.10111111,35.76694444],[127.10222222,35.76694444],[127.10222222,35.76555556],[127.10111111,35.76555556],[127.10111111,35.76694444]]]]},"geometry_name":"ag_geom","properties":{"zone_type":"초경량비행장치공역(UA)","layer":"lt_c_aisuac","name":"JEONJU","upper":"JEONJU","lower":"JEONJU","color":"#388e3c","dist_km":147.23},"bbox":[127.10111111,35.76555556,127.10222222,35.76694444]},{"type":"Feature","id":"lt_c_aisuac.42","geometry":{"type":"MultiPolygon","coordinates":[[[[127.4825,35.82277778],[127.48361111,35.82277778],[127.48361111,35.82138889],[127.4825,35.82138889],[127.4825,35.82277778]]]]},"geometry_name":"ag_geom","properties":{"zone_type":"초경량비행장치공역(UA)","layer":"lt_c_aisuac","name":"JINAN","upper":"JINAN","lower":"JINAN","color":"#388e3c","dist_km":120.67},"bbox":[127.4825,35.82138889,127.48361111,35.82277778]},{"type":"Feature","id":"lt_c_aisuac.43","geometry":{"type":"MultiPolygon","coordinates":[[[[129.37972222,36.91722222],[129.38,36.91722222],[129.37972222,36.91666667],[129.37916667,36.91694444],[129.37972222,36.91722222]]]]},"geometry_name":"ag_geom","properties":{"zone_type":"초경량비행장치공역(UA)","layer":"lt_c_aisuac","name":"ULJIN","upper":"ULJIN","lower":"ULJIN","color":"#388e3c","dist_km":207.3},"bbox":[129.37916667,36.91666667,129.38,36.91722222]},{"type":"Feature","id":"lt_c_aisuac.44","geometry":{"type":"MultiPolygon","coordinates":[[[[128.3825,35.03613261],[128.38466419,35.03601343],[128.38678973,35.03565803],[128.38883869,35.03507274],[128.39077449,35.03426802],[128.39256257,35.03325823],[128.39417101,35.0320614],[128.39557111,35.03069889],[128.39673789,35.02919503],[128.39765053,35.02757667],[128.39829277,35.02587267],[128.39865315,35.02411346],[128.39872527,35.02233044],[128.39850785,35.02055542],[128.39800479,35.01882007],[128.39722509,35.01715536],[128.39618267,35.01559099],[128.39489615,35.01415488],[128.39338849,35.01287263],[128.39168659,35.01176713],[128.38982083,35.01085809],[128.38782448,35.01016174],[128.38573315,35.00969048],[128.38358416,35.00945273],[128.38141584,35.00945273],[128.37926685,35.00969048],[128.37717552,35.01016174],[128.37517917,35.01085809],[128.37331341,35.01176713],[128.37161151,35.01287263],[128.37010385,35.01415488],[128.36881733,35.01559099],[128.36777491,35.01715536],[128.36699521,35.01882007],[128.36649215,35.02055542],[128.36627473,35.02233044],[128.36634685,35.02411346],[128.36670723,35.02587267],[128.36734946,35.02757667],[128.36826211,35.02919503],[128.36942889,35.03069889],[128.37082899,35.0320614],[128.37243743,35.03325823],[128.37422551,35.03426802],[128.37616131,35.03507274],[128.37821027,35.03565803],[128.38033581,35.03601343],[128.3825,35.03613261]]]]},"geometry_name":"ag_geom","properties":{"zone_type":"초경량비행장치공역(UA)","layer":"lt_c_aisuac","name":"GOSUNG","upper":"GOSUNG","lower":"GOSUNG","color":"#388e3c","dist_km":22.05},"bbox":[128.36627473,35.00945273,128.39872527,35.03613261]},{"type":"Feature","id":"lt_c_aisuac.45","geometry":{"type":"MultiPolygon","coordinates":[[[[128.46861111,37.22228469],[128.47085826,37.22225241],[128.47310252,37.22215559],[128.47534097,37.22199437],[128.47757073,37.22176896],[128.47978892,37.22147964],[128.48199267,37.22112679],[128.48417914,37.22071087],[128.48634551,37.22023241],[128.48848897,37.21969203],[128.49060677,37.21909042],[128.49269616,37.21842837],[128.49475445,37.21770673],[128.49677898,37.21692643],[128.49876714,37.21608848],[128.50071636,37.21519397],[128.50262413,37.21424403],[128.50448798,37.21323991],[128.50630552,37.2121829],[128.5080744,37.21107436],[128.50979233,37.20991572],[128.5114571,37.20870849],[128.51306656,37.20745421],[128.51461864,37.20615451],[128.51611134,37.20481107],[128.51754274,37.20342561],[128.51891099,37.20199993],[128.52021433,37.20053587],[128.52145108,37.19903531],[128.52261965,37.19750019],[128.52371853,37.1959325],[128.52474632,37.19433425],[128.52570169,37.19270751],[128.52658341,37.19105437],[128.52739036,37.18937697],[128.52812148,37.18767748],[128.52877586,37.18595808],[128.52935264,37.18422099],[128.5298511,37.18246845],[128.53027058,37.18070272],[128.53061057,37.17892608],[128.53087062,37.17714081],[128.5310504,37.17534923],[128.53114969,37.17355364],[128.53116837,37.17175635],[128.53110642,37.16995969],[128.53096392,37.16816596],[128.53074106,37.16637748],[128.53043814,37.16459655],[128.53005555,37.16282547],[128.5295938,37.16106652],[128.52905347,37.15932197],[128.52843528,37.15759407],[128.52774002,37.15588503],[128.52696859,37.15419706],[128.526122,37.15253234],[128.52520134,37.15089302],[128.52420779,37.14928119],[128.52314265,37.14769894],[128.52200729,37.14614831],[128.52080318,37.14463128],[128.51953186,37.14314982],[128.51819499,37.14170584],[128.51679428,37.14030118],[128.51533155,37.13893767],[128.51380867,37.13761705],[128.51222761,37.13634103],[128.51059042,37.13511124],[128.5088992,37.13392927],[128.50715612,37.13279665],[128.50536344,37.13171482],[128.50352346,37.13068519],[128.50163856,37.12970907],[128.49971115,37.12878773],[128.49774373,37.12792234],[128.49573883,37.12711403],[128.49369902,37.12636382],[128.49162693,37.1256727],[128.48952523,37.12504154],[128.48739662,37.12447116],[128.48524384,37.12396229],[128.48306967,37.12351559],[128.4808769,37.12313163],[128.47866834,37.12281091],[128.47644685,37.12255383],[128.47421528,37.12236074],[128.4719765,37.12223187],[128.46973339,37.12216739],[128.46748883,37.12216739],[128.46524572,37.12223187],[128.46300694,37.12236074],[128.46077537,37.12255383],[128.45855388,37.12281091],[128.45634532,37.12313163],[128.45415255,37.12351559],[128.45197838,37.12396229],[128.4498256,37.12447116],[128.44769699,37.12504154],[128.44559529,37.1256727],[128.4435232,37.12636382],[128.44148339,37.12711403],[128.43947849,37.12792234],[128.43751107,37.12878773],[128.43558366,37.12970907],[128.43369876,37.13068519],[128.43185878,37.13171482],[128.4300661,37.13279665],[128.42832303,37.13392927],[128.4266318,37.13511124],[128.42499461,37.13634103],[128.42341355,37.13761705],[128.42189068,37.13893767],[128.42042794,37.14030118],[128.41902723,37.14170584],[128.41769036,37.14314982],[128.41641904,37.14463128],[128.41521493,37.14614831],[128.41407957,37.14769894],[128.41301443,37.14928119],[128.41202089,37.15089302],[128.41110022,37.15253234],[128.41025363,37.15419706],[128.40948221,37.15588503],[128.40878695,37.15759407],[128.40816875,37.15932197],[128.40762842,37.16106652],[128.40716667,37.16282547],[128.40678408,37.16459655],[128.40648116,37.16637748],[128.4062583,37.16816596],[128.4061158,37.16995969],[128.40605385,37.17175635],[128.40607253,37.17355364],[128.40617182,37.17534923],[128.4063516,37.17714081],[128.40661165,37.17892608],[128.40695164,37.18070272],[128.40737112,37.18246845],[128.40786958,37.18422099],[128.40844636,37.18595808],[128.40910074,37.18767748],[128.40983187,37.18937697],[128.41063881,37.19105437],[128.41152053,37.19270751],[128.4124759,37.19433425],[128.41350369,37.1959325],[128.41460257,37.19750019],[128.41577114,37.19903531],[128.41700789,37.20053587],[128.41831123,37.20199993],[128.41967948,37.20342561],[128.42111088,37.20481107],[128.42260358,37.20615451],[128.42415566,37.20745421],[128.42576513,37.20870849],[128.4274299,37.20991572],[128.42914783,37.21107436],[128.4309167,37.2121829],[128.43273424,37.21323991],[128.43459809,37.21424403],[128.43650586,37.21519397],[128.43845508,37.21608848],[128.44044324,37.21692643],[128.44246778,37.21770673],[128.44452607,37.21842837],[128.44661545,37.21909042],[128.44873325,37.21969203],[128.45087671,37.22023241],[128.45304308,37.22071087],[128.45522955,37.22112679],[128.4574333,37.22147964],[128.45965149,37.22176896],[128.46188125,37.22199437],[128.4641197,37.22215559],[128.46636396,37.22225241],[128.46861111,37.22228469]]]]},"geometry_name":"ag_geom","properties":{"zone_type":"초경량비행장치공역(UA)","layer":"lt_c_aisuac","name":"YEONGWOL2","upper":"YEONGWOL2","lower":"YEONGWOL2","color":"#388e3c","dist_km":216.21},"bbox":[128.40605385,37.12216739,128.53116837,37.22228469]},{"type":"Feature","id":"lt_c_aisuac.46","geometry":{"type":"MultiPolygon","coordinates":[[[[127.80194444,36.59786986],[127.80416049,36.59781073],[127.80636683,36.59763359],[127.80855381,36.59733922],[127.81071186,36.59692891],[127.81283154,36.59640445],[127.81490356,36.59576815],[127.81691886,36.59502277],[127.81886862,36.5941716],[127.82074431,36.59321834],[127.82253772,36.59216718],[127.82424101,36.59102272],[127.82584672,36.58978996],[127.82734784,36.58847429],[127.8287378,36.58708148],[127.83001053,36.58561762],[127.83116046,36.58408912],[127.83218257,36.58250265],[127.8330724,36.58086517],[127.83382606,36.57918383],[127.83444026,36.57746599],[127.83491234,36.57571917],[127.83524022,36.57395099],[127.8354225,36.57216921],[127.83545837,36.5703816],[127.8353477,36.56859599],[127.83509098,36.56682018],[127.83468934,36.56506194],[127.83414455,36.56332895],[127.83345899,36.56162879],[127.83263568,36.5599689],[127.83167822,36.55835652],[127.8305908,36.55679871],[127.82937819,36.55530227],[127.82804569,36.55387374],[127.82659914,36.55251937],[127.82504484,36.55124508],[127.82338962,36.55005642],[127.82164069,36.5489586],[127.81980571,36.54795642],[127.8178927,36.54705425],[127.81591001,36.54625603],[127.81386631,36.54556525],[127.81177053,36.54498492],[127.80963183,36.54451759],[127.80745955,36.5441653],[127.80526317,36.54392958],[127.8030523,36.54381146],[127.80083659,36.54381146],[127.79862572,36.54392958],[127.79642934,36.5441653],[127.79425706,36.54451759],[127.79211836,36.54498492],[127.79002258,36.54556525],[127.78797888,36.54625603],[127.78599619,36.54705425],[127.78408318,36.54795642],[127.7822482,36.5489586],[127.78049927,36.55005642],[127.77884404,36.55124508],[127.77728975,36.55251937],[127.77584319,36.55387374],[127.77451069,36.55530227],[127.77329808,36.55679871],[127.77221067,36.55835652],[127.77125321,36.5599689],[127.7704299,36.56162879],[127.76974434,36.56332895],[127.76919955,36.56506194],[127.76879791,36.56682018],[127.76854119,36.56859599],[127.76843052,36.5703816],[127.76846639,36.57216921],[127.76864867,36.57395099],[127.76897655,36.57571917],[127.76944862,36.57746599],[127.77006283,36.57918383],[127.77081649,36.58086517],[127.77170632,36.58250265],[127.77272843,36.58408912],[127.77387836,36.58561762],[127.77515109,36.58708148],[127.77654105,36.58847429],[127.77804216,36.58978996],[127.77964788,36.59102272],[127.78135117,36.59216718],[127.78314458,36.59321834],[127.78502026,36.5941716],[127.78697003,36.59502277],[127.78898533,36.59576815],[127.79105735,36.59640445],[127.79317703,36.59692891],[127.79533508,36.59733922],[127.79752206,36.59763359],[127.7997284,36.59781073],[127.80194444,36.59786986]]]]},"geometry_name":"ag_geom","properties":{"zone_type":"초경량비행장치공역(UA)","layer":"lt_c_aisuac","name":"BOEUN2","upper":"BOEUN2","lower":"BOEUN2","color":"#388e3c","dist_km":166.14},"bbox":[127.76843052,36.54381146,127.83545837,36.59786986]},{"type":"Feature","id":"lt_c_aisuac.47","geometry":{"type":"MultiPolygon","coordinates":[[[[126.62361111,37.57777778],[126.6275,37.57944444],[126.62722222,37.58194444],[126.63277778,37.58611111],[126.63972222,37.585],[126.64666667,37.57888889],[126.64666667,37.57166667],[126.66305556,37.57277778],[126.66333333,37.56972222],[126.65472222,37.56861111],[126.645,37.56583333],[126.63527778,37.56416667],[126.62972222,37.56277778],[126.625,37.55916667],[126.62416667,37.56611111],[126.62361111,37.57777778]]]]},"geometry_name":"ag_geom","properties":{"zone_type":"초경량비행장치공역(UA)","layer":"lt_c_aisuac","name":"INCHEON","upper":"INCHEON","lower":"INCHEON","color":"#388e3c","dist_km":316.69},"bbox":[126.62361111,37.55916667,126.66333333,37.58611111]},{"type":"Feature","id":"lt_c_aisuac.48","geometry":{"type":"MultiPolygon","coordinates":[[[[128.13861111,36.24277948],[128.14082575,36.24273976],[128.14303604,36.24262069],[128.14523766,36.24242249],[128.14742628,36.24214557],[128.14959763,36.24179045],[128.15174743,36.24135783],[128.15387148,36.24084857],[128.15596562,36.24026367],[128.15802573,36.23960426],[128.16004778,36.23887164],[128.16202782,36.23806725],[128.16396195,36.23719267],[128.16584638,36.2362496],[128.16767744,36.2352399],[128.16945152,36.23416555],[128.17116516,36.23302864],[128.172815,36.23183142],[128.1743978,36.23057623],[128.17591048,36.22926552],[128.17735007,36.22790186],[128.17871374,36.22648793],[128.17999885,36.2250265],[128.18120286,36.22352043],[128.18232343,36.22197267],[128.18335837,36.22038625],[128.18430565,36.21876428],[128.18516343,36.21710995],[128.18593002,36.21542648],[128.18660394,36.21371717],[128.18718387,36.21198538],[128.18766869,36.21023449],[128.18805744,36.20846794],[128.18834937,36.20668918],[128.18854392,36.20490169],[128.18864072,36.20310898],[128.18863958,36.20131455],[128.18854051,36.19952192],[128.18834371,36.19773459],[128.18804957,36.19595607],[128.18765868,36.19418984],[128.1871718,36.19243934],[128.1865899,36.19070801],[128.18591412,36.18899924],[128.18514579,36.18731636],[128.18428642,36.18566268],[128.18333769,36.18404142],[128.18230147,36.18245575],[128.18117978,36.18090879],[128.17997484,36.17940355],[128.17868899,36.17794298],[128.17732476,36.17652994],[128.17588482,36.17516719],[128.174372,36.17385739],[128.17278924,36.17260311],[128.17113966,36.17140679],[128.16942647,36.17027079],[128.16765303,36.16919731],[128.16582282,36.16818846],[128.1639394,36.16724621],[128.16200647,36.1663724],[128.16002781,36.16556874],[128.15800728,36.1648368],[128.15594883,36.16417802],[128.1538565,36.16359368],[128.15173436,36.16308491],[128.14958657,36.16265273],[128.14741734,36.16229796],[128.14523088,36.16202131],[128.14303149,36.16182332],[128.14082346,36.16170437],[128.13861111,36.16166469],[128.13639876,36.16170437],[128.13419073,36.16182332],[128.13199134,36.16202131],[128.12980489,36.16229796],[128.12763565,36.16265273],[128.12548786,36.16308491],[128.12336572,36.16359368],[128.12127339,36.16417802],[128.11921494,36.1648368],[128.11719441,36.16556874],[128.11521575,36.1663724],[128.11328282,36.16724621],[128.1113994,36.16818846],[128.10956919,36.16919731],[128.10779575,36.17027079],[128.10608257,36.17140679],[128.10443298,36.17260311],[128.10285022,36.17385739],[128.1013374,36.17516719],[128.09989746,36.17652994],[128.09853323,36.17794298],[128.09724738,36.17940355],[128.09604244,36.18090879],[128.09492075,36.18245575],[128.09388453,36.18404142],[128.09293581,36.18566268],[128.09207643,36.18731636],[128.0913081,36.18899924],[128.09063232,36.19070801],[128.09005042,36.19243934],[128.08956355,36.19418984],[128.08917265,36.19595607],[128.08887851,36.19773459],[128.08868171,36.19952192],[128.08858264,36.20131455],[128.0885815,36.20310898],[128.0886783,36.20490169],[128.08887285,36.20668918],[128.08916478,36.20846794],[128.08955353,36.21023449],[128.09003835,36.21198538],[128.09061828,36.21371717],[128.0912922,36.21542648],[128.09205879,36.21710995],[128.09291657,36.21876428],[128.09386385,36.22038625],[128.09489879,36.22197267],[128.09601936,36.22352043],[128.09722337,36.2250265],[128.09850848,36.22648793],[128.09987215,36.22790186],[128.10131174,36.22926552],[128.10282442,36.23057623],[128.10440722,36.23183142],[128.10605706,36.23302864],[128.1077707,36.23416555],[128.10954478,36.2352399],[128.11137584,36.2362496],[128.11326028,36.23719267],[128.1151944,36.23806725],[128.11717444,36.23887164],[128.11919649,36.23960426],[128.1212566,36.24026367],[128.12335074,36.24084857],[128.12547479,36.24135783],[128.12762459,36.24179045],[128.12979594,36.24214557],[128.13198456,36.24242249],[128.13418618,36.24262069],[128.13639648,36.24273976],[128.13861111,36.24277948]]]]},"geometry_name":"ag_geom","properties":{"zone_type":"초경량비행장치공역(UA)","layer":"lt_c_aisuac","name":"GIMCHEON","upper":"GIMCHEON","lower":"GIMCHEON","color":"#388e3c","dist_km":115.27},"bbox":[128.0885815,36.16166469,128.18864072,36.24277948]},{"type":"Feature","id":"lt_c_aisdronezone.1","geometry":{"type":"MultiPolygon","coordinates":[[[[127.20583333,34.71127843],[127.20801079,34.71126227],[127.21018753,34.7112138],[127.21236287,34.71113303],[127.2145361,34.71101998],[127.21670651,34.71087471],[127.21887341,34.71069724],[127.22103609,34.71048764],[127.22319385,34.71024598],[127.225346,34.70997233],[127.22749184,34.70966679],[127.22963067,34.70932945],[127.2317618,34.70896042],[127.23388455,34.70855983],[127.23599823,34.70812779],[127.23810216,34.70766445],[127.24019565,34.70716996],[127.24227802,34.70664448],[127.24434861,34.70608819],[127.24640675,34.70550125],[127.24845177,34.70488386],[127.250483,34.70423622],[127.2524998,34.70355853],[127.25450151,34.70285103],[127.25648748,34.70211393],[127.25845708,34.70134748],[127.26040966,34.70055191],[127.2623446,34.6997275],[127.26426126,34.69887451],[127.26615904,34.6979932],[127.26803732,34.69708387],[127.26989549,34.69614682],[127.27173295,34.69518233],[127.27354911,34.69419074],[127.27534338,34.69317234],[127.27711518,34.69212749],[127.27886395,34.6910565],[127.28058911,34.68995974],[127.28229011,34.68883754],[127.28396641,34.68769029],[127.28561745,34.68651834],[127.28724271,34.68532207],[127.28884167,34.68410188],[127.29041381,34.68285815],[127.29195862,34.68159129],[127.2934756,34.68030171],[127.29496427,34.67898982],[127.29642415,34.67765605],[127.29785476,34.67630083],[127.29925565,34.6749246],[127.30062636,34.67352779],[127.30196645,34.67211087],[127.3032755,34.67067429],[127.30455307,34.66921851],[127.30579877,34.667744],[127.30701218,34.66625124],[127.30819293,34.66474072],[127.30934062,34.66321292],[127.3104549,34.66166832],[127.31153539,34.66010744],[127.31258177,34.65853078],[127.31359368,34.65693884],[127.31457081,34.65533214],[127.31551284,34.65371119],[127.31641947,34.65207653],[127.31729041,34.65042867],[127.31812538,34.64876815],[127.31892411,34.64709551],[127.31968636,34.64541128],[127.32041186,34.64371601],[127.3211004,34.64201025],[127.32175175,34.64029454],[127.32236571,34.63856944],[127.32294207,34.63683551],[127.32348066,34.6350933],[127.3239813,34.63334338],[127.32444384,34.63158631],[127.32486812,34.62982266],[127.32525402,34.62805299],[127.32560142,34.62627788],[127.32591019,34.62449791],[127.32618025,34.62271363],[127.32641151,34.62092564],[127.32660389,34.6191345],[127.32675735,34.61734079],[127.32687183,34.6155451],[127.32694729,34.61374799],[127.32698372,34.61195006],[127.32698111,34.61015187],[127.32693946,34.60835401],[127.32685878,34.60655706],[127.32673911,34.60476159],[127.32658049,34.60296819],[127.32638296,34.60117743],[127.3261466,34.59938989],[127.32587148,34.59760614],[127.32555769,34.59582677],[127.32520535,34.59405234],[127.32481456,34.59228342],[127.32438545,34.59052059],[127.32391817,34.58876441],[127.32341286,34.58701545],[127.32286969,34.58527427],[127.32228884,34.58354143],[127.3216705,34.58181748],[127.32101487,34.580103],[127.32032216,34.57839852],[127.3195926,34.57670459],[127.31882642,34.57502176],[127.31802388,34.57335058],[127.31718523,34.57169157],[127.31631075,34.57004528],[127.31540072,34.56841223],[127.31445543,34.56679295],[127.31347519,34.56518796],[127.31246032,34.56359778],[127.31141115,34.56202291],[127.31032802,34.56046387],[127.30921127,34.55892116],[127.30806126,34.55739526],[127.30687838,34.55588668],[127.305663,34.5543959],[127.30441551,34.55292339],[127.30313632,34.55146964],[127.30182584,34.55003511],[127.30048449,34.54862025],[127.29911271,34.54722553],[127.29771094,34.5458514],[127.29627963,34.54449828],[127.29481923,34.54316663],[127.29333024,34.54185687],[127.29181311,34.54056942],[127.29026835,34.53930469],[127.28869645,34.53806309],[127.28709791,34.53684502],[127.28547325,34.53565087],[127.283823,34.53448103],[127.28214769,34.53333586],[127.28044785,34.53221575],[127.27872403,34.53112104],[127.27697679,34.53005209],[127.27520669,34.52900925],[127.2734143,34.52799284],[127.27160019,34.5270032],[127.26976496,34.52604065],[127.26790918,34.52510548],[127.26603346,34.52419801],[127.2641384,34.52331853],[127.26222461,34.52246731],[127.26029271,34.52164463],[127.25834331,34.52085076],[127.25637704,34.52008595],[127.25439454,34.51935044],[127.25239645,34.51864447],[127.25038339,34.51796828],[127.24835603,34.51732207],[127.24631501,34.51670605],[127.24426098,34.51612042],[127.24219462,34.51556538],[127.24011658,34.51504109],[127.23802752,34.51454773],[127.23592813,34.51408545],[127.23381907,34.5136544],[127.23170103,34.51325473],[127.22957468,34.51288655],[127.22744071,34.51255],[127.22529979,34.51224517],[127.22315263,34.51197216],[127.2209999,34.51173107],[127.21884231,34.51152196],[127.21668053,34.51134492],[127.21451527,34.51119998],[127.21234723,34.5110872],[127.21017709,34.51100662],[127.20800556,34.51095826],[127.20583333,34.51094214],[127.2036611,34.51095826],[127.20148957,34.51100662],[127.19931944,34.5110872],[127.19715139,34.51119998],[127.19498614,34.51134492],[127.19282436,34.51152196],[127.19066677,34.51173107],[127.18851404,34.51197216],[127.18636687,34.51224517],[127.18422596,34.51255],[127.18209199,34.51288655],[127.17996564,34.51325473],[127.17784759,34.5136544],[127.17573854,34.51408545],[127.17363914,34.51454773],[127.17155009,34.51504109],[127.16947205,34.51556538],[127.16740568,34.51612042],[127.16535166,34.51670605],[127.16331064,34.51732207],[127.16128328,34.51796828],[127.15927022,34.51864447],[127.15727212,34.51935044],[127.15528962,34.52008595],[127.15332336,34.52085076],[127.15137396,34.52164463],[127.14944205,34.52246731],[127.14752826,34.52331853],[127.14563321,34.52419801],[127.14375749,34.52510548],[127.14190171,34.52604065],[127.14006648,34.5270032],[127.13825237,34.52799284],[127.13645998,34.52900925],[127.13468988,34.53005209],[127.13294264,34.53112104],[127.13121882,34.53221575],[127.12951898,34.53333586],[127.12784366,34.53448103],[127.12619341,34.53565087],[127.12456876,34.53684502],[127.12297022,34.53806309],[127.12139832,34.53930469],[127.11985355,34.54056942],[127.11833643,34.54185687],[127.11684743,34.54316663],[127.11538704,34.54449828],[127.11395573,34.5458514],[127.11255396,34.54722553],[127.11118217,34.54862025],[127.10984083,34.55003511],[127.10853035,34.55146964],[127.10725115,34.55292339],[127.10600367,34.5543959],[127.10478829,34.55588668],[127.1036054,34.55739526],[127.1024554,34.55892116],[127.10133865,34.56046387],[127.10025552,34.56202291],[127.09920634,34.56359778],[127.09819147,34.56518796],[127.09721124,34.56679295],[127.09626595,34.56841223],[127.09535592,34.57004528],[127.09448143,34.57169157],[127.09364279,34.57335058],[127.09284024,34.57502176],[127.09207407,34.57670459],[127.09134451,34.57839852],[127.0906518,34.580103],[127.08999617,34.58181748],[127.08937783,34.58354143],[127.08879698,34.58527427],[127.08825381,34.58701545],[127.0877485,34.58876441],[127.08728122,34.59052059],[127.08685211,34.59228342],[127.08646132,34.59405234],[127.08610897,34.59582677],[127.08579519,34.59760614],[127.08552007,34.59938989],[127.08528371,34.60117743],[127.08508618,34.60296819],[127.08492755,34.60476159],[127.08480788,34.60655706],[127.08472721,34.60835401],[127.08468555,34.61015187],[127.08468294,34.61195006],[127.08471937,34.61374799],[127.08479484,34.6155451],[127.08490932,34.61734079],[127.08506277,34.6191345],[127.08525516,34.62092564],[127.08548642,34.62271363],[127.08575648,34.62449791],[127.08606525,34.62627788],[127.08641264,34.62805299],[127.08679854,34.62982266],[127.08722283,34.63158631],[127.08768537,34.63334338],[127.08818601,34.6350933],[127.0887246,34.63683551],[127.08930096,34.63856944],[127.08991492,34.64029454],[127.09056627,34.64201025],[127.09125481,34.64371601],[127.09198031,34.64541128],[127.09274255,34.64709551],[127.09354129,34.64876815],[127.09437626,34.65042867],[127.0952472,34.65207653],[127.09615383,34.65371119],[127.09709586,34.65533214],[127.09807299,34.65693884],[127.0990849,34.65853078],[127.10013127,34.66010744],[127.10121177,34.66166832],[127.10232605,34.66321292],[127.10347374,34.66474072],[127.10465448,34.66625124],[127.1058679,34.667744],[127.10711359,34.66921851],[127.10839117,34.67067429],[127.10970021,34.67211087],[127.11104031,34.67352779],[127.11241102,34.6749246],[127.11381191,34.67630083],[127.11524252,34.67765605],[127.11670239,34.67898982],[127.11819106,34.68030171],[127.11970805,34.68159129],[127.12125286,34.68285815],[127.12282499,34.68410188],[127.12442395,34.68532207],[127.12604922,34.68651834],[127.12770026,34.68769029],[127.12937656,34.68883754],[127.13107756,34.68995974],[127.13280272,34.6910565],[127.13455149,34.69212749],[127.13632329,34.69317234],[127.13811756,34.69419074],[127.13993372,34.69518233],[127.14177118,34.69614682],[127.14362935,34.69708387],[127.14550762,34.6979932],[127.1474054,34.69887451],[127.14932207,34.6997275],[127.15125701,34.70055191],[127.15320959,34.70134748],[127.15517918,34.70211393],[127.15716516,34.70285103],[127.15916687,34.70355853],[127.16118367,34.70423622],[127.1632149,34.70488386],[127.16525992,34.70550125],[127.16731805,34.70608819],[127.16938864,34.70664448],[127.17147102,34.70716996],[127.17356451,34.70766445],[127.17566843,34.70812779],[127.17778211,34.70855983],[127.17990486,34.70896042],[127.182036,34.70932945],[127.18417483,34.70966679],[127.18632067,34.70997233],[127.18847282,34.71024598],[127.19063058,34.71048764],[127.19279326,34.71069724],[127.19496015,34.71087471],[127.19713057,34.71101998],[127.19930379,34.71113303],[127.20147913,34.7112138],[127.20365588,34.71126227],[127.20583333,34.71127843]]]]},"geometry_name":"ag_geom","properties":{"zone_type":"드론전용구역","layer":"lt_c_aisdronezone","name":"고흥 (Goheung)","upper":"고흥 (Goheung)","lower":"고흥 (Goheung)","color":"#1976d2","dist_km":127.03},"bbox":[127.08468294,34.51094214,127.32698372,34.71127843]},{"type":"Feature","id":"lt_c_aisdronezone.2","geometry":{"type":"MultiPolygon","coordinates":[[[[128.37277778,35.69643904],[128.37497447,35.69639089],[128.37716482,35.69624659],[128.37934251,35.69600655],[128.38150124,35.69567147],[128.38363479,35.69524231],[128.385737,35.69472031],[128.3878018,35.69410698],[128.38982324,35.69340409],[128.39179547,35.69261367],[128.3937128,35.691738],[128.39556972,35.6907796],[128.39736084,35.68974124],[128.39908102,35.68862593],[128.40072529,35.68743688],[128.4022889,35.68617751],[128.40376735,35.68485147],[128.40515638,35.68346258],[128.40645198,35.68201485],[128.40765042,35.68051245],[128.40874825,35.67895973],[128.4097423,35.67736116],[128.41062972,35.67572134],[128.41140795,35.67404502],[128.41207475,35.67233703],[128.41262822,35.67060229],[128.41306674,35.66884581],[128.41338909,35.66707265],[128.41359432,35.66528793],[128.41368185,35.66349679],[128.41365145,35.6617044],[128.4135032,35.65991592],[128.41323755,35.65813651],[128.41285526,35.65637131],[128.41235744,35.65462539],[128.41174555,35.6529038],[128.41102134,35.65121149],[128.41018692,35.64955334],[128.40924468,35.64793414],[128.40819737,35.64635854],[128.40704799,35.64483108],[128.40579988,35.64335617],[128.40445662,35.64193806],[128.40302209,35.64058084],[128.40150044,35.6392884],[128.39989604,35.63806449],[128.39821353,35.63691261],[128.39645775,35.63583609],[128.39463377,35.63483804],[128.39274683,35.63392132],[128.39080239,35.63308858],[128.38880603,35.63234221],[128.38676351,35.63168436],[128.38468071,35.63111694],[128.38256364,35.63064156],[128.38041838,35.63025961],[128.37825112,35.62997218],[128.3760681,35.6297801],[128.37387561,35.62968392],[128.37167995,35.62968392],[128.36948745,35.6297801],[128.36730443,35.62997218],[128.36513717,35.63025961],[128.36299192,35.63064156],[128.36087484,35.63111694],[128.35879205,35.63168436],[128.35674953,35.63234221],[128.35475317,35.63308858],[128.35280872,35.63392132],[128.35092179,35.63483804],[128.3490978,35.63583609],[128.34734202,35.63691261],[128.34565951,35.63806449],[128.34405512,35.6392884],[128.34253346,35.64058084],[128.34109894,35.64193806],[128.33975568,35.64335617],[128.33850756,35.64483108],[128.33735819,35.64635854],[128.33631087,35.64793414],[128.33536864,35.64955334],[128.33453422,35.65121149],[128.33381001,35.6529038],[128.33319811,35.65462539],[128.3327003,35.65637131],[128.33231801,35.65813651],[128.33205235,35.65991592],[128.33190411,35.6617044],[128.3318737,35.66349679],[128.33196124,35.66528793],[128.33216647,35.66707265],[128.33248881,35.66884581],[128.33292734,35.67060229],[128.3334808,35.67233703],[128.3341476,35.67404502],[128.33492583,35.67572134],[128.33581325,35.67736116],[128.33680731,35.67895973],[128.33790513,35.68051245],[128.33910357,35.68201485],[128.34039918,35.68346258],[128.3417882,35.68485147],[128.34326665,35.68617751],[128.34483027,35.68743688],[128.34647453,35.68862593],[128.34819471,35.68974124],[128.34998584,35.6907796],[128.35184275,35.691738],[128.35376009,35.69261367],[128.35573232,35.69340409],[128.35775375,35.69410698],[128.35981855,35.69472031],[128.36192076,35.69524231],[128.36405432,35.69567147],[128.36621305,35.69600655],[128.36839074,35.69624659],[128.37058109,35.69639089],[128.37277778,35.69643904]]]]},"geometry_name":"ag_geom","properties":{"zone_type":"드론전용구역","layer":"lt_c_aisdronezone","name":"대구","upper":"대구","lower":"대구","color":"#1976d2","dist_km":52.41},"bbox":[128.3318737,35.62968392,128.41368185,35.69643904]},{"type":"Feature","id":"lt_c_aisdronezone.3","geometry":{"type":"MultiPolygon","coordinates":[[[[127.0925,35.77613594],[127.09467717,35.77604136],[127.09682966,35.77575869],[127.09893307,35.77529114],[127.10096354,35.77464401],[127.10289806,35.77382462],[127.1047147,35.77284229],[127.10639288,35.77170813],[127.10791357,35.770435],[127.10925955,35.76903734],[127.11041557,35.767531],[127.11136854,35.76593303],[127.11210766,35.76426155],[127.11262459,35.76253551],[127.11291346,35.76077446],[127.11297104,35.75899837],[127.11279667,35.75722734],[127.11239235,35.75548146],[127.11176268,35.75378049],[127.1109148,35.75214371],[127.10985833,35.75058965],[127.10860525,35.74913593],[127.10716976,35.74779901],[127.10556812,35.74659402],[127.1038185,35.74553462],[127.10194069,35.7446328],[127.09995598,35.74389878],[127.09788684,35.74334086],[127.0957567,35.74296537],[127.09358968,35.74277655],[127.09141032,35.74277655],[127.0892433,35.74296537],[127.08711316,35.74334086],[127.08504402,35.74389878],[127.08305931,35.7446328],[127.0811815,35.74553462],[127.07943188,35.74659402],[127.07783024,35.74779901],[127.07639475,35.74913593],[127.07514167,35.75058965],[127.0740852,35.75214371],[127.07323732,35.75378049],[127.07260765,35.75548146],[127.07220333,35.75722734],[127.07202896,35.75899837],[127.07208654,35.76077446],[127.07237541,35.76253551],[127.07289234,35.76426155],[127.07363146,35.76593303],[127.07458443,35.767531],[127.07574045,35.76903734],[127.07708643,35.770435],[127.07860712,35.77170813],[127.0802853,35.77284229],[127.08210194,35.77382462],[127.08403646,35.77464401],[127.08606693,35.77529114],[127.08817034,35.77575869],[127.09032283,35.77604136],[127.0925,35.77613594]]]]},"geometry_name":"ag_geom","properties":{"zone_type":"드론전용구역","layer":"lt_c_aisdronezone","name":"전주","upper":"전주","lower":"전주","color":"#1976d2","dist_km":145.86},"bbox":[127.07202896,35.74277655,127.11297104,35.77613594]},{"type":"Feature","id":"lt_c_aisdronezone.4","geometry":{"type":"MultiPolygon","coordinates":[[[[127.78496667,35.03935362],[127.78714075,35.03931004],[127.78930966,35.03917943],[127.79146826,35.03896207],[127.79361142,35.0386585],[127.79573405,35.03826943],[127.79783111,35.03779579],[127.79989761,35.0372387],[127.80192865,35.03659948],[127.80391942,35.03587966],[127.80586517,35.03508093],[127.8077613,35.03420521],[127.80960329,35.03325456],[127.81138679,35.03223125],[127.81310756,35.03113771],[127.8147615,35.02997653],[127.81634471,35.02875046],[127.81785342,35.02746243],[127.81928405,35.02611548],[127.82063322,35.02471282],[127.82189773,35.02325777],[127.82307457,35.0217538],[127.82416096,35.02020446],[127.82515433,35.01861343],[127.82605232,35.0169845],[127.8268528,35.01532153],[127.8275539,35.01362846],[127.82815394,35.01190931],[127.82865151,35.01016816],[127.82904544,35.00840914],[127.82933479,35.00663643],[127.82951889,35.00485423],[127.82959731,35.00306676],[127.82956987,35.00127828],[127.82943665,34.99949301],[127.82919795,34.9977152],[127.82885437,34.99594905],[127.82840671,34.99419877],[127.82785605,34.99246849],[127.8272037,34.99076233],[127.8264512,34.98908432],[127.82560037,34.98743844],[127.8246532,34.98582861],[127.82361196,34.98425862],[127.82247912,34.98273221],[127.82125737,34.98125299],[127.81994961,34.97982447],[127.81855895,34.97845003],[127.81708867,34.97713294],[127.81554228,34.9758763],[127.81392343,34.97468311],[127.81223598,34.97355618],[127.81048391,34.97249819],[127.80867138,34.97151165],[127.8068027,34.97059888],[127.80488228,34.96976206],[127.80291468,34.96900317],[127.80090456,34.968324],[127.79885668,34.96772617],[127.79677591,34.96721108],[127.79466715,34.96677997],[127.79253542,34.96643384],[127.79038576,34.96617353],[127.78822327,34.96599965],[127.78605306,34.9659126],[127.78388028,34.9659126],[127.78171007,34.96599965],[127.77954757,34.96617353],[127.77739791,34.96643384],[127.77526618,34.96677997],[127.77315743,34.96721108],[127.77107665,34.96772617],[127.76902877,34.968324],[127.76701866,34.96900317],[127.76505106,34.96976206],[127.76313064,34.97059888],[127.76126195,34.97151165],[127.75944942,34.97249819],[127.75769736,34.97355618],[127.7560099,34.97468311],[127.75439105,34.9758763],[127.75284466,34.97713294],[127.75137439,34.97845003],[127.74998372,34.97982447],[127.74867596,34.98125299],[127.74745421,34.98273221],[127.74632137,34.98425862],[127.74528013,34.98582861],[127.74433297,34.98743844],[127.74348213,34.98908432],[127.74272964,34.99076233],[127.74207729,34.99246849],[127.74152662,34.99419877],[127.74107897,34.99594905],[127.74073538,34.9977152],[127.74049669,34.99949301],[127.74036346,35.00127828],[127.74033602,35.00306676],[127.74041444,35.00485423],[127.74059854,35.00663643],[127.7408879,35.00840914],[127.74128182,35.01016816],[127.74177939,35.01190931],[127.74237944,35.01362846],[127.74308053,35.01532153],[127.74388102,35.0169845],[127.74477901,35.01861343],[127.74577237,35.02020446],[127.74685876,35.0217538],[127.74803561,35.02325777],[127.74930011,35.02471282],[127.75064928,35.02611548],[127.75207991,35.02746243],[127.75358862,35.02875046],[127.75517183,35.02997653],[127.75682578,35.03113771],[127.75854654,35.03223125],[127.76033004,35.03325456],[127.76217204,35.03420521],[127.76406816,35.03508093],[127.76601392,35.03587966],[127.76800468,35.03659948],[127.77003572,35.0372387],[127.77210223,35.03779579],[127.77419928,35.03826943],[127.77632191,35.0386585],[127.77846507,35.03896207],[127.78062367,35.03917943],[127.78279259,35.03931004],[127.78496667,35.03935362]]]]},"geometry_name":"ag_geom","properties":{"zone_type":"드론전용구역","layer":"lt_c_aisdronezone","name":"광양","upper":"광양","lower":"광양","color":"#1976d2","dist_km":68.66},"bbox":[127.74033602,34.9659126,127.82959731,35.03935362]},{"type":"Feature","id":"lt_c_aisdronezone.5","geometry":{"type":"MultiPolygon","coordinates":[[[[126.30861111,33.3180808],[126.31073187,33.31796159],[126.31281477,33.31760609],[126.31482262,33.31702064],[126.31671958,33.3162157],[126.31847179,33.31520564],[126.32004797,33.31400848],[126.32142,33.3126456],[126.32256338,33.31114133],[126.32345774,33.30952252],[126.32408711,33.30781805],[126.32444029,33.30605835],[126.32451098,33.30427483],[126.32429794,33.30249931],[126.32380499,33.30076347],[126.32304094,33.29909829],[126.32201944,33.29753347],[126.32075873,33.29609694],[126.31928131,33.29481433],[126.31761354,33.29370851],[126.31578518,33.29279921],[126.31382885,33.29210265],[126.31177945,33.29163126],[126.30967354,33.29139344],[126.30754868,33.29139344],[126.30544277,33.29163126],[126.30339337,33.29210265],[126.30143704,33.29279921],[126.29960868,33.29370851],[126.29794091,33.29481433],[126.29646349,33.29609694],[126.29520278,33.29753347],[126.29418128,33.29909829],[126.29341723,33.30076347],[126.29292428,33.30249931],[126.29271124,33.30427483],[126.29278193,33.30605835],[126.29313511,33.30781805],[126.29376448,33.30952252],[126.29465884,33.31114133],[126.29580223,33.3126456],[126.29717425,33.31400848],[126.29875043,33.31520564],[126.30050264,33.3162157],[126.3023996,33.31702064],[126.30440745,33.31760609],[126.30649035,33.31796159],[126.30861111,33.3180808]]]]},"geometry_name":"ag_geom","properties":{"zone_type":"드론전용구역","layer":"lt_c_aisdronezone","name":"서귀포","upper":"서귀포","lower":"서귀포","color":"#1976d2","dist_km":290.7},"bbox":[126.29271124,33.29139344,126.32451098,33.3180808]},{"type":"Feature","id":"lt_c_aisdronezone.6","geometry":{"type":"MultiPolygon","coordinates":[[[[128.7775,36.25888889],[128.78944444,36.23805556],[128.75916667,36.22666667],[128.76388889,36.21888889],[128.70722222,36.19694444],[128.69055556,36.22472222],[128.7775,36.25888889]]]]},"geometry_name":"ag_geom","properties":{"zone_type":"드론전용구역","layer":"lt_c_aisdronezone","name":"의성","upper":"의성","lower":"의성","color":"#1976d2","dist_km":113.94},"bbox":[128.69055556,36.19694444,128.78944444,36.25888889]},{"type":"Feature","id":"lt_c_aisdronezone.7","geometry":{"type":"MultiPolygon","coordinates":[[[[126.76181667,37.2913],[126.78474167,37.2913],[126.7861,37.25081667],[126.7546,37.25013333],[126.74663333,37.26013333],[126.74653333,37.27685],[126.76181667,37.2913]]]]},"geometry_name":"ag_geom","properties":{"zone_type":"드론전용구역","layer":"lt_c_aisdronezone","name":"화성","upper":"화성","lower":"화성","color":"#1976d2","dist_km":280.99},"bbox":[126.74653333,37.25013333,126.7861,37.2913]},{"type":"Feature","id":"lt_c_aisdronezone.8","geometry":{"type":"MultiPolygon","coordinates":[[[[129.14910152,35.09477098],[129.14945862,35.09382851],[129.15017065,35.09212845],[129.15080795,35.09040847],[129.1513697,35.08867079],[129.15185517,35.08691765],[129.15226376,35.08515132],[129.15259492,35.08337407],[129.15284825,35.08158819],[129.15302343,35.07979599],[129.15312022,35.07799977],[129.15313851,35.07620186],[129.15307829,35.07440456],[129.15293964,35.07261019],[129.15272273,35.07082108],[129.15242786,35.06903951],[129.15205541,35.0672678],[129.15160586,35.06550822],[129.1510798,35.06376303],[129.15047791,35.0620345],[129.14980098,35.06032484],[129.14904987,35.05863625],[129.14822556,35.05697092],[129.14732912,35.05533098],[129.14636171,35.05371856],[129.14532456,35.05213572],[129.14421904,35.0505845],[129.14304656,35.0490669],[129.14180863,35.04758489],[129.14050685,35.04614035],[129.13914291,35.04473516],[129.13771856,35.04337113],[129.13623564,35.04205],[129.13469606,35.04077349],[129.13310181,35.03954323],[129.13145493,35.0383608],[129.12975756,35.03722774],[129.12801188,35.03614549],[129.12622013,35.03511546],[129.12438463,35.03413896],[129.12250773,35.03321725],[129.12059186,35.03235152],[129.11863949,35.03154289],[129.11665311,35.03079239],[129.11463531,35.03010099],[129.09222222,35.07666667],[129.14910152,35.09477098]]]]},"geometry_name":"ag_geom","properties":{"zone_type":"드론전용구역","layer":"lt_c_aisdronezone","name":"부산","upper":"부산","lower":"부산","color":"#1976d2","dist_km":50.35},"bbox":[129.09222222,35.03010099,129.15313851,35.09477098]}]}